companyName,datePublished,ratingValue,reviewBody
Costco,2025-10-30,1,"Although I've never dealt with Acer before, I did for the first time on Tuesday 10-7-25. I won't leave a biography of what happened but my friends laptop was under a one-year warranty from Acer and Costco. Being told by Costco's warranty department to send her laptop to Acer, she'd put the laptop inside a box, bubble wrapped it and sent it a few days before my arrival. At the FedEx drop off location, that box was then put inside another box. The laptop screen had gotten colored horizontal lines across it and that's why she'd sent it in. It arrived at Acer via FedEx and the box was in a disgusting state with a broken screen. That was nothing to do with my friend. She'd completed her side of the arrangement. On the evening of Tuesday 10-7-25 I'd spent two and a half hours on the phone, partly with Costco's warranty service with a gentleman by the name of Minall (sp). This conversation went around in circles and I had to explain to him four times what the situation was. Acers rep Chris said that Acer would call back the next day. Nobody at Acer has ever called back! The sad thing about this whole story is I've never heard of anybody having an issue with a return at Costco ever and this ended up being a complete nightmare. That same evening and getting nowhere with the Costco warranty department phone call, I ended up calling somebody else in the Costco organization on behalf of my friend. That manager in a completely different state called the Costco store in Utah, where this laptop was originally purchased. I was told that there'd be no problems going back to that store with the laptop, after it had been returned from Acer. Two days later I went with my friend to this particular Costco with the laptop in a box and unopened from its return from Acer. I wasn't impressed with Travis who worked at this Costco location at all and the time that it took him to sort this simple return out. In fact it took Travis so long that in the end I called the original person who I'd spoken to at another Costco store 2 days beforehand. I then put that manager on the phone with Travis to verify with him what had been arranged. The individual in this Utah location of Costco who'd been called 2 days before and had verified to my Costco contact in another state, said there'd be 'No problems' returning the laptop. This simple message was never passed on to Travis at the return merchandise department. This was a 20 to 25 minute unnecessary ordeal and a complete waste of our time. I'll never deal with Acer again and I think their customer service stinks. As for Costco I'm very, very disappointed with this whole affair."
Costco,2025-02-08,1,Costco has some of the best products and I am there every week. I picked up some Creamy Chicken Rice soup Gluten Free last couple of month that was a absolutely great and I wanted to serve it at a party. I went back to pick up some more and they had a Gluten Free Chicken soup which I had to buy to serve. Everyone including me thought it was so so bad that we threw away. When you have something that is great why would you put something that bad in place of it.
Costco,2025-01-27,1,Costco would not install oven (installer feigned some problem) had to have it hired to be done by friend. Said he would do it for free unless we could get reimbursed. There was no problem with installation for professional. Costco would not refund money because it was done for free and we were trying to get reimbursed 'retroactively'. I told him I would get an invoice. Said what I was doing was fraud- told me the call was being recorded- about 15 times. So- trying to get the installer paid was fraud? So- my revenge- I want to get the word out that anyone having to have oven installed that you bought at Costco- they will reimburse up to $200- so tell your installer to charge you that!
Costco,2024-12-30,1,"I am writing to complain about the way I was treated at your Fort Myers branch on 10/30/2024. The cashier, Soraya, hit my merchandise, which was the food that I was going to pay for, brutally battered against the counter. I waited my turn patiently, I have the right to be treated with respect, and not as if I had bought leftover disposable products. That meal will be cooked and eaten by my family, we were doing the monthly shopping, we go once or twice up to three times a month and I can show you that we make a respectable investment for your company, or we used to. I called the manager and he didn't even apologize while Soraya continued mistreating the merchandise, like a bag of stones, the manager Raul offered me to change the cashier line, he said but that the treatment would be the same, I informed him that I did not agree with the service, that that is no way to treat food and that Soraya was not doing a good job and the proof was that Soraya added merchandise to our cart that was not ours. Raul stopped us when we were leaving because the next customer noticed the mistake. When the merchandise is on the island and in the car it is Costco items, when I, the customer, pay for it it is mine and I organize it where and how I want, your system is an insult to the food and who eats it, a lack of respect and consideration for the customer, now that their cashiers throw it in the cart and do not allow the customer to put it in their bags, is lack of courtesy, this concept is accepted in the markets because it increased the number of markets and self-checkout, for whatever reasons you want, but that concept is included. It is also based on the common sense of not putting a bag of potatoes on top of eggs or bananas, the products that need cooler together, that make sense? To you?. I usually bring my own coolers and pack of ice to preserve frozen products. My husband John witnessed the situation that day, and he was shocked and speechless, my daughter Barbara is the account holder, and I am in charge of the inventory, administration, and purchase of what is necessary, I am a chef, for the house, that is why I personally select what we are going to consume, how and when from which market. Costco is no longer on my list since I distribute my purchases among other markets where the prices are very good and the service is excellent, Trade Joe, Walmart, Publix, and occasionally Wing's, their cashiers are friendly, they are not possessed like maniacs, the clients are respected since the profits that pay their salaries depend on them, the service standards are excellent, clients enjoy the time necessary to make their purchases and the market even offers to take the merchandise to the car. Soraya's behavior is not isolated, I am tired of this type of mistreatment at Costco Naples, they do the same thing, the self-checkout has so many barriers that it is even slower, and all the controls that are carried out by the ""stealing"" customer are a pain. All the rush from the cashier is useless because the ""stealing control"" slows down after that, Costco as clients we are all suspicious, the experience is disgusting, never count on me, anymore, and I am a person who reads reviews before using a service or making a purchase because others are generous with their time and warn about bad services and in compensation I also do it, that way we all improve the lives of others, it is a small contribution. This experience was exactly two months ago, but the way they made me feel was so horrible that I couldn't let it go, the least I deserve is an apology and that's Costco's job."
Costco,2024-09-09,1,Wanted a refund on my membership that is a 100% guarantee and was denied. The staff walked away from me after harassing me to sign a form and called the cops. Costco then tells my purchases to the police so that it stays in a police report that anyone can view now Melissa Osgood decided to state to the cops that I was verbally abusing her at the Roseville Michigan store. The video recording does not have any verbal abuse I was only trespassed for not signing a form. Melissa Osgood trespassed me for not signing a form They denied me a tire warranty service after I got a screw in my tire. Omar Nezami the guy who gloats they pay him so well he can flat out buy a Mercedes offers me $200. It's great to know they pay him so well but offer me petty change after using the cops as a weapon on me. I only wonder if telling the police I was a Hispanic creating a disturbance was only to try and get a faster response. Really odd to have 6 cops to come so fast IF YOU BUY GOLD HERE BEWARE AS THEY TOLD 2 GOVERNMENT AGENCIES THAT I DID
Costco,2024-05-23,1,"The branch manager is the problem at this location. Today I experienced an example of blatant racism. It was raining and I decided to get a piece of pizza on my way out. A black man was in front of me and ordered a piece of pizza and ice cream. I am caucasian. He asked the clerk for a top for his ice cream 3 times. The clerk was 2 feet away and it was obvious he heard him, but he ignored him. I told the man my order was coming up and I would get him a top. The clerk called my number. I stepped up and said, ""first get this gentleman a top for his ice cream"". The clerk glared at me, grabbed a top and slid it across the counter to the man. He left my pizza where it was and I had to reach to get it. This isn't my first bad experience at this Costco."
Costco,2024-04-30,1,"I no longer believe Costco is superior to Sam's. I was initially thrilled when Costco opened a store near my location, but my excitement was short-lived as I discovered a few things. Firstly, Costco's website is horrible! It has to be one of the worst, if not the worst, websites I've ever encountered. It is not user-friendly at all. Secondly, Costco does not have self-check-out like Sam's. In fact, I can use my phone to scan my items without getting in the self-checkout line. And lastly, and maybe most importantly, Sam's is less expensive than Costco."
Costco,2024-04-27,1,"Costco's delivery service left me feeling cheated and frustrated. Despite paying extra for expedited shipping, my order arrived a week later than promised. Attempts to seek assistance from customer service were met with long wait times and vague responses. If you're looking for reliable delivery, Costco isn't the answer."
Costco,2024-04-23,5,"Shopping at Costco is always a delight, thanks to its unbeatable selection, quality products, and fantastic value. Whether I'm stocking up on pantry essentials, shopping for electronics, or browsing through the latest deals, Costco never fails to impress. The warehouse format allows me to explore a wide range of products under one roof, while the bulk packaging ensures that I get more bang for my buck. I appreciate Costco's commitment to offering high-quality brands and its focus on customer satisfaction, as evidenced by its generous return policy and excellent customer service. With affordable prices and a treasure trove of goodies, Costco has become my go-to destination for all my shopping needs."
Costco,2024-03-30,5,"I've had excellent experiences with the Costco Tire Center. The prices are unbeatable, especially considering the quality of tires and the included services like installation, rotation, and balancing. The staff are knowledgeable and efficient, and the wait times are usually minimal. Plus, the warranty and satisfaction guarantee provide added peace of mind."
Costco,2024-03-30,5,"I've had consistently positive experiences with the Costco Pharmacy. The pharmacists are knowledgeable and attentive, and the prescription fill times are usually fast, even during peak hours. I appreciate the convenience of being able to refill prescriptions online or via the Costco app. Plus, the prices for medications are often significantly lower compared to other pharmacies, making Costco my pharmacy of choice."
Costco,2024-03-30,5,"The Costco Bakery never disappoints with its delicious and affordable baked goods. Whether it's their famous sheet cakes, fresh bread, or decadent pastries, everything is made with high-quality ingredients and baked to perfection. The prices are unbeatable, and the portions are generous. I always make sure to pick up something from the Costco Bakery during my shopping trips."
Costco,2024-03-23,4,"Costco offers incredible value for families and individuals alike. The bulk buying options save both time and money, and the Kirkland Signature brand provides quality at a fraction of the cost. The food court's delicious and affordable meals are an added bonus. However, the membership fee may deter some shoppers"
Costco,2024-03-20,5,I was at our local Costco and I was SO happy to get the cashier I had!Emma B was so sweet! 5+ Stars!
Costco,2024-03-19,1,"Left front door OPEN, lights on, and snuck away so they didn't have to install or haul away. Absolutely disgusting company practice! Taking advantage of less fortunate family's. Costco refused to refund my money since I'm doing the haul away and the install myself with help from the neighbor."
Costco,2024-03-07,5,"Sincerely speaking I know no other places with such a big assortment and such friendly pricing. Costco has managed to become a lover for many people around the US due to its mild pricing policy and always fresh products. I shop here regularly, I assume if I would visit other stores, I would've paid way more money that I pay at Costco for the SAME PRODUCTS! So, guys, thank you very much, wish you all the best only the best!"
Costco,2024-03-05,1,"When I went to check out in the scan your own, someone ran my items for me. What is self check out if someone does it for you. You have to show your card to enter the store, show your card to enter check out lanes, scan your card before you can check out. You can't even pay with a different card even if you have someone with you who wants to gift you items, they tell you to figure it out later. When you leave the store you have to show your receipt and someone literally counts the numbers of items in your card. This was way too much. You can't get in or out without so many uses of showing your card so why have to have every item in your cart counted. There is no place to get more items once you go through the registers. Costco is way over the top on how they handle these matters. Even though I paid for a membership I will never go and shop there again."
Costco,2024-03-02,1,"Not quite sure when Costco did this as I had always use my debit card to pay. Attempted to check out online for a pick up and card was declined. However, there's a hold on my bank account. Again, attempted to check out and card was declined with another hold on my bank account. What's going on Costco? You don't take MasterCard, but for some reason you can put a hold on my account for seven days. I really question that logic. Will be cancelling my membership after this!"
Costco,2024-02-29,5,"Purchased a new Sony OLED TV. Loved the TV however... after a period of time it began freezing the picture to the point in required unplugging. After 2 factory resets sonys support got involved. There is where it all turned ""sour"" to put it lightly. They blamed it on my ""internet?"" then stated it would not be covered. How ironic... No service tech, nothing. Just a person a half a world away telling me it's my internet. After 2 days I finally contacted the Costco's team where I originally purchased my TV and they immediately took charge. Today I ordered a new TV. Definately not a sony... EVER! From Costco of coarse! I want to give a huge shootout to the Costco Nampa management team for they're diligence and help."
Costco,2024-02-25,1,"So far three orders completed online with Costco have been nightmares. First order received with somebody else's order and not mine so my time on returning the order to my local Costco store. Second order, I was unable to return it from Costco as Costco indicated I ordered from Cosco next, and they could not help me and the merchant that I ordered from indicated, my order was not returnable even though the website indicated it was returnable, third order received defective products and again my local Costco store would not assist me and now I'm having to wait four more weeks for a replacement product from costco.com Extremely unhappy with the service that Costco claims that they will provide to me as a member, but they continuously fail to show any true consumer satisfaction."
Costco,2024-02-24,1,"They must have a different hiring criteria for the pharmacy. They are RUDE. I had a script transferred to them. Kept telling me, after hours, that they had not received the script. I kept calling the doctor that was sending the script and they faxed it repeatedly. THEY, not COSTCO, finally called the pharmacy. Their fax machine wasn't working. Then they failed to text me that the script was ready after 6 hours. I really could used that inhaler since I have pneumonia. They just shrugged."
Costco,2024-02-11,1,"Oh my goodness I thought my husband stepped out on me, for the past week I had terrible burning and itching down below, first I thought I had what experience women may get and I bought some inserts to help moisturize well that helped until I used the TP again, I finally caught on when I couldn't take it any more I took a benadryl and revised from using this TP and I feel 100% better. I googled costco/Kirkland TP and found a few complaints of being allergic, some companies use chemicals to strengthen the TP so it's not as weak when it gets wet, stay away from Costco TP, I think the chemical is formaldehyde"
Costco,2024-02-05,1,"As I noticed by the years, whatever I bought in Costco was with some issues. By example, toilet paper is not the same quality as use to be for whole rolls. Taquitos rolls come with two boxes. One of them is always staffed with chicken, other one there is no chicken at all. Clothes are almost every time I purchased, miss measurement. Definitely,it's not store for the people who know products quality."
Costco,2024-02-03,1,"Costco pharmacy at Seminole, Florida sold me dangerous artheritis pain ointment that damage organs and kill. Name: Diclofenac Sodium gel. I complained to the pharmacy. They ignored me. Dr. Adel Khalifa"
Costco,2024-01-27,1,"I rate Costco 0 if that was a choose. I was humiliated, stereotyped by the cashier and manager. I am very disappointed for the lack of customer service. I had the worse customer experience today at Costco located at Vernon Blvd Astoria NY. I always order online & pay with my Master Card with no problems. I decided to actually shop in-store & after wasting 2 hours looking all over for some of the items(they didn't have everything), i waited on self checkout only to find out they don't take MC in store, but online only. I asked if they would take a personal check, & was told I had to make the line at the cashier & they will need to get a manager to approve it. I made that long line, while waiting, I asked a manager again, will they take a personal check, again they said yes but it will need to be approved. I finally get to the cashier, gave her my membership card & tell her that I'm paying by check & that I know a manager needs to approve it. A manager came over, took my check, my drivers license, my US passport card, my Costco membership card, my phone #, my address. The cashier told him in Spanish ""Mira ese cheque no tienes dirección, se ve raro"" I'll translate ""look that check doesn't have an address, it looks strange"". They were surprised when I said in Spanish, ""I have nerve had my address printed on any of my checks"". They were shocked that I spoke Spanish since my name is not a Spanish name. He then told me he will need to bring it to his boss. 15 minutes later, he comes back n tells me they are not accepting my check because my address is not in the check. I told him, I never have my address printed on none of my checks, all they had to do was confirm it with Chase to see that I have 1000 times more funds in my checking account that the lousy $233.39 that I was spending at Costco. If customer service had a brain, they would have seen my address on my license, in the Costco membership account in their computer system & that a 62 year old lady has never robbed anything in my entire life, never mind a $233.39 worth of fricking grocery's. I will never spend another cent at Costco, not online or in store. I will never recommend Costco to anyone. I am telling all my friends and family of my experience. They do not deserve my business. I wrote all this on their website feedback and I'm sure they will not do anything about it."
Costco,2024-01-22,1,"So for several years I have been buying Costco Rotisserie chicken. However the last few purchases have been kinda iffy. So today I purchased a chicken after waiting in a line for it to come out of the oven. I noticed when I was taking the meat off the bone to put in my soup there was another set of breast underneath the ones I took apart. Pretty strange, never seen this before, however this is the last Rotisserie chicken I will be purchasing from them."
Costco,2024-01-20,1,I've had a ring for a year and a half. I must have banged it and the top was bent. On the website it said no time limit for jewelry returns or exchanges. I asked to exchange my ring or a repair. They wouldn't take it back or repair it.
Costco,2024-01-17,1,Not worth buying in bulk for a few dollars cheaper when for example food products half would spoil before you can finish them
Costco,2024-01-17,1,"Costco's practice of insisting on presenting your membership card before even entering the check out line and then again upon exiting their 'warehouse' along with proof of receipt is, in my opinion, counterproductive to showing appreciation to valued customers and frankly could almost be viewed as discriminatory. It's like stereotyping all their customers as a bunch of thieves. I'll take my business elsewhere, where a feel more welcomed and like a valued customer after dropping my wad a cash. The only people who I believe appreciate this treatment are the two employees who get paid to do this asinine job!"
Costco,2024-01-16,1,"On 10/16/2023, I received a Costco's promotion by email (""Spend & Get"" Promotion, see picture attached.) According to this promotion, qualified customers (who purchased over $2,500.00 of qualifying items) will receive by email a Costco Digital Shop Card in the amount of $400.00 in 2 to 3 weeks. On the same day, I ordered two qualifying items (a big-screen TV and some meat products) totaling over $2,600.00 and received the items delivered on 10/19/2023. On 11/15/2023, 4 weeks after the day of the purchase, I emailed Costco.com to follow up on the status of the issuance of the $400.00 Shop Card but received no response. I then tried to call every phone number I could find on Costco website, emails, or in the Internet, but at all those calls I'd never been able to talk to a live agent. Worse, Costco phone systems always redirect you to their online AI ""Virtual Assistance"" which, in my opinion, has the ""I"" of a PIG for it is incapable of addressing the specifics. On or about 11/19/2023, after many hours on the phone I finally was able to speak to a live agent (""Emily"") who had no idea what the Costco's Spend & Get promotion was, and forwarded my call to another agent (""Jeannie"") who told me it might take up to 6 weeks for the shop card to be issued. On 12/8/2023, ten weeks after the day of the purchase, I tried to call back the same number (800-xxx-2678) and spoke to another agent (""Carl"") who assured me that he will submit a ""re-issue"" request and I should be receiving the card by email in 2 to 3 business days. (""Carl"" also rudely raised his voice with me when I dared to ask him why a ""re-issue"" but not an ""issue"" request since I'd never received one in the first place.) On 1/4/2024, almost 3 months from the day of the purchase, without receiving any response from Costco, I wrote its Corporate Office in Seattle a lengthy letter demanding them to address this issue. As of today 1/16/2024, exactly 3 months from the day I placed my order and despite my many hours on the phone, writing them emails and letter, all the frustration and anger I've experienced, nothing happened. Not even a single word from Costco. Like many customers of Costco, I took advantage of this promotion simply because it promised a shopping card that should arrive on time for the holidays' shopping season. Frankly, I now see no hope of receiving the card they had promised. I however wanted to let everyone to know that COSTCO WHOLESALE, a respected company as I used to think, chose to SCAM ITS CUSTOMERS LIKE ME FOR JUST A MERE $400.00!"
Costco,2024-01-16,1,So after over a year membership at Costco I rang up my cart and went to check out and for some reason a mainstream store does not accept mastercard? Never mind being embarrassed I'm about to cancel my Costco membership membership over this s*** I had no idea they didn't except MasterCard I mean what kind of large retail outlet would not accept a worldwide card? Either way f*** that embarrassment I'm over Costco
Costco,2024-01-16,1,"I placed an order with Costco that was a 2 day delivery. Which end up being 6 day delivery. When I got my order the box was open and damage with detergent everywhere. My order of detergent, chips and water turned out to be a mess box drop off. I refuse to stick my hand down in this box.chip box was open detergent was on everything. I called to have them to pick it back up. Due to me having an elderly Alzheimer's dementia family member with me. I was unable to return it my self. So I called for them to come get the box and refund my money. On top of the 6 day wait for my order now i have to wait 2 more days for pick up and another 2 days for refund. So I am stil without my order. Costco need to do better this was a nightmare order. Customer service was no help and the day before my juice was suppose to got delivered it was also delayed as well so my kids did not have that for there party"
Costco,2024-01-13,1,Ordered tires. One week later Costco cancels order by email. They actually were not in stock although they told me they were. They are not really sure why took a week to figure that out. Now other places I looked at for tires are also out. Unable to leave voice review after call with customer service.
Costco,2024-01-12,1,"We have been customer's for many, many years. I have to say. The quality of food and clothes went down hill. We spend anywhere from 400.00 to a 1000.00 dollars every time we go. Thats because we live in Payson. So if something is spoilt or not good, we can't just go in the car and return it. Since the closesd store is in Mesa. So we stuck having to throw it out if it is food. And that happens alot. Costco used to take pride in quality. Now no more. We purchased coconut butterfly shrimp. You would think, the shrimp should be bigger the average. Little shrimp with lots of batter and coconut. A shame if you ask me. Specially sine they cost enough. I'm going to try Sam's club next. Very disappointed"
Costco,2024-01-11,2,"A once great company has now gone to s**t! Product quality is not what it was, prices are not much cheaper than retail, check out lines are long, stores are overcrowded, customer service has dropped. I have had a executive membership.for 15+ years. At this point its not worth renewing. Feeling ripped off. Seems like Costco gives membership for very little to anyone these days and letting illegal citizens in to access membership privileges. I'll be switching to Amazon prime and Walmart +."
Costco,2024-01-11,3,"They were horrible. The whole thing was nothing but fat. It cost me $17 for the rack, couldn't even eat it without the fat all through it. It was discussing. Ruined my whole dinner. Never again"
Costco,2024-01-09,5,"When I ask Tim at the Electronics Department For help with the wireless printer, he shows and explained to me in detail. What's pros and cons for each brand and that's what I needed. He is a knowledgeable guy with a friendly smile. Big thumbs up for Mr. Tim."
Costco,2024-01-05,1,"LIERS, They are inoperative, DO NOT BUY FROM THEM ONLINE! Ordering contact lenses online is the intergalactic black hole. People send you an email whenever they feel like it. 1 you don't know where the order you made is. 2_ there is no way to fix an error with the prescrption 3 CAUTION Employes + lazy bears in front of computers cannot recommend what is part of their resources > they do not know how to use them. 4- don't trust, DON'T EXPECT ANYTHING FROM THESE PEOPLE. They lie to your face, they have no scruples, Lies: 1+ the order was sent 2=we call your ophthalmologist They don't call the ophthalmologist, they talk to their optometrist. THIS IS TYPICAL OF BANANA COUNTRY. WELCOME TO THE NEW USA."
Costco,2024-01-03,1,"F I could leave zero stars I would. Ordered a dishwasher for delivery/install, and have been chasing them for a month to try to get it. Customer service so far has all blamed the last person we spoke to, lied about leadership/ VP involvement in their logistics, blamed the weather, and then come to realize that they don't actually have anyone in our area to take up the installation contract. That took a MONTH. To compensate? They will reimburse me for the installation that I now have to arrange, even though that was part of the cost of ordering it. They have been awful awful awful. Do not under any circumstance buy small appliances through them - Save your time and energy."
Costco,2024-01-03,3,"This morning I dealt with two customer services representatives, they both insisted that there is nothing they can do to help me with the price adjustment, not until I demanded to talk to their manager or supervisor. The supervisor told me that she will take care of it. I asked her if James, her staff, can do the same to resolve the issue. She said she doesn't know why James did not do that in the first place. Customer Services representatives don't LIKE to help customers taking care their issues, then they should be in the business."
Costco,2023-12-28,1,Sent 4 different peer owners gift cards before holidays. 3 of 4 show nothing received. Costco says can't help. What?
Costco,2023-12-28,1,"October 2023- Costco Royal Palm Beach Florida- Not ADA compliant! I don't know why I went back after the first humiliation event with a manager! My registered certified with all the Service Animal tags, vests etc and the managers are demeaning and degrading making me feel like a defendant in a courtroom! Eventually he allowed me to enter but I just turned around and walked out never to return. They have a history of ADA discrimination. (Yelp reviews reflect that)They should be investigated. Sorry I go to BJ's wholesale club now. I'm treated with respect there. (I've been a member for 20 years) not anymore.."
Costco,2023-12-27,1,"While me and my mother were browsing the vitamin aisle at the Eagan Costco, we were aggressively approached by one of the sample lady's who was stationed at the vitamin location. We were not looking for advice but she did not seem to care. She aggressively spoke at us for probably 5 minutes about these vitamins she was selling that neither of us were interested in. Then she pressured my mom into taking some supplements that later made her feel very ill. I was not pleased with the forcefulness of the sales associate and it was very uncalled for."
Costco,2023-12-27,1,"Apparently your order will be picked determined on how much or how big of a tip you leave the shoppers. It is printed right on there site when you go to place your order that their shoppers will pick according to how much money you leave them as a tip. I'm sorry I thought that Costco was providing me with good customer service. I also thought it's my prerogative whether I tip or not I didn't realize that you can't get decent customer service unless you pay more money. Maybe they shouldn't offer the service if they're going demand that you tip their shoppers and your product may not be picked and delivered that day depending on how much money you give their shoppers, ridiculous poor customer service. Yeah just can't get people to do their job. Pretty sure shoppers were hired and paid to do a job. I don't get tipped at my job for helping people that's weird because it's part of my job description. I would think that Costco would have a job description, hiring shoppers to shop for people who are my members might you gold members at Costco who pay a lot of money every year to have this gold membership and apparently we can't use it because we have to tip somebody pick our product even though that's part of their job and my product won't get picked unless I tipped them a whole whole bunch of money completely ridiculous Costco see you later I'll find business elsewhere!"
Costco,2023-12-27,1,"Terrible online customer service. Not rude, but unwilling to help with information about my order!"
Costco,2023-12-26,1,"If there is a negative, I will give it negative. I bought 2 mattress online. It is said Clearly on Costco website the old one will be hauled away. The delivery men refused to haul away my old one because there was a tiny stain on the mattress. They insisted that this is Costco policy. Why it didn't say anything on the website when I pay for the new mattress with cost included the haul? As a customer of Costco for more than 20 years, this is ridiculously unbelievable. Called customer service. The representative was mad at me with my question of old mattress haul and insisted the reason of delivery person's refusal is due to the risk of the tiny stain will pose to the delivery person. The Costco customer service is such a joke."
Costco,2023-12-23,1,"Purchased a refrigerator came it was defective so called Costco had it checked and reordered a new one all that was good... However the nightmare started after that:( So the replacement fridge was ordered and a delivery date was set to bring the new one and swap it out and take the old one... The did not show up took day off waited and waited no show called and got the apology rescheduled Happens - Ok so rescheduled they show up drop off the replacement but refuse to take the defective refrigerator REFUSED! I called but could not get a person in time they were gracious enough to move the defective fridge under my car port out of my way and in a covered area but like said REFUSED to take it back to were ever Costco takes the defective appliances :( I was not happy at all! I finally got through to a live person and they did not know why they would not & did not pick up the refrigerator that it was on the order as a replacement that it should have been picked up? Said they would look into and get back to me... I called for weeks no reply to when they would be picking it up? Always the same BS... I never heard of such a thing? Weird... Well a month or so goes by no call no emails until finally... I receive a email stating if I did not return the refrigerator I would be charged... WHAT? Not happy I replied and called and again they said they saw I had called and again could not believe this was occurring and said they would get back to me and would schedule a pick up... Well they scheduled and I took off to be there for them... NO SHOW! Not happy wasted a whole day waiting on them... so called again and they did not know what happened and said they would reschedule and they did - Finally they picked up the refrigerator... I took pictures of them taking the fridge so no question it had been picked up and returned...:( Well my husband goes to Costco has a full cart business things and other items gets to the line a FLAG has been placed on the account! Not happy embarrassed time wasted holds up the line people behind not happy manager stated something about a something not returned & paid for etc... He calls me I told him only thing I could think of... I bet its the refrigerator Manager checked further and of course it was. OMG I was upset...:( They refused to let him purchase the items We are long time members since opened - HE WAS LIVID - NOT HAPPY :( I called and got the same run around said would take care of... So our employees go to purchase items for ur store told cannot use member ship had to leave the items or use their personal cards so our company looses the points Embarrassing beyond acceptable :( We call again said would take care of it... So we go to Costco same thing - Manager looks into this time he sees the fridge has been returned at least tells us what to do and lets us buy our items but still long line customers waiting embarrassing we were given a $50.00 chargeback for the inconvenience which does not even begin to correct all the time wasted time lost etc... from the above BS all do to Costco and their inability to doing their JOBS & log things correctly and follow through. Well its now Christmas months of this BS and anouther employee goes in with our rewards check to buy items for the store Now we have been told all this was ok corrected. They refused to let him purchase the items on our account so he used his account but they would not let him use our rewards check which expires in a few days now... long lines Embarrassed NOT AT ALL OK! Enough is Enough! Now I am writing a review I hope this gets their attention I a very upset - This is unacceptable and POOR SEVICE Beyond ok embarrassing, wasted time upsetting humiliating beyond the worst service I have ever encountered... :( So Buyer beware with any appliance purchase with Costco that is all i can say :( :( :( Shame on you COSTCO :("
Costco,2023-12-20,1,"We order a range and microwave from Costco for our Florida condo. We are regular customers at Costco and use it all the time. We had a delivery date all set and last minute they canceled the delivery and rescheduled. In Florida they use a third party to install. We flew down to get order. They rescheduled a week later and my husband called installer to coordinate the installation. We thought this was all set. Nope! The appliances arrived with courteous delivery men. The installation never showed up. My husband called Costco to find out what was going on and he talked to the Resolution team. They assured him that our next installation date was confirmed. We were shocked to get a text from installers after they were closed moving the date once again! Since December 13 we have had two big boxes in our living room.This was the third attempt to get a date and they called to move it again. Finally we got someone to install that was reliable, but we paid a premium price. The resolution team the first time my husband talked to them it took 48 hours to reply to our immediate problem. We can't believe that Costco uses and has no leverage with Elite Installation solutions. No one in either company cared, so never again will we use either company for appliances."
Costco,2023-12-20,1,"My wife had the flu, I went to purchase items for her. Spend 1 hour and a half getting everything she needed, went up to the counter to pay and some employees were checking peoples memberships. I had her membership card and her credit card. They asked me for ID. I gave them her card and my license. They told me I am not a member and had to sign up. Was going to purchase over 200.00 worth of stuff. I had my wife on the phone at the same time, she could not go to the store and showed them her phone call. They rejected me and I was so embarrassed. We will cancel your damn Costo card and go to BJ's only. Merry Christmas and thanks for Mt waste of time. Hope you go under."
Costco,2023-12-19,1,"Reported Citibank Costco credit card. Your membership with Costco gets cancelled immediately. We were not informed that our membership became invalid. We use the actual membership card which revealed at the gas pump that our membership is ""invalid"". 7 weeks of membership stolen by Costco. Extended membership by one month with no evidence from Corporate that has changed as of this review. Regul"
Costco,2023-12-18,1,"The worst customer service ever, they treat customers as slaves, as if it is enough we are open today No consideration or care even if you shop above $1000 still they are mean to you"
Costco,2023-12-11,1,Just left the casco in illinois lake in the hills as I was walking in and Employee decided to harass me. Call me names and such. I brought it up to the manager. And all they want to do is talk to him. They would not even bring him out after he went to the breakroom. This is unacceptable. This man should lose his job for harassing me. His name is John Tumeijer He is an older gentleman and should know better and how to speak to a woman. I spent thousands of dollars here and to be treated like this is completely unacceptable unprofessional. And Costco is a terrible place for hiring someone like this. Today is December 11. This encounter happened between 5 PM and 5:10 PM. The employee started work at 5:30 PM.
Costco,2023-12-08,1,"Just got off phone with verification dept after placing a $39 order online. Someone in June used my costco (not credit) card number to place an order. Costco cancelled my order because of the 2 names and addresses. They made me verify questions you'd normally get for a credit card approval. After getting all that info, they told me I'd have to email their 'prevention office' for any future orders. Sounds like more of a hack of my personal info. Beware of Costco dot com. Spent over an hour between chat and verifying phone calls while they explained they were protecting their customers. Harassment. There was no fraud just a bad Costco #. I will be writing to their corporate office. Stay away from them."
Costco,2023-12-03,1,"I was recently contacted by Costco Online to verify my identity for an online purchase. The customer service and a supervisor put me through 6 different questions to verify my identity. The last question asking me if I made a certain purchase 6 months ago, which I could not recall given the length of time they were asking. There was no alternative to get past the verification and ended extremely poorly."
Costco,2023-11-29,3,Been a member sober 25 years I rate the warehouses 10 always the best! Worst experience every time with Costco.com Could Not checkout with their system problems Tried to call and do it manual we were on the phone nice lady but new every minute on hold With supervisor asked to speak with the supervisor supervisor said no work with her or nothing waited for a Manager total call was 1 hour and 43 minutes disconnected me and never called back Ruby agent supervisor Craig Terrible I went to Amazon $4 cheaper and delivered faster LG 65!inch tv Oh well
Costco,2023-11-22,1,Ordered goat canceled goat. Spoke to Costco. Com several times because Ups via my account started order to be delivered. Costco. Com yesterday November 21st Tuesday said disregard your order has been canceled. Plus it states signature needed UPS left package. I've been on the phone with Christoferfor 32 minutes please hold on I finally said your package is outside and I suggest Costco. Com retrieve it. Thanks Costco. Com you have saved me more $$$ than I need to spend. Will never recommend or order from you again.
Costco,2023-11-22,1,"On October 2,2023, I bought a penne chicken alfredo (prepared meal) at the Costco in Ottawa on Hunt Club. While eating it the next day I got a mouthful of fingernail clippings in that meal - 3 of them and I stopped eating, it turned my stomach and was horrifying, sickening. There could easily have been more. I called them immediately about it: I followed their instructions to go into the store and I completed their ""report"", got my money back for the pasta; they told me to keep it in the freezer, that their legal team was reviewing it. Over the next month and a half I was blown off 3 times when trying to follow-up. This company profited over $30B USD last year on our backs and that value grows annually. They profess about values and ethics on their web-site. I would think that customers are of value to Costco. Over the years that my husband and I have been members, we have spent probably tens of thousands there, I have always loved the store. But to be blown off so easily by them for a health and safety violation like this - what appears to be a form of sabotage because that sort of thing is not an accident - I realize there is no customer appreciation or respect at all, something that really surprised me. Customers are not valued and I am left to feel like I am lying about it. So I share with the public here that any prepared food in clamshells or other unsealed containers that Costco sells are subject to pubic hair, crusty snots, spit, anything: their answer to me was that I was free to go ahead and pay to have the pieces scientifically tested (which I am sure they know the average shopper will not do). So be careful. The Manager there simply told me that it was ""not possible"" that his staff put the nail clippings in the food ""because they wear gloves and they just wouldn't do that"". Their corporate response was similarly as dismissive. They suggested outlandishly that the pieces could be chips of uncooked pasta mixed in with the saucy, cooked penne. I used to bite my nails: they were FINGERNAILS. I could not believe it, I am really shocked. Please share with others as a warning, all Costco customers have a right to know that this can and did happen."
Costco,2023-11-19,2,"Before COVID -19 the paper plates bought at Costco are of good quality, but after the virus decreased, the quality of Costco's paper plates became very bad. And the plate has a serious strange smell. Microwaving food in this type of dish may cause harm to your health."
Costco,2023-11-05,1,"We went at regent Costco at first time and spent $120 for membership. My husband was lookin a size in liner pants and we asked a lady to check the size if it is available, she checked and said they are out of stock in that size. At that time a mail employee came even we did not ask for his help and said my husband you don't listen we don't have that item, my husband did not reply him and at the moment he turned and start walk, that guy say f…… people. Seriously is this service we are paying $120 for membership. So we went to costumer service and cancelled our membership and complained about that guy. I am not sure if the management take any appropriate action about him. But we will never ever go to at this location Costco again. I upload a picture of that employ as well. I do not know name."
Costco,2023-10-29,1,"I am writing to express my profound disappointment and frustration with the service I received at the Costco Tire Center in Wheaton, Maryland. On October 23rd, I brought my car to the center for a routine tire rotation, and the outcome was nothing short of a troubling ordeal. While performing the tire rotation, the technicians at the center found and informed me that a lugnut and a stud on the rear left wheel of my vehicle were damaged. Over the phone, I told them that I only had the tire serviced at their center before so if there were any damages to the wheel, they must have been the fault of the center. They told me to complete a claim form and seek repairs at a different auto shop. After filling in the form, I asked two staff members and got confirmation from them that I could go ahead with the repair and could return to Costco Tire Center with a receipt for reimbursement. I complied with their instructions, and on October 24th, I had the damaged components fixed by a Firestone shop at a cost of $350. Eager to have this issue resolved, I revisited the Costco Tire Center in Wheaton on October 27th, expecting to have the tires properly rotated and to receive the promised refund for the repair costs. To my dismay, the staff and the manager at Costco Tire Center attempted to avoid their responsibility and dragged their feet in addressing my concerns. They cited the need to review security camera footage to confirm the agreement made regarding repair and refund, as well as claimed that my case required higher management intervention. Furthermore, I was informed that another lugnut and stud on the same wheel were found to be in poor condition, and they refused to perform the tire rotation. It's important to note that I had purchased my tires from this same center in September 2022, and they had been exclusively serviced by Costco Tire Center for rotation. The implication is clear: any damage to the lugnuts and studs must have occurred during their previous service visits. This situation is not only exasperating but also erodes the trust I once had in Costco Tire Center in Wheaton. It's worth mentioning that this is not an isolated incident. In March, the same center caused a similar problem, but at that time, they promptly acknowledged their mistake and refunded me for the repair. While it inconvenienced me, I appreciated their commitment to rectify their error. However, this time, their conduct has been nothing short of evasive, casting doubt on their willingness to uphold the service commitment associated with the tire package I purchased from them. I strongly urge other customers to carefully reconsider conducting business with this center. My experiences have left me deeply dissatisfied, and it is apparent that they need to address their negligence and stand by their service commitments."
Costco,2023-10-20,5,I RENTED a car from Budget through Costco which was the worst experience on Budget behalf. I received a car with multiple issues which Budget refused to assist me with. I called Costco which stepped in and did a awesome job of making me fill like a valued customer.
Costco,2023-10-18,2,Why does the Costco Eyecare Center have so many issues with its progressive lenses? Is the way they measured the order on the lens or inexperienced workers? This is my third time returning eyeglasses that I ordered within over three years. Has Costco changed the manufacturers' used or cheaper lenses?
Costco,2023-10-12,1,"They have no online stock checks, so you have to call the warehouse for every item you need, to check it is in stock. What year is this? I am not traveling 20+ minutes to find it is not in stock, insanity."
Costco,2023-10-09,1,"This is not my first time noticing ""lap"" dogs, few of them, on leash or not walking at Costco food area like their owners have brought them to dog park for finding mates or if you will walk in dog park. I have asked the management "" why the employees at the entrance door not stopping these customers to enter"" and in all the honesty I have heard nothing but jibrish response, among other I asked, ""what would happen if one or more of these dogs have to do number one and two"" the answers was, ""if we notice it we will ask the customer to leave""?. Is just that no employees following these customers so how could they notice when and where these dogs done either and how long would it take for cleaning crew to clean up after them? Meanwhile the bacteria are already on the air and are on the foods that people buying from Costco. Is not only the Costco, the restaurants and grocery stores are also to blame so is the liberal policies of local government disrespecting the existing laws in the name of ""freedom"" or ""liberty"" by falsifying the principles of the matters."
Costco,2023-10-09,5,Thomas called to see if he could come early which I was excited about! He was professional and quick! Great job!
Costco,2023-10-09,3,"I've ordered items from Costco online previously- mattress toppers, a mattress, etc. For that experience, I would rate them a 5. BUT, recently we ordered a microwave/stove combo- that experience would be a solid 1 star. They use a delivery company called Transmotion. Transition, by the way, is rated an F through the BBB. They have no showed twice for appointments and don't answer their phone. While I realize that Costco is not responsible specifically for Transmotion and their lack of business ethics; Costco is the one that chooses to use Transmotion for delivery. I'd be willing to bet cost is a huge factor. Well, you get what you pay for. I, for one, will never, ever, ever order a single appliance from Costco due to this terrible experience. Buyer beware!"
Costco,2023-10-06,1,"I am commenting here because I cannot rate Costco Technical and Warranty Service at Costco.com. 1. Please read the information about the Allstate 3 Years Drops & Spills Protection (For New Computers $500 & Above). You are paying for the warranty you already have. Please go to the manufacturer directly to obtain an extended warranty. (Read the fine print). 2. It would be best if you did count on the Costco Extended two-year warranty and did not call Costco Technical and Warranty Service at *******450 to obtain warranty information and assistance. They have nothing in writing and no idea what to do if you need help. Do not waste your time. I was informed by calling Costco Technical and Warranty Service that only verbal information would be given. After speaking to the supervisor and repeating myself at least ten times, I got a response to my open case in writing (I was told). It took me over an hour to reach my goal, actually 1 hour, 14 minutes, and 44 seconds, including the survey. Below is an extract from Costco.com – do not count on them precisely because it is up to 2 years, and you do not know what it means. Costco extends the manufacturer's warranty on the following items for up to 2 years from the date of warehouse purchase or date of delivery if the item was purchased online: • Televisions • Projectors • Computers* • Major Appliances† See the manufacturer's warranty for specific coverage terms. Costco reserves the right to fulfill the second-year warranty obligation through, at Costco's choosing, repair, replacement, or a refund up to the purchase price. Common exclusions are data backup and software replacement, physical damage, or liquid damage. Costco Technical and Warranty Service advises backing up your computer frequently. Call Costco Technical and Warranty Service at *******450 to obtain warranty information and assistance. • English and Spanish speaking agents available. • All calls are quickly answered and handled in the U.S. • This service is available exclusively for U.S. Costco members. 3. *Excluding Touchscreen Tablets. †Refrigerators (above 10 cu. Ft.), freezers, ranges, cooktops, over-the-range microwaves, dishwashers, water heaters, washers and dryers. The above information I obtained during a direct conversation on Oct.06.2023, which lasted 1 hour, 14 minutes, and 44 seconds, including the survey."
Costco,2023-10-06,1,Please advised your egg supplier/s to not to mix the organic with non- organic eggs. The customers pay extra to get the organic so please stop cheating on your customers. Thank you.
Costco,2023-10-02,1,Today I was shopping in downsview costco. At that time cashier's helper kicking my kraft dinner and water. Cashier talked to me that packing plastic cover. So that's OK? I think hand is OK but she used foot. I don't think so.
Costco,2023-09-27,1,"Every time I went to Costsco I bought avocado; and it came out of very good quality. But in recent months, quite the opposite, it ripens super green and remains hard and other parts rotten. (what is not rotten has not yet matured)"
Costco,2023-09-27,2,"A list of detective electronic products: Auto jump battery ($70), DVD Player ($100), bathroom scale ($40), router ($50), HP printer ($175), memory storage device ($70). All ran long enough that I could not return them but none lasted longer than 2 years. Stay away from Costco electronics."
Costco,2023-09-21,1,"If you pland to send a love one, Wife Husband, son, etc, to work at Costco, think it twice, Costco brain wash the employees to think only on Costco, slave them and make the believe the need Costco on their live first in order to survive, some how manipulate the employees like a slave, no matter what happened in the employees family life, Costco is have to be first, ask any Costco family members and you will se is like Costco have a devil pact, Costco manipulate the employees, EEOC nee to look into it."
Costco,2023-09-21,1,"I placed the order July 22. When I couldn't be home to receive the item, I was informed delivers only occur on Wednesdays, so I waited a week. When nothing arrived on the delivery date, I called and the service rep who answered the phone tried to contact the delivery service. He tried a couple of times and there was no answer so he requested that they research the issue. I called again on the next Tuesday hoping to have it in Wednesday's truck only to find out that contact hadn't been made then I got a notice to schedule my delivery by then we'd missed another week. I went to my local Costco and purchased a similar item then called and cancelled my order to be refunded to the credit card of purchase (nearly a month prior). After a week I called to ask where the refund was. I was told they'd put a rush on it but it could take up to 48 hours. I repeated this same process two more times! Refund was finally applied to my card on 9-21,2 months from being charged. No interest refunded!"
Costco,2023-09-20,1,"For the second time I was discriminated against by Manuel, the young man at the exit. Just because of my Hispanic appearance. How sad that he is a Hispanic and with a Hispanic name who believes himself superior, that he forgets his roots and that we as a member pay him his salary."
Costco,2023-09-16,1,My husband and I have a premium membership and each have a card. Our 17 year old biological daughter helps out with the grocery and running errands since we have 6 foster and adopted kids that are busy. The last time she went she got yelled at the greenwood Indiana Costco for using my membership when her id has our address and same last name. It is extremely inconvenient. I understand the issue of trying to crack down on everyone using passes but this is insane.
Costco,2023-09-17,5,"Costco employees are amazing. They are all helpful. But special recognition should be given to Diego, the supervisor at Costco which is located at 4th Ave Seattle. I had a problem yesterday, and he went above and beyond to resolve my problem. He was very empathetic and very helpful. Words fail to say thank you to him and his manager. Thank you Costco for having such an extraordinary employee."
Costco,2023-09-14,5,I will never again use self-checkout. I have to show my picture ID before I get to the check out registers!. It's super annoying. I'll stand in line to use a real person from now on
Costco,2023-09-11,1,Lucky me that my appliances decided to stop working at once. I ordered dishwasher first from costco online and the delivery took a month without no proper communication. The main issues comes with the dryer i ordered. I chatted with costco agent and they guided even if u have gas dryer and u like to replace with electric you can do that without any pre requisites. So i ordered electric. This happened twice as the first order did go through though the payment was deducted from my bank and I'm still fighting for my refund. Almost 40days now. Well the second time delivery guy refused to bring the machine inside my house as he said you have gas connection and need electric setup before we install this. They canceled that order and asked me to order a gas dryer. Now i ordered gas order Only to find out that it was delivered damaged and the guy who was i installing the machine was so mad not sure on who but was swearing and mind it i was alone at home and I'm 4 months pregnant. Another failed attempt. Now they left machine in between the walkway my bedrooms saying we are coming back to pickup this piece. Well guess what that never happened and I was abt to fall so many times passing through that narrow passage. It's been 20days noone come to pickup up. Now I was waiting for the exchange and they don't have that same machine in stock and I had to order the expense version. While talking to them on the phone they are not calling it harassment but just the minor miscommunication and offered ne 50$ compensation. Really u think tjis whole thing is just a minor thing? I left tons of feedback everywhere as I can but doesn't feel like they really care. I'm thinking to sue them with all the stress they gave me during my pregnancy days. I'm expecting delivery and haul away on tomorrow the September 12th. Will keep posted what happens now. I have no hope from them. Still waiting for my refund for 3 machines I ordered in exchange.
Costco,2023-09-11,1,"Placed an order 9/5 before noon local time - site said 2 business days for delivery so 9/7 which came and went with no delivery and no updates on the Costco website. Called Costco on 9/8 - was given an earful of nonsense by Navasha C. ""well Monday was Labor Day"" and ""other customers orders were also delayed"" but no explanation for the lack of communication. The order finally shipped 9/8 end of day via FedEx Home - their slowest service. Hopefully it will be delivered today so 4 business days to deliver vs the promised 2."
Costco,2023-09-09,5,I loved that they installed my fridge in for me! They also fixed the problem I had with my last fridge! They saw our plumbing for the fridge was broken. They got us a new one no cost! The drivers were excellent and they was extremely nice! I love my new fridge! Thank you Costco and the drivers!
Costco,2023-09-07,3,"Update... when two different guys came to pick up the Costco fridge to return it they were awesome and they were far more nice than the two that dropped it off and they asked why I was returning it and I told him it was because the other guys would not move the older fridge. He said that's too bad since they would have done it no problem so I guess it just depends on who delivers your Appliance and Costco is incorrect In saying that they absolutely will not move you're older Appliance. If I ever have to deal with a third party mover I am going to request those two nice guys. But as my review says below Costco has no customer service when it comes to appliances but okay customer service in the actual warehouse. Not everything is black and white and the customer service with Costco is just that, no gray area whatsoever. When I ordered a new fridge the delivery guys dropped it in the kitchen didn't install it at all, they were happy to try to haul away my old fridge even though it was only 3 years old and there was nothing wrong with it so I wanted them to leave it at the front door instead of taking it away. They absolutely refused, the drivers as well as someone from their company. One person at concierge Costco said no we absolutely refuse to move the customers old Appliance. Even though Haulaway is actually moving the appliance. They're absolutely stupid and ridiculous. Three more people at the regular customer service number also said nope it's not their policy. At least one of the delivery guys said I should email Costco and tell them to make it right and get them to move the fridge down the five steps to the front door. Found out Costco doesn't have an email for their customer service it's either phone call or chat. Very very little distance yet they would rather go through the time and expense of returning the new fridge than to do that. The absolute worst customer service ever!"
Costco,2023-09-05,1,"Today, I had an appointment at Costco Tire Center in Lodi California. I had an appointment to have two tires install. I was told that it would take one hour which I thought was excessive since it was only two tires and I had an appointment. I came back after an hour with a cart full of frozen food and was told that the car was not ready. AN HOUR LATER still no car and food defrosting it was still not ready. I asked for a manager and the idiot that I had been talking too was indeed the manager. I asked him if it was acceptable to him what was happening and he said no but there was nothing that he could do? Horrible customer service."
Costco,2023-09-02,5,Anthony was on time worked quickly removed all unpacking materials. Install went very smooth. Very professional
Costco,2023-09-01,3,"I have been a Costco member 20 + years. This harassment on checking Costco cards is really bothering me. If it is such a big deal than close your self check out lines, then everyone goes there a full check and every card is looked at. This of course means you have to hire more people to cashier, this means more jobs, a budgeting issue for you and it would be better for the community. You could spend money on facial recognition on the self check out to make sure the photo on the card matches the person scanning. You could deny the card if both the name on the account and the card doesn't match up. Now these fixes will cost Costco money to do any of them, or they can continue to harass all the customers because a thousand are cheating. I may switch to Sam's club over this and I do not like Sam's club.but if I keep getting harassed that is what will happen."
Costco,2023-09-01,5,"Anthony was beyond wonderful! He was helping me schedule a repair for my Samsung refrigerator purchased through Costco. He was so attentive and made sure to check in with me to keep me updated! We were joking and laughing and he made the wait fly by! It is REALLY important to me that this ""Superman of Service"" be recognized for a job well done! I was so pleased with my exoerience!"
Costco,2023-08-28,1,"I ordered from costco online wholesale for like new bottles of perfume for an amount of 3,200 and and to my shock received half empty bottles that were suppose like new. When i tried to resolve my issue and try to return items get my money back or even new product, customer service was of no help and the went ahead and closed the case so i couldn't desput it. If i could give 0 stars i would but i cant so i have to give one star. Don't order from there unless you want damaged goods!"
Costco,2023-08-26,1,"Their always booked, 5 days out to fix a leak an have no customer care, down right rude. I'll never buy another tire let alone set from these no business minded individuals they hire in their tire department. Discount Tire has my business from here on."
Costco,2023-08-23,5,Absolutlely love the it here in our town. We typically save 50% or more from other grocery stores and have never had an issue with any type of return. I would highly recommend a membership.
Costco,2023-08-22,3,It's pricey membership got even more costly.Beef park fish are expensive. Sams is much better value lower priced beef better fruit brand name appliances
Costco,2023-08-22,3,"Let me preface this review with the fact that I've been a Costco member for many many years and I like Costco but Costco has really been dropping the ball on numerous transactions. My story is this: I was placing an online order for a box freezer priced at $649.99. I added Item #******* to my cart. My cart price showed $649.99 w/free shipping/pre tax. I went to check out and Costco tried charging me $799.99 w/free shipping/pre tax at the check out portion of the transaction. I removed the item and backed out of the app and tried again and the exact same thing happened again. Item #******* showed $649.99 w/free shipping/pre tax, when added to my cart the cart showed $649.99 w/free shipping/pre tax. I went to check out again and Costco tried charging me $799.99 w/free shipping/pre tax again. I did this repeatedly and same result. The app page showed Costco was closed and would open at 9:30 that morning. I contacted customer service later on in the day. Customer service rep ""Christie"" took my call. She told me I should've called when I was having the problem and I stated that it showed Costco was closed and would re-open at 9:30 so why would I try to call if you were closed? Going back to my freezer purchase... she told me the freezer was no longer available because it was sold out. I asked her how Costco could sell me the same freezer at $799.99 if the item was sold out? She then told me the mishap was my fault because of the cookies in my Costco phone app. I told her I repeatedly closed the app and tried repeatedly which showed the same $649.99 pricing results and then the repeated price mark up at check out. She told me there's nothing she would do to help me with my order at the advertised price. I asked for a manager, she was gone for a while and came back and told me the managers were not going to help me either if they were to come to the phone. She then told me if I had a purchased the freezer at the wrong $799.99 price they could've adjusted the price to the ""advertised price"" but since I didn't purchase it at the wrong price there's nothing they would do. I have a dozen or so screenshots all time stamped but I'm only going to add three to make my point. Very disheartening that Costco's reputation and relationship with it's customers is of no importance to them."
Costco,2023-08-22,4,"I just wanted to say a big thank you for the guy who cleaned up my sons mess today. He had a temper tantrum and he came right over and cleaned up my sons mess. I was going to pick up but didn't have a free hand at that second, thank you so much."
Costco,2023-08-17,1,"I just walked out from Costco at Millenia in Orlando, FL. And it was raining so bad so I wanted to come back to the store and denied me the entrance because I had 3 items with my receipt the supervisor Ramon said that I can't get in again with merchandise. And I told him that they don't want me to buy more stuff and that it was ridiculous when you have the receipt and the don't let you come back."
Costco,2023-08-16,2,"Ordered ko2 tires correct size for rav4, waited 2 weeks. Arrived and mechanic said ""speed rating for tire was 130mph and the car was rated for a slower speed and did not want liability to install them""? Spent my $1100 somewhere else."
Costco,2023-08-13,1,Apparently their executive membership rewards cannot be cashed out. Even though they say you earn cash back. I went to Costco today to cash my voucher and they told me it has to be used towards purchases in the store. How is that cash back if they dont let you have cash back. Very misleading when they offer you the executive membership. Just beware what rewards you earn you have to spend in Costco.
Costco,2023-08-11,1,"Costco Corporate, I have been a loyal customer for years and today I was singled out, targeted, and discriminated against for bringing my emotional support dog to store marine del Ray. There is absolutely no reasons for me to be target because of my need, not want, of the assistance of my emotional support animal. I am highly considering canceling my membership due to this and find the actions of your employees to completely go against the company's core values."
Costco,2023-08-11,1,The Costco call center is the worse service I ever experienced. They are very rude and not helpful..
Costco,2023-08-08,1,"I ordered a very expensive range from Costco. Almost $4k with taxes. It was supposed to be delivered Aug 2. Costco cancelled delivery with no explanation or new date. This morning, I got a text message from Costco saying the delivery was coming TODAY at 2:00. We scrambled to get the old appliance disconnected, per Costco instructions. The new appliance never arrived. I called customer service and was told that the earliest the appliance can arrive is Aug 14. The CSR said she didn't know why I received the text and had no authority to help me other than to apologize and schedule the delivery. This certainly wasn't the fault of some poor call center worker. But to Costco logistics, I say, ""you suck; do better!"" This is my first and last major purchase from Costco."
Costco,2023-08-08,1,"I bought a whirlpool refrigerator in 2022 and I stop working and I have still lost food twice I didn't report it the first time since he continued working the next day, today I lost my food again and the refrigerator failed again I called customer service today and they told me that I should contact Whirlpool and that they would send me a technician, isn't it fair that being new they come out in bad condition and Costco sends me Whirlpool? I bought it at costco...it came out defective from the factory and they should give me the credit to buy a new one, it's not fair to repair something new that I pay them in cash Very disappointed with your company, I hope for a prompt solution. I've been with you for 10 years and you don't help me?"
Costco,2023-08-08,5,This is a necessary service. It could decrease returns if one is able to see the product review it could definitely assist in making the right purchase choices. Love the idea.
Costco,2023-08-06,1,"PLEASE listen up! First of all, I heard so many people say go to Cotsco for your steaks. They have NO grass-fed meat. Their prime ribeye is W A Y more expensive than Earth Fare's Grass-fed. Aldie's Angus ribeyes are much less also. I could not find any ghee butter, THEY WERE NOT LESS EXPENSIVE ON ANYTHING. Maybe electronics or 100 rolls of toilet paper would be worth the trip. To top off this WASTED afternoon and $60 membership these #$%^&** DO NOT accept Mastercard!"
Costco,2023-08-04,1,I was having problems with my Phonak phone purchased for $1500. Called the hearing aid department and told them the problem. They told me to bring it over and they will look at it and see if they can find the problem ( no dial tone) I went over and the hearing aid centre Manager ( Hailey) took the phone and I explained what the problem was. The phone was working fine but no dial tone and full charge. She asked me where I purchased the new battery from. I told her I bought it in line. There is no problem with the charger etc but she asked me this question. Then she said Thete must be a problem with the phone Jack. I explained no issues with the phone Jack. Any ways she looks at the phone and says well the phone is in good shape so I don't see any issues with the phone. No attempt effort to fix the phone but find faults and send me away. She finally says well we cannot do anything with the phone the phone has seen better days and I reacted to her comments and said you have not even looked at the phone and asked me to drive all the way and did nothing. I said thanks for nothing and as I was leaving she said I can buy another phone on line. Very frustrating to come down and no effort put in to try and resolve my issue. I am not sure how she became a manager. Very bad service and no customer service skills. Very disappointed. All readers please be aware they will sell you but there is no after sales service.
Costco,2023-08-04,1,"We ordered a refrigerator from Costco. The initial process seemed good. The delivery was scheduled and the product delivered on the day promised. However, that is the end of the positive. The refrigerator was to be installed and ready to go. Unfortunately, I could not be there when delivered. My parents stepped in to be present. When I arrived back at the house I discovered that the team had cut a deep gash in the door frame, broke wood off the front door, and cut the metal storm door frame with the fridge. Secondly, I found that the fridge was not balanced and was leaning forward. A check with a level showed the fridge was not near level. Costco was contacted and did send a team out a week later to level the fridge. At that time, it was discovered the original team had broken the front wheel off the fridge and it could not be leveled. A new fridge had to be ordered and another week passed. The second delivery was made. Originally, they said they did not have a pick up order and could not take the old fridge. After some discussion between themselves, they did take the fridge. Now, 2 weeks later, I get a call about picking up the old fridge. I informed them that the delivery crew took the fridge. The Costco rep then wanted to know who took it. Like I got their names. I felt like the rep. Was accusing me of lying and interrogating me. I will think twice before ordering any big items from Costco and having them deliver. A claim was made for the damage and so far (a month later) nothing has been done; we've been told they are still processing it."
Costco,2023-08-04,1,"Maybe a simple round cake can help mothers who want to make their child's favorite cake, while this can't be difficult for Costco's cake making employees and it doesn't bother them that take the one of the cakes 's cream off and make a child happy, It was not expected of managers of Costco who do not care about their customers."
Costco,2023-08-02,1,"There was a woman working the pizza oven on 08/02/2023 around 1-4pm and she is a horrible worker. Made a very simple order and asked her multiple times if my food was ready. She kept telling me no without looking at her orders. I ask someone else, and it had been ready for over 25minutes. So the woman knowingly didn't want to do her entire job. Because of her, I feel like switching to Sam's Club."
Costco,2023-07-29,1,"I'm deeply regretful to share that I had a disconcerting experience at the Naples store during my fourth visit within the last 15 days. Until this visit, no one mentioned the need for a picture on my digital app account. Yet, during this recent visit, I spent 2 hours at the store only to learn about this new requirement at checkout. I had shopped items worth over $1,000, and after unloading my items, the staff decided to check my ID. I was under the impression that my ID was in my car as it usually is, but it happened to be in my other bag. The manner in which I was treated over this incident made me feel as if I was being accused of theft. This selectiveness baffled me as I never had any issue in my previous three visits. Furthermore, I felt racially profiled. Despite not being of Spanish descent, I was greeted with ""Ola."" The manager, who appeared to be of lighter skin, seemed to discriminate against me, assuming I was an illegal immigrant from South America. This was profoundly offensive and hurtful. The inconsistencies in the store's processes and the staff's unfriendly, rude, and incompetent behavior have left me feeling undervalued as a customer. This is a serious issue that needs attention."
Costco,2023-07-29,5,So my first time ever going to a Costco was with my wife and I immediately fell in love. If you are a family of two or more this is definitely the place you should be shopping. We typically go once or twice a month and we get all the essentials. The prices are great and the products are quality. We decided to upgrade our membership to the executive membership and the card literally pays for itself. Picture here is me Jeremy getting on the plan with my wife because I love it and may need to come without her sometimes. This card and membership is a must have. Side note: this was the best picture taken that day. Lol
Costco,2023-07-27,1,"Why CIBC? The most useless service, ever. No travel insurance, only fuel at Costco is the attraction for me now. Costco is a store I love and shopped at for years, but moving to CIBC was the biggest mistake they made. The service is horrendous. Who was to wait nearly two weeks for a replacement card on a business membership?""express"" my foot! Last year my stolen replacement was sent to a city 400kms from me. There are other stores, and other cards offering great fuel rebates, so maybe it's time to cut ties?"
Costco,2023-07-27,5,"Crew was on time and did an excellent job installing my whirlpool refrigerator. Both men were friendly and helpful, giving instructions verbally to show me the new to me product."
Costco,2023-07-25,1,"I bought a big bag of romain lettuce, my boyfriend got sick as a dog plus there's a huge worm in the lettuce! I'm sick to my stomach! I was scared when I saw it before preparing it. Awful and disgusting! Never buying there again! Yukkkkkkkkkk, ptsd moment, I'll never eat salad as well!"
Costco,2023-07-25,1,Battery warranty is prorated now when it had a three year warranty free exchange don't buy there battery you get scammed rip-off
Costco,2023-07-23,1,She doesn't know how to treat a customer her name is Ratana C. I was so disappointed and unsatisfied because of her attitude and service. I went to Costco this afternoon.
Costco,2023-07-22,3,W but moldy bread so l but still ok good for big families but they should get other brands then it would be a 4
Costco,2023-07-21,1,"This is not the first time with costco online but certainly the last. I had ordered a bose soundflex 2 weeks ago. I still haven't received it. Had a party andy now Vacation is gonna pass me by with no order in site. I called about a week ago and they canceled my order and were supposed to send it to me before I left for vacation. The site still says that they have done nothing. I have the executive membership but this may be the last year. I will definitely not buy anything from Costco online again. This isn't the first time either, I ordered a $800 irobot vacuum last year and it took over a week to get to me. It eventually did but only after I called Costco telling them I hadn't received it yet. That package came on its own the next day I called but the person I talked to said they couldn't help me and I should make a police report which I was gonna do if it didn't arrive the next day. My point is, they have no idea where their packages are once they leave Costco. Worst experience ever!"
Costco,2023-07-18,1,The manger told me that my parent have to flight all the right from China to the US to change the membership card like wtf? I $#*!ing pay for the membership and they didn't ask me for the id. After I pay for that $#*! they said I need to have my mom to be here WITH ME IN ORDER TO CHANGE THE $#*!ING MEMBERSHIP like why don't I tell me earlier so I don't have to $#*!ing wasting 60 dollar on this stupid $#*! card member And the manger told me two different thing. The Asian manager told me that I can ask my parent to write an email to change the membership then the white manger said NO YOU PARENT HAVE TO FLIGHT ALL THE WAY BACK TO THE US TO CHANGE IT. DO SHE KNOW HOW MUCH DOES THE $#*!ING AIRPLANE TICKET COSTS? IS SHE DUMB OR DUMB? The fairfax location sucks
Costco,2023-07-17,1,"We bought organic bananas that were terrible. Were not ripe, sit for three weeks, still not ripe. All dry and hard, could not eat. Check your vendors, waste of money."
Costco,2023-07-16,2,"In my town gas is 2.82 and yesterday at the opening of the new store, was expecting great price instead it was 2.89. Plus, I drove 32 miles for that 2.89! A customer who was filling gas said loudly What a welcome for a New store with this price. We went ahead and filled our tank but the gas valve shut it down early and we did not know till we were heading home and noticed it did not fill it full. We ended up filling 8 more gals in town at 2.82 and that was another strange thing? I bought things at Costco and went and compared it to HEB 4/5 items and I saved 10.00! So what did I get for my 120 membership? I wanted to send an email to Costco but they have no email, just a phone number and I don't want to leave my remarks with someone who may not pass my message on. I also tried their auto insurance for a friend and at first sounded great but later it went so high cause my friend had an accident, not his fault but Costco auto ins. Would not budge. Even at 60.00 membership, I don't see much saving. Will think when the renewal comes around to do or not to do. Each time I go there, I will start comparing to HEB and see if I am really saving. Their clothing, I looked there also and I can get better at Ross on a Tuesday, 10% off as I am senior. I know some items we cannot get anywhere but is it worth 120.00 membership? We used to be Sam's members but we gave it up as there are 2 of us and do we need that much stuff, no! And Sam is in our town! Food for thought!"
Costco,2023-07-16,3,"I received annual rewards certificates annually. These rewards are earned when using my Costco CITI Visa. I cannot credit the earnings to my credit card balance. I have to go to Costco Customer Service to get my certificate. I have to use the certificate for purchases at Costco. I have a number of other issues with my membership, but this particular idiocy may be the final reason for ending my membership."
Costco,2023-07-12,1,"We bought a washer and dryer from Costco and the installation was beyond horrible. They sent the LONG flimsy connection hose for the dryer which comes standard with the dryer. The installers looped it around in circles after they connected it, pushed it against the wall and it wouldn't vent. Why didn't they cut the flimsy hose to make it fit properly? The instructions in the installation manual clearly state in a picture that is the WRONG way to install it! We called them back to install it properly and the installation people said they couldn't install it properly because I DIDN'T HAVE THE PROPER HOSE TO INSTALL IT! If I had been satisfied with the hose they sent with the dryer I would have to pull my dryer out 2 1/2 feet from the wall to make it vent properly. That amount of space would have taken up most of the width of my laundry room. I asked them to reverse the door and they said they didn't know how to do it! I spoke to the installation manager, Michael, who said the reverse of the door wasn't in the work order. What an excuse for sending people to perform repairs who aren't qualified to do the work! Never accept Louise and Hulio to do any installations for you. I have always been a devoted Costco consumer purchasing everything from them, carpet, blinds, appliances, groceries, household items, ect. But never again!"
Costco,2023-07-12,1,"I used to enjoy coming to costco but now There's a line to come in because they have to check your ID and your card. Then you spend $2300 there. Then they check your ID before you get to the register. Then you have to check your ID at the register. Then you have to check your ID when you leave We're gonna have to start bringing our passports. And peanut cup. I spend average around a hundred to 3 hundred, not including my gas. Next next, you're gonna have to show that the vehicle belongs to you before. You can put gas at costcoh, really? This is too."
Costco,2023-07-09,1,"Today at clareview costco, early in the morning right after 9. Shelf check out not too busy, and only 2 tills open. So i decided to check myself out, i was sent back to the long line because i had more than 15 items. Its the rule i was told. No signs anywhere. Since a few shelf check outs are free why cant ppl use them. The line was really long past the clothing sectiom. C'omon costco u got to do better than this."
Costco,2023-07-07,2,Every time I order delivery now almost everything in my boxes are torn apart or ripped up or opened. I would say 6 out of the last 7 deliveries... it's that bad... sigh
Costco,2023-07-05,1,"Hello My name is Paul Paxton and I have been a Costco member since 2017. Recently, I made my first purchase online- a 700+ dollar upright freezer. Let me tell you, my experience has been disgusting. My beef is with the delivery end. The item was set for delivery on 07/01 at 5:15 -7:15 PM 9at least that's what the text message said. So, in lieu of that, I planned my day. However, on 07/01 I get another text message saying it was bumped up to 12:50 PM. When I said that wasn't going to work, I called Customer Service and was assured that the delivery was set back to it's original time. I get a call from the warehouse drivers who say they can't make that time. Long story short -the drivers refused to deliver the item on 07/01 between 5:15-7:15 PM. So, when I spoke with Jesus at Costco Logisitics, I was assured that I was bumped up to VIP status, meaning that my item would be delivered between 8-10 AM on 07/05. Well, I got a notification that the item won't be delivered until 6-8 PM tonight. Does that sound right to you? You mean they can deliver it later than the original delivery time on 07/05 but couldn't on 07/01? Make that make sense."
Costco,2023-07-04,1,"Costco claims to want to be customer friendly, but their self checkout stinks. After you load your cart, then you have to unload your cart and then reload your cart. Why? Is no one at Costco smart enough to drive over to Sam's Club and see what the competition is doing better than them. I have a membership at both but I no longer use Costco, at Sam's I load my cart one time, that's it, and I don't even go through a checkout lane, I use the scan and go on my phone. But if I did use the self checkout lane I still don't have to unload my cart, THEY HAVE SCANNERS."
Costco,2023-07-03,1,No way to send an email. Cannot converse through twitter. Cannot post messages on facebook. The chat function is only a virtual assistant. No thought about the customer? Online customer service is so much worse than any other similar sized company. I am sure they have not compared themselves to other companies. We purchased a 4 pound jar of animal crackers and could not unscrew the top. Four different adults tried – unsuccessfully.
Costco,2023-07-01,1,"First delivered wrong one for me. You guys said after wrong one return, then different refrigerator (I selected) will be delivery for me free charge. Whatever you guys still not delivered, also charged again for new refrigerator. You guys made cheating on me? I'm waiting for answers. Today I prepared for delivery, all of foods moved out. Now my foods are not available for eating. I'm so mad now. I loved Costco shopping. But Costco only made lied to me."
Costco,2023-07-01,1,"Costco sold me an extended Warrant ( All State) for my 86'' TV Let me tell you, it's a longggggggggg process to get hold of the warranty company ( All State) and make a claim, BUt it's very fast for them to tell you NO, well that's NOT covered. I spend $1500 on the tv and $100 on the warranty. Use it maybe 10 times. I contact he Costoc and All-State and Both declined the return or replacement or even a partial refund for the replacement TV."
Costco,2023-06-29,5,"I signed in an new account with Costco.com and ordered some food such as milk and egg etc. Got food within schedule. Ever since delivery people began pickup food from Costco, I have got txt. And on their way to delivery, got txt again. Few minutes ahead delivery got txt too. Then got txt while they got there. Thanks for the delivery person."
Costco,2023-06-29,1,I purchased a stainless steel Whirlpool refrigerator on 2020 and purchased a warranty as well thru All state. I had issues with the Refrigerator with rust. I purchased this item in home depot and never had an issue with rust. Not sure if the item I purchased in Costco it was really stainless steel. All state notified me that the warranty doesn't cover rust. It is impossible that after 2 years 1/2 the refrigerator had rust. I lost the 2k and now I have to purchase another one. It was the 1st appliance I purchased at Costco and I will never purchase a major appliance there. Delilah Rosario
Costco,2023-06-29,3,"If I give my daughter my card to buy for me something because I may not be able always to go to the store and she is not a member. You should let her purchase wit MY CARD, you should be more flexible with this rule, it's fair maybe not a good business for you!"
Costco,2023-06-29,3,"Costco has one of the most uncomfortable shopping experiences. You have to show your card half a billion times to shop... I can understand presenting your card when you come in but now they have someone at self check out asking to see your card, which makes absolutely no sense since I can't scan an item without scanning my card. Then you get shopped out the door and your items get counted before leaving... Their system will make you feel like a criminal."
Costco,2023-06-28,1,I bought a virtual Costco card online for $500 thinking it'll be easy to make purchases when I visit the warehouse. BIG mistake! I never received the card in my email and when I called they said it could take upto 5 business days to arrive IN MY EMAIL! I tell them the policy states upto 24 hours and the guy is smug enough to say ok so call back later! I told them to go ahead and cancel the order and that took another hour to do and they told me it'll take a few days to get the money back. Ok cool - I wait for a week and no money so I call again and I'm with someone for a half hour while they tell me it can't be done and I have to wait for 4 weeks for my bank to release the hold! I work at the bank so I know it's not the bank that holds incoming funds but I tell them it's not from a bank even - I used a PREPAID visa to buy the Costco card- oh that's when things get worse and they're like that could take every longer - longer than 5 weeks to return money for an order that was cancelled within half an hour for a digital card! I'm still waiting for my money and it's been a colossal waste of my time - COSTCO is the worst!
Costco,2023-06-18,1,Why would anyone shop at Costco it's way overpriced plus you have membership dues. Make it make sense. Go to Woodmans bigger selection cheaper prices. Plus they have bags and bag your stuff for you.
Costco,2023-06-16,1,"I received items that I did not order. I talked Anthonique,customer service, she said I need to go to UPS and send back their mistake item. I was going on vacation the next day, and I live in military post in the countryside which will take a 30-min drive to a UPS store. I asked yhem to pick up their mistake delivery from my location, she daid she cannot help with that and she will charge for the items they sent me by accident if I do not go to the trouble to return them. I talked her supervisor, Angel, she said the same thing, and if she doesn't get the items returned from their mistake, they will do ""collections "". Forced me to drive 30 min each way, total of an hour for their mistake. Good reason to not get a Costco membership!"
Costco,2023-06-14,5,"I reckon it's the best retail supermarket in the whole country. There are cheap products and not only the one you can consume. You can buy here clothes, electronics, and literally everything you wish."
Costco,2023-06-09,5,"In fact, this is a great opportunity to shop online and order whatever you need online. Costco is considered to be the one of the most demanded supermarkets and that's why it does a lot to develop its services digitally. Moreover, it's one of the cheapest! There will be no difficulties ordering stuff here. The conditions are kinda transparent, I like them."
Costco,2023-06-09,5,"We used their optical services. The staff tipped us about the best deals, choice of frames. They're knowledgeable and friendly."
Costco,2023-06-08,2,"We have been waiting for Costco to deliver our washer/dryer. It was originally supposed to be delivered last Saturday. It never showed up so I called and they said it would be delivered Wednesday. I even got a phone call Tuesday with a time window and everything. It never showed up so I called. Costco talked to delivery and then promised it would be delivered today (Thursday). Once again I rearranged my whole day to be home and it didn't arrive. So I just got off the phone with Costco again and now they say Saturday. Our items are in the area, the delivery company is just being incredibly flaky and not showing up. Before I was frustrated but now I'm mad. Costco needs a new delivery company."
Costco,2023-06-06,1,Had a lights on my car for a low tire pressure they checked the tire and told me that a need a new tire but they don't had it in stock. I went to different store and ordered the 2 front tires over 600 dls and when they were about to replace them I ask about the damage and they said that they could fix the old tire because it was still good.
Costco,2023-06-06,1,"I ordered a laptop computer for delivery to my home address. I ordered a laptop computer for delivery to my home address as I was traveling and needed this laptop. Costco somehow shipped the Laptop to the warehouse (Davie) and not to my home address. It was a Costco error as my order online clearly stated my name and home address as the shipping address. This was extremely frustrating since this was the second miss-delivery in 4 months as back in February/March they miss-delivered as promised. In addition, as a customer and all the frustration for not having my laptop as expected, their customer service help show no compassion. Date of experience: June 05,2023"
Costco,2023-06-04,1,"I purchased 72 ""Hatch Chile"" Tamales for $89.95 delivered and wondered how they would arrive in Florida still frozen. They arrived, but 1.) weren't frozen. The advertising Photographer made them look like regular Tamales. 2.) They were LESS than 1/3 the size of normal tamales at only 1.5 oz. Each. A ""normal"" tamale is 5 oz. They were advertised as ""Hatch Chiles Tamales"" but the package said 3.) Black Bean Tamales. 4>)The manufacturer was Texas Tamale Company although a sewn on tag said Made in Mexico and no pre disclosure was made. 5.) Costco made excuses and referred the matter to Texas Tamale Company who made no representations to me either before or after the sale. Costco deceived me, not them. 6.) Here's the kick in the head: A normal serving of Tamales is 2 Tamales. That's 10 ounces. To get a normal serving of these, it takes 6.66 tamales@ $1.09 each (the cost per AND the typical cost of the average Tamale (+/-) making the serving price of THESE to $7.27 per person. Total deception. 7.) The wrappers were oversized by 40% to suggest volume that wasn't there. WATCH OUT, PUBLIC!"
Costco,2023-06-02,1,Citi security cut me off when I was traveling! They would not try to resolve while I was traveling. Citi Credit security uses user hostile features and should be cleaned up.
Costco,2023-05-31,2,"Please stop moving your Bread and other Item around. Every time I shop at Costco I have to run around the entire Store to find my things.Today was trying to eat first and was told I can't go straight ahead to the Food court anymore? But there was no convenient way to reach the Food court,had to go all the way around the registers.what the heck? As a EXECUTIVE Member I expect a better shopping experience. So please work on these Issues. My store I goe to; 2855 Jordan Ct. Alpharetta, Ga *******! Next time I might give more Stars."
Costco,2023-05-30,1,Purchased 2 gift cards on costco.com they processed payment and cancelled my order. They stole $300 and customer support On very rude way told me that I used prepaid visa so its my fault. Done with costco forever. Taking them to court
Costco,2023-05-23,1,"The actual instore shopping is fine but the online website sucks, constantly has wrong items and has long customer service time to fix it."
Costco,2023-05-15,2,"The stuff at Costco is actually more expensive than similar things at other supermarkets when those supermarkets have a sale. But I used to go to Costco because they have some things or brands of things which I couldn't find anywhere else. Recently, however, the bad attitude of one employee made me never want to go to Costco again. I'm not sure whether this was an employee of Costco or an employee of whatever brand of product he was offering samples for. Anyway, this employee was a Korean guy who was offering two trays of chips with dip - one tray on the right side of the stand (this is the side with the customers standing around talking to each other) and another tray on the left side of the stand (this is the side next to the wall). That employee offered me a sample. Because of Covid-19 considerations, I did not want to take a sample from the side with all the other customers talking so close to the tray. I didn't want to eat a chip with someone else's spittle on it. So I reached for the other tray, and that employee fiercely slapped my hand away and yelled at me for reaching for that tray. His exact words were: ""Don't touch this tray; it's mine!"" Now, as far as I know, if you put two identical trays of samples on the stand and offer the customer to take a sample, either tray is fair game. If you had no intent of offering the other tray, then don't put it on the top layer of the stand. There ARE bottom layers where he could have put that tray if he truly meant to save it for later or whatever. Either way, I was not at fault in any way for reaching for either of those sample trays. And yet, that employee used physical violence against me by slapping my hand away and humiliated me in front of everyone there by scolding me like a misbehaving child. That is beyond unprofessional. Furthermore, Costco does not station any employees at the shopping area, so when you have a question or an issue, it's very difficult to find someone to ask or report to. In the past, when I've needed someone to ask about where I might find a particular type of product, I had a very hard time finding anyone. None of the employees in the shopping area offering samples will help you because they are supposedly only responsible for the product for which they are offering samples - nothing else. And when you finally do find an employee elsewhere, they will not walk with you to show you where the product is. They would only point toward the general area and they can't even give the exact aisle where the product should be. It's very hard to find anything at Costco and the employees aren't very helpful. All in all, the impression I got from shopping there - about half a dozen times thus far - is that their employees don't care at all about their customers. I would even say that, if that Korean employee's attitude is any indication, their employees don't treat their customers as people - their employees don't give their customers the consideration or even the respect they deserve as human beings. That might be because of the stress of working there. Maybe they have to work long hours for meager pay - who knows? But whatever the problem is, it's affecting their company culture in such a way as to give their customers the impression that their customers are seen strictly as expendable cash cows. Again, if their employees are disgruntled because they are being treated badly by their employers, then it may be time for Costco upper management to reexamine the way they're treating their employees before more of their employees redirect their disgruntled and/or resentful attitudes toward their employers into mistreating or neglecting their customers."
Costco,2023-05-09,1,"This is Costco. This is not honey. I was raised producing honey all my life, end the real honey never, ever separates that disgusting appearance"
Costco,2023-05-07,1,"Costco has changed a lot after the Covid pandemic. Prices has gone disproportionate with inflation, quality of fruits and veggies is worse, and they bring in good produce one week followed by lower quality next week ( bait and switch technique). You pay premium prices for lower quality. Whole Foods or traders Joe is way better. Goodbye Costco."
Costco,2023-05-05,1,"DO NOT BUY electronics from them. I bought a very expensive MSI gaming laptop for Christmas last year for my son. Little over a year later, the screen totally fell off. The computer would then not turn on. The glue holding the screen on just would not hold and it FELL OFF. Not to worry, I thought, it's out of warranty from MSI, but Costco extends for two years for defects and this is definitely a defect. So, I called Costco and sent it in. They ruled, even after escalation, that this was ""Normal"" and ""to be expected wear."" I've owned a lot of computers and I have NEVER had a screen just fall off! What a piece of junk. Costco's 'warranty"" is a total joke and does not support the consumer at all. I will never again buy anything from their electronics department and neither should you!"
Costco,2023-05-05,1,Terrible experience. I ordered window shades that were way too short so I returned them 10 days ago by mail. Apparently they never received it. Customer service assured me that I would receive a call within 20 minutes from customer service and shipping department. That was 6 hours ago. Should have ordered from Amazon. Lesson learned. Will never do business with Walmart again.
Costco,2023-04-29,1,Is there a reason for a house of 4 members to buy a more than one membership card? Membership should be ID and address. Me my wife my two daughters live in a same house only one can shop in Costco clearwater florida manager very nasty.
Costco,2023-04-30,5,Good luck if you got a refund from Costco for over $1000. It is a major of affair to try to get it cashed. They took my coupon off to some office and say that they're bringing out a check. They will give me no idea on how long it takes to get the check.
Costco,2023-04-28,2,No service for torque check as I tried two times but couldn't make it as employees wanted me to stand in line for half an hour.They wanted to deal other customers and some of them were just asking random questions. I understand some employees are very slow and they should not be in front. Also a bad policy of calling customer inside for taking signatures of torque check without actually checking. This way one has to look for parking and then go inside to stand in line forever for nothing. I just bring to your kind notice that if something happens to my car because of tire change then Costco is fully responsible as they couldn't check torque even after spending time in line for two days. They also could not find my record of purchase of tire and I had to come home back to take purchase receipt. Though have purchased both winter and summer tire in 2021 and 2022.
Costco,2023-04-25,1,"I had a neighbor who received a fridge and the delivery guys decided to run past their truck to my car. They jumped up on top of the car and damaged the hood, broke my windshield and completely crushed my roof. Both guys jumped on top of the car and I have video of this and they refused to pay. Be very careful doing business with them if at all. I wouldn't ever buy anything from them again. This needs to be stopped. Allowing big companies like this to get away with this."
Costco,2023-04-18,1,"Sorry to bother everyone but had a little problem at Costco today and just wanted some answers. I have a 3 1/2 lb service dog. Who has all her credentials and paperwork. Today I went to the Costco here in Mississauga, Ontario. I showed her card at the door with NO problems. I proceeded to the ladies room. I received a call. When I came out I was on the phone, I was walking towards my Dad. The lady from the self check out followed me. She may have said excuse me but I did not hear as I was on the phone. She then decided to smack the display I was beside right beside my head. She did this so loudly that everyone waiting to check out turned to look at us and see what was going on. The person on the phone with me thought something bad happened. She then proceeded to yell at me about my service dog. I said she was a service dog and showed her card. Then she went away. I was embarrassed, my dad was as well. This is not the first time Costco employees have treated me like a second class citizen because of my service dog. Last time I went to Costco at Winston Churchill and Dundas here in mississauga, The lady at the door refused to let me in until I told her WHY I had a service dog. At that time I was told that it was Costco's Policy to ask. I did try to phone head office but no one would give me the time of day. So now my questions are. IS IT COSTCO'S POLICY TO TREAT CUSTOMERS WITH DISABILITIES LIKE CRIMINALS OR SECOND CLASS CITIZENS? IS IT COSTCO'S POLICY TO EMBARRASS THERE CUSTOMER'S WITH DISABILITIES AND SINGLE THEM OUT? WHY DOES COSTCO'S HEAD OFFICE NOT CARE ABOUT WHAT IS HAPPENING TO THERE CUSTOMERS AT THE STORE LEVEL?"
Costco,2023-04-17,1,Ground beef at Costco tastes everything but meat. Disgusting. Quality and taste changed in the past few months.
Costco,2023-04-13,1,"Very simple, purchased laptop and complete coverage. Had issue. They turn you over to 3rd party trash company ALLSTATE. Disappointing that Costco passes off the leverage with the computer manufacturer to a 3rd party insurance company that has no interest in solving/resolving the claim. I have spent 10s of thousands with Cosco over the years. Bought several electronic items. I wont ever again."
Costco,2023-04-13,1,"I am experiencing a nightmare trying to get what I think is a reasonable request.3 items purchased online from costco.com delivered and installed at the same time...""no sorry we can't do that"" Ridiculous!"
Costco,2023-04-12,1,"This evening I went to Costco to purchase a deep fryer and there was no fryer available. As I left the store I walked out the entrance instead of walking all the way around the store because of difficulty walking due to back, knee and feet issues. As I walked pass the lady at the front checking cards she asked me if "" I WAS GOING FOR A CART"". I told her no, I was leaving because I did not find the item that I came for. She rudely said "" Don't come out this way again, you have to go around"". It hit the wrong nerve with me, how she spoke to me and I asked what the problem was to go out this way and she responded its Costcos policy. Well, I have seen may people exit the store this way in the past and it would have been apparently fine if I was coming back with a cart. I had to call her on her bull$#*! response and asked for a manager. When the manager arrived she also said it was store policy, to which I asked 3 times for her to show it to me in writing. She then told me that it was her manager that changed the policy just recently. I called her bull$#*! as well because local managers do not change Costco policy on their own. She then proceeded to put her arm behind me and without touching said that she would walk me out. I was not in a very good mood and I told that she was a $#*!ing idiot and she needs to learn her job before she responds with bull$#*! remarks to customers. As I left the store another Costco female employee which looked more like a guy/Butch approached from behind asking me if I had any respect for women. I told her that I have lots of respect for women and everyone for that matter, with exception to people that piss down my neck and try to tell me it's raining. She continued to asked the same question so I told her that if I did not respect you as a woman she would have been laying on the ground and missing some teeth by now for confronting me in that manner. I then walked away because I was scared of what might have come out of it if it continued. After spending 21 years in the Infantry and fighting over seas for my country I totally despise people that do not know their jobs or company policy and lie to customers faces. Also, there is no signage that says NO EXIT going that way either. Sorry, but these young kids nowadays have no work ethic or respect for anyone. Tomorrow I will be taking this up with the store manager and hopefully Corporate."
Costco,2023-04-05,1,I bought a GE gas range from Costco online. The delivery guy came far behind the delivery window. And the product information described as free installation. Yet the delivery guy refused to install. What a bad service! Don't have a good experience with them!
Costco,2023-04-05,1,"I ordered 2 major appliances on 3/14/23. Four separate appointments in, I still do not have my appliances in my home. The front panel of the dishwasher was found to be dented during the 2nd scheduled appt (for installation). This happens so no problem - I just called to get it replaced. Since this time, I have scheduled 2 more appts for the new DW to be delivered/installed. Delivery did not show & their only solution was to schedule ANOTHER appt -taking off work & hoping they show (?) I refuse to miss anymore work for this fiasco & asked for a refund. Unfortunately, they want to schedule appts for that too! Unsatisfied, I went to my local Costco and spoke w/ the GM who told me his hands were tied since they were a separate company but I could bring the appliances back to their store & he could refund. So now, I am stuck with a dented DW & 400 lb fridge or hire someone to load it up and deliver back to the store. I also asked the GM - ""If I can't purchase big ticket items without Costco 'backing' their sales & service, what do I pay an Executive Membership for?"" He replied, ""that is for the 'ability' to shop here."" :| Needless to say, I will not be renewing my membership & will be telling everyone I come in contact with."
Costco,2023-04-02,1,Went to Kyle texas grand opening yesterday they wouldn't let us in unless we paid 60.00 for membership that's bull never even looked around would like to before I buy membership bad customer service we'll still go to sams club pitty
Costco,2023-03-25,1,I normally don't write reviews. Today at Costco Mr Greg the manager off of Beardsley and the 101 had absolutely zero empathy. I am a 57 year old woman with a broken foot and two broken toes I had just gotten out of the ER and Costco's pharmacy has given me the runaround since Saturday today is Friday almost a week. I have gone back and forth to two different locations and today when I came the line was extremely long and I simply asked if they could accommodate a handicap person and they told me they could not and that I needed to get him back of the line and wait my turn. One of the young pharmacist brought me a rolling chair and put me at the back of line extremely dangerous to be 200 lb sitting on a little tiny chair with a broken foot and a boot. At the end of the day I left there in tears I grabbed my dog's medication who they have been jerking me around for 6 days. She is blind and she requires this medication have I known the problem would have existed I would have gone elsewhere. I suggest that you talk to your Mr Greg and you explained to him to have compassion for the disabled and senior citizens Costco used to be all about taking care of their customers now it's about shuffling cattle in and cattle out
Costco,2023-03-23,1,What a scam. Signed up for executive and never received any of my rewards so I downgraded. Instead of telling me I had rewards(just never got mailed to me) they let me downgrade which nulled my rewards I had already accumulated up to that point. So after a year of no rewards I asked the customer service counter and they said I lost them and they couldn't do anything about it. So I cancelled my subscription with the credit card. Then to get my cash back off the card I have to go back to the store that I just left. What poor customer service from Cosco. Chase freedom card is just as good and they actually provide you with customer service and give you your earned cash back. What a concept for a business. Not worth the headache to do business with cosco
Costco,2023-03-23,1,I have been a customer for over 20 years. We shop there at least twice a week and spend a decent amount each time. Recently we purchased a Sonicare toothbrush. Two weeks later we went back in the store and saw the newer model was on sale for the same price. We purchased the newer model and took the original one back to the store in the original box and packaging. The customer service representative embarrassed us in front of a crowd expressing we return too many items and we are going to be put on a special list that Costco is going to monitor our purchases.
Costco,2023-03-16,1,Started going here a few months ago…. Surprised that despite having to pay expensive member fees and buying huge portions many products are more expensive than other stores per weight. More annoying is having staff yell at you to see your membership card just because I walked past while they were busy socializing and chatting instead of working. Sucks to pay membership fees just to get harassed by their employees (out of 6-7 shopping trips I have had 3 separate employees harass me which is something I never experience at normal stores). Wish I could refund the membership as I won't be shopping there anymore.
Costco,2023-03-15,1,"I ordered a 1400.00 sofa from costco. Shipping company lost it, it took hours of phone calls with the efw shipping and costco customer service. Costco never returned a call. I had them at least 6 times even after speaking to supervisors they would follow up and contact me. Not once! I kept having to call back. Finally they just shipped me a new one. Then 2 months later the original sofa shows up at my house. I can't keep something I did not pay for so I contact costco. They say they will pick it up. I get a call from the Efw original shipping company who lost it and gave me the run around in the first place tell me they would pick it up. Well, they never showed. Costco marked the sofa as return cancelled so I called costco. They would not tell me why they marked it cancelled. After being on the phone for another half hour, the associate told me costco will contact me with in a few days to make sure it gets picked up. Guess what? 6 days later no call. Nothing. EFW called again today and no apology, they just said they missed the date so they will shedule again. Really? It is now 4.5 months and I am still dealing with a sofa problem from costco. I am the customer. Shame on Costco, they should be ashamed!"
Costco,2023-03-15,4,Appliance delivery lied that no one was home... and subsequently Costco verified they lied... I took off of work all day.I wasn't sleeping... house was empty...I sat out front waiting... we needed our refrigerator to move in... no reason for their horrible service.
Costco,2023-03-13,1,I always have thought that Costco has the best customer service and support until My LG TV broke down. I called them and every time it took me between 30 minutes to an hour to connect to them. They had to contact another department and again I was on waiting for another 30 minutes. I called them about SEVEN times and waited for more than three weeks. The final result was none. My TV guarantee was useless and I had wasted my money to buy an additional three-year guarantee.
Costco,2023-02-20,2,"I bought 2 frames and lenses. I was told they will arrive in a week to wait for a phone call. To make sure both glasses came in due to 2 seperate invoices. I have been calling fir 3 days. Phone just rings rings rings. Finally after I get someone on the phone, glasses been there for 7 days. I got no phone call informing me of their arrival, not even an apology. The guy just said they are in for pick up. No customer service skills should not be Working with customers."
Costco,2023-02-13,1,"It has been a while that we buy chicken from Costco any kind, different parts and we experienced the tast very different and awful, I keep throwing them out I don't know what is it but more taste like plastic, I won't buy it anymore it's just wasting money and time"
Costco,2023-02-10,1,"Orderd online, received confirmation of shipment (through UPS), and credit card was charged with the purchase. At estimated delivery date, I found out UPS never pickup (there is no package for UPS to pickup). Following are what I went through: 1. Contact customer services - He told me he filed ""return and reship request"", and I should get notice of shipment in 2 days. 2. No notice received, so 3 days later I Contact customer services - I was told that they are working on the order, be patient. 3. After 7 days of no notice, I contact customer service- I was told the product is out of stock, and don't know when it will be stock. 4. Customer service rep told me, she can request a ""return and refund"". I should receive the refund around 7 days. The issues with Costco.com are - 1. When the product is out of stock, they should inform customer. 2. Product never shipped - but I have to go through ""Return and Reship"" process; or ""Return and Refund"" process. Costo need times to verify the return. Each step took week with no results. 3. If I don't follow up myself, Costco customer service told me that my order will be just in limbo. I.e. No delivery and no refund. Not responsible of doing business!"
Costco,2023-02-09,1,"Buy a product with installation and it won't be installed! Call the CEO, Craig Jelinek, and tell him what crap this company is! Or spend Time holding on the phone and talking to India and then returning the product! Shop elsewhere if you are smart."
Costco,2023-02-07,1,I was refused entrance today because I did not look old enough to qualify for senior hours. The person at the door has only her guess if I am old enough. There were several customers entering at the same as myself and several were obviously younger than myself yet I was the only one stopped. At no time was I asked how old I am nor was I asked to show proof of my age. I was only told I could not come in till 10 am. At this point I was debating if it made sense to continue spending thousands with Costco then I noticed nobody being stopped when the clock hit. 9:20. Keep in mind there is not visable signage to indicate senior hours or what age is considered senior.
Costco,2023-02-06,3,"Be aware of the quality of perishable products. I bout a carton of heavy cream on 01/31/2023 with an expiration day of 03/04/2023 at 18:21. I started to make a chocolate mouse for 15 people four days after the purchase. Prep a pack of 16oz of good quality Belgium chocolate, but when I opened the heavy cream pack, it was spoiled. I reached Costco in Marlboro, New Jersey, and got a refund offer. But I ended up with wasted ingredients, 1 hour of preparation, a bunch of dirty bowls, a broken promise to bring a dessert to the party, and the worth part, a big upsetting. Just be careful with perishable products in Costco. Try them before you expect to use them at least a day prior."
Costco,2023-02-03,2,A customer ran over my foot with his cart two months ago and to this day their risk management has gaslighted me
Costco,2023-02-03,1,"I can't believe they closed photo printing! What an I suppose to do for prints albums and invitations! I did all my photography printing through Costco photo for the past 14 years. Now they want me to use shutterfly, are you kidding me. Shutterfly is terrible the quality and color of pri ts are terrible, not to mention the price is 4xs Costco. I won't be able to afford to offer prints and albums anymore. I'm upset. What about the dozens of previous books and photo projects I had saved on Costco photo?"
Costco,2023-01-30,1,"Went to costco to buy random things and an Atv. Decided on a 43 inch. The sign said 43 inch samsung for $199. At the register it came up as $299. A worker came to the conclusion that the tv was put in a bag that needed filled. The price was ""for a tv out of stock"" So the display tv that I LOOKED AT and the TV DIRECTLY BELOW IT in a box was a samsung but the price for the tv was different? When explaining THEIR mistake with no compromise they said ""yeah we're taking the sign down now"". That's your mistake. It's not out of YOUR paycheck. Honor the mistake."
Costco,2023-01-26,1,Ordered lighting for disabled lady friend Cancelled order but costco online still shipped but to add insult to injury their courier delivered to wrong addresses and then still await refund after 2 weeks of their failings managrs useless also customer service terrible the elderly disabled lady traumatised by whole experience bank now dealing with matter as costco online logistics incompetent explained my contract with costco not their courier company never again costco online have no respect for female disabled people their failings and expect you to chase them avoid costco online ill be publishing ails and names of people concerned online
Costco,2023-01-23,1,Who was the genius that decided to do away with the Costco Combo Pizza? THAT was 80% of the reason that we maintained membership here ….! What a STUPID decision!
Costco,2023-01-21,1,I have a nail in my tire. I have a Costco warranty. I will I was told that I would have to wait until there was an opening between appointments It is not my fault I have a tire that has a nail in it. However they were less than kind. The earliest appointment is 5 days away. I will never buy tires here again. M
Costco,2023-01-20,1,"My name is Stephen, I went to an interview this morning. 1800 West Sample Rd. 10 am first interview I'm assuming that was scheduled. First thing I told the Assistant GM I was there for an interview. The reply was I didn't see any interviews scheduled today and there's only two of us here. So, I very nicely said I was called yesterday afternoon and told to come in. Right off the bat communication is a problem. They asked me to wait in the office. From 10am to 1145am, be with you in moment, be with you in a moment. Very patiently waited. The scary part however, is that there were 3 people that came in as well for an interview. How is it that you have 4 people now waiting to be interviewed, but not have one interview scheduled? Whoops! Finally I was interviewed, the manager didn't really seem to care about it, a little disheartening. Then told me I seem nervous, nervous? How about I'm a 38 year old man who'd just moved here and I have 3 kids to support. I'm not nervous I'm anxious, I have been unemployed since November. There isn't time to drag feet. So that was that. And passed through to a second interview. When we came back to the office both Assistant GMs were in. The department manager asked, one man can you do a second interview and he said no and rushed out. The other manager gave me the second interview. He was the one seemingly nervous fumbling his paperwork all over the place asked me maybe 2 questions couldn't give me a straight answer as to what to do. 0 out of five, absolutely ridiculous. It's extremely frustrating when your unemployed and your watching people right in front of your face not be able to do there job, total joke. Now, I know it's a busy place a lot going on. I myself have worked in a very high volume store as well. But always always! Am capable. Just thought I would share that with people who may be like me, trying your best and getting shut down, because people are intimidated by your personality and confidence. It's not you it's them. Absolute joke. If I could give no stars I would unfortunately I have put at least one. And that's being generous."
Costco,2023-01-18,4,Wide variety of items from Electronics to Food. Great Prices. Pet products and cleaning supplies are a great value. Also love the clothing section.
Costco,2023-01-14,1,"I have been a Costco member for About 30 years. I recently purchased a Case of organic mangos for an event For my son. When cutting the mangos A couple days after purchase, the Entire case was rotten. They were firm To the touch yet around the seed, soft And brown. I always unpack-age and wash my Costco produce upon arriving at Home. Then the packaging gets Recycled where possible. In this case I Washed and set the mangos out on the Counter to finish ripening. It was trash Day the next day, so all the packaging Went curb-side in bins. Once I saw that 100% of the case was Inedible, I decided to take a photo of The entire lot so that I could get a Return at my next Costco visit. I explained the situation and displayed The photos of the merchandise and The clerk indicated he had to talk to Another employee. I waited and upon His return he indicated that because I Didn't have the packaging, he would Complete the return as a curtesy, but He would be leaving documentation on My account as to limit my ability of Asking for a similar return in the Future. 1 literally spend about $40k in produce At their store annually, and they decide They are going to lecture me about my Return and, furthermore, plan to ding My account with a red mark. All over a $12 item. I walked away without processing the Return. I am appalled and Flabbergasted. I am, in no way, in the habit of making This kind of return, even if that would Be known as a limiting factor. I plan to call corporate on Monday."
Costco,2023-01-12,2,"Presciptions should never be taxed, even for pet meds! I have to take my pet to the vet just like I have to see a doctor for a prescription. You do not tax human medication, why my pets medication? This is not right!"
Costco,2023-01-12,1,Costco needs to provide the ability to check availability of stock in each warehouse. Should be able to buy online and pickup in the store or at least be able to check online the inventory and which store has one in stock. I'm sure they have the data in their system so it couldn't be that difficult to integrate it. They don't answer the phone so calling is useless. Come on man.
Costco,2023-01-11,5,"We ordered a KitchenAid Dishwasher from Costco and Anthony was assigned through Handy to deliver and install the dishwasher. He did an amazing job! Took his time, and made sure everything was perfect and we were happy with the installation. He answered all my questions and made recommendations on how to use it. We have never had a dishwasher so he was very helpful with his answers. I would highly recommend Costco and Anthony!"
Costco,2023-01-05,2,"If you have a Sam's membership, get rid of Costco for several reasons - 1) Sam's is cheaper, 2) for the price of membership to Costco, you get FREE shipping at Sam's without needing a minimum purchase, and 3) Sam's has all the name brand products more so than Costco. This is my second year of membership at Costco but over 20 years with Sam's. I now regret ever going into a second year with Costco. I recommend not ever getting a Costco account if Sam's is available."
Costco,2023-01-03,1,I took my car to get its normal tire service at the Spartanburg tire center and they stripped a few of my tire studs and lug nuts. I had to take it to get it repaired and Costco won't reimburse me my money. That's crazy! They mess up your car and then say it's normal wear and tear. My mechanic said otherwise.
Costco,2022-12-28,1,There's a woman who doesn't let us pass through isles to shop such outstanding customer service isn't it!?
Costco,2022-12-26,5,"We signed up to be a Costco member in 2015. I still remember the first time we shopped there. We were overwhelmed by the bag size of the Kirkland Italian meatballs and couldn't leave the store with it and had to return it right away. LoL. Fast forward, we couldn't love all these big bags of frozen blessings aka organic fruits vegetables. No longer scared of the size of the bags. Love the varieties of organic foods esp. Dried fruits, peanut butter, honey, and more! High quality food items we could count on. The return policy makes us feel more brave to try new things. More often we fall in love with what we try and cannot live without, which is a big problem because Costco one day may decide to rotate them out or stop carrying them. We never understand their rhythm of what will be rotated out or discontinued. Bought an LG washer/dryer tower. Was satisfied with the delivery, installation, and haul away. Bought an iPhone and switched to Verizon with Costco with a good deal, but not the best because since Nov Verizon's promo is much better. I did ask the sales person at Costco whether the deal would get better during Black Friday and holidays, and he said no. Not great selections for toddlers and kids shoes, socks, clothes, or underwear. Sam's is way better in this category, but overall value Sam's is 1 star comparing to Costco We don't like rotisserie chicken, pecan pies, fruit cakes, cookies, bagels, nor muffins. Some of these have die hard fans, but we can't understand why as we have tried them and found them to be pretty bad. Like rotisserie chicken was a mush. No integrity when we bit into the chicken meat, and so it was super weird like eating minced up meat. We love chocolate mousse tuxedo cake and cheesecake. We love that sometimes they source from locals, e.g. when we lived in Midwest we got to eat apple cider donuts from Chicago. Now we live in NorCal we get to eat cookies and cakes from San Francisco. Yum. Tried the car dealership thingy. Not worth it. No value added. Bought a car with no deal just MSRP. Tried travel once. The hotel part was a good deal, but the flights were horrible. Took us a day to fly from Midwest to Vegas. We are not a fan of the line walking out of the warehouse. We've never liked the feeling of being a suspect of shoplifting."
Costco,2022-12-24,1,The basic representative knowledge is less than zero The supervisor can't explain to us why our delivery day removed from 12/22 to 12/26 after we take the day off therefore we order it from local store I the same day This wasn't the first time we have problems withCostco delivery team but 3rd time Yes you may save couple hundreds dollars but be ready to get day off plus to be treated like garbage with Costco white glove team When Costco started was a customer oriented but now they are stupidly oriented
Costco,2022-12-19,1,Noticed there are no Trump books offered or available and many Obama unsold in Costco warehouse. Guess they are part of those who do not favor equality?
Costco,2022-12-18,1,"There was no sign warning me that Cosco does not take Master Card until after 2 hours and two carts of KidsXmas presents, I had to leave the store...Empty handed...WHAT A WASTE OF TIME, NOW... PUT A BIG SIGN AT THE ENTRY LISTING WHAT CARDS YOU ACCEPT/DO NOT ACCEPT...So others (and there was one behind me) that had the same problem.) other customers don't hit this obstical. *******@nc.rr.com...depressing!"
Costco,2022-12-17,1,"Just a few days after I purchased a patio furniture set from Costco Online for $2,499, I found out that my local Costco store is selling the exact same set for $500 LESS than what I paid online. That's 20% less. Neither the store nor the Costco online help desk would do anything about it. They told me that the online store will not match store prices! Be aware that store prices DO NOT match online prices for the exact same items! In my case online prices were substantially higher, and the company will not do anything about it. What a rip off!"
Costco,2022-12-14,1,COSTCO is TERRIBLE. DISCRIMINATION AGAINST WHITE PEOPLE. I loaded my cart with hundreds of dollars of items for a HOMELESS SHELTER and they DENIED me using my husband's Costco card because he was not with me. RACISM AGAINST RICH WHITE PEOPLE IS REAL. I hate Costco. And I am sure the HOMELESS SHELTER would HATE them too. COSTCO SUCKS.
Costco,2022-12-14,1,"Unfortunately Costco is not what it used to be, products are low quality. Another greedy company. SAD"
Costco,2022-12-14,1,"Ordered a GE gas range, Website stated installation was inlcuded. Items delivered, no installation offered. NEVER ORDER from Costco.com!"
Costco,2022-12-14,1,"Before I wrote my last review, I purchased an expensive item on Costco.com. I was supposed to receive on 12/1. I received a notice from UPS that my item would be available for pick up at my nearest store (I was home; they didn't ring my doorbell). I went to my nearest UPS on 12/1 and 12/2. By 12/2 UPS could not tell me where it was. I called UPS on 12/4 who said they would try to redeliver on 12/5. When no delivery attempt was made, I called Costco.com to get this resolved. The man on the phone told me that I would hear from someone by 12/8 and that if it was not resolved by then, they would send me the item again and work with UPS on their end to resolve the issue. I never received a call on 12/8 so I called again on 12/9 and was told they had until 12/13 to resolve the issue. Again, I never heard from them and had to call again today. Still no resolution, but my credit card has been charged and I need to pay it off or I'll be charged interest. Costco needs to get it's act together with respect to online orders. I'm seriously disappointed."
Costco,2022-12-12,5,I want everyone to know that Costco has some of the best prices in town for people who have a membership it is worth it! I put Costco gas in all my vehicles! I stand by Costco! Steven FasTrac Moving
Costco,2022-12-10,1,"I purchased a washer and drier combo, not even the one we wanted but that one was on backorder. So we purchased this one. I stated delivery date of December 10th, today is that day and nothing so I called after a few minutes they came bac and said sorry backed ordered it will be ready for delivery January 30th. I explained all above to them and never reseived an email or call telling me of the delay so i'm at home waiting for my washer and drier. They said it can be cancelled but I explained about the black friday specials and this does nothing for the situation unless they are willing to honor the same discount but they said no. I order plenty from costco and usually all is good but now on an item that is needed they dropped the ball. Cautionary tale, don't trust anything, call on everything specially Costco as they show to have poor follow through or followup."
Costco,2022-12-10,1,My wedding order of 600 roses never arrived. Of course all the fillers did (WTF). I reached out to Costco and they said they should arrive 12/12 when they were scheduled 12/9. They said next day delivery! The wedding is 12/11. I have no main staple for this wedding and am stuck paying $700 for flowers I won't get until they are dead! Costco you suck!
Costco,2022-12-09,2,"Had a death in the family, and we were kindly given Costco's Chicken Enchilada dinner by a friend as a dinner. If you like lots and lots of salt, you will really enjoy this. If not, don't get near it."
Costco,2022-12-08,5,Came in 15 minutes before closing time to costco in Katy Texas. Kevin Guevara the certified tire technician was so friendly and helpful. He fixes the tire on the spot. So grateful for Kevin. Love Costco
Costco,2022-12-07,2,"Today I was shopping at Costco, in Baton Rouge. Getting the receipt, I found three items that I didn't purchase coming in my receipt, hence my visa card was charged with the amount of $57.80. Checking the case back with the front desk attendant, she said it might be items that the customer who used the checkout machine purchased it. I said: how that comes when we have member cards with different #s The justification wasn't of truth. Then they refunded the extra amount to my V.C. Please check your receipt before you leave this shop."
Costco,2022-12-07,1,"Costco sells poor appliances and dubious warranties. I bought a Samsung oven that stopped working in less than two years. The oven had a two-year warranty, but Costco would not honor it. Why? Because of Costco delivery problems, my oven was delivered two months after purchase. But that two-month gap used up two months of my warranty, leaving me with only 22 months of actual warranty coverage after the oven was delivered – not enough to cover the oven's failure less than two years later. Costco should have honored my warranty because the delivery delay was entirely Costco's fault. Don't trust Costco appliances or warranties! Steve Alexander Edina, Minn."
Costco,2022-12-04,5,"We ordered a dishwasher through Costco.com which included free delivery, installation, and haul away of the old dishwasher! The dishwasher was delivered on Monday and the installation was originally scheduled for Monday as well (all set up by Costco without any effort needed from me). One day before I was informed that the original installation needed to be rescheduled and I was then allowed to pick a day/time that worked so I picked that Friday. The installer was picked by Costco through the Handy app. Ekene was our installer and he was punctual, efficient, friendly, and polite. He installed our dishwasher and showed me that it was up and running before leaving and hauling away the old dishwasher! Amazing! 10/10 experience"
Costco,2022-12-02,1,"I took my brand new Porsche Macan to the tire center at Costco for new tires. When I was called to come back and retrieve my vehicle, I examined the tires and noticed every single one of my brand new rims was scratched! I filled out an incident report and to no avail Costco did ABSOLUTELY NOTHING TO HELP. This is where they get you - they make you pay before the service is performed this way Costco can say they are not liable for any damages. I paid nearly $2,000 dollars to have new tires put on and damaged rims on my new vehicle this is unacceptable. This case has been escalated to corporate and still no help. It has taken now three months to get a response from Maria who is head of claims department. She is now claiming that Costco is not liable - Cancelled my membership and will never have one again."
Costco,2022-12-02,1,"I learned my lesson to not buy appliances from Costco. I purchased a dishwasher from Costco on 11/24. I was given a delivery date on 12/1 and install on 12/2. Delivery was 7 hours after time I was given with zero notice. Install company notified me morning of scheduled day that the installation date was being delayed one week due to a high number of orders. I called their customer service line and was offered $50 or I needed to find a plumber to complete the install. I had to make a decision on the spot and they didn't care about the lost time and inconvenience of me having to hire my own plumber to complete the install. Again, installation was to be included in the price. I was treated like a number and not a member! Buyer beware!"
Costco,2022-12-01,1,"Although my overall Costco experience is very positive, Costco needs to regulate the confrontational and irritating phone sales reps that typically come in on weekends. I don't believe it's proper to pay a membership fee and have to be subject to that type of aggressive sales approach. There's been more than 3 occasions where they have been so irritating that I felt on the edge of confronting their approach with an equally confronting reproach. Costco. Fix this!"
Costco,2022-11-28,1,I just received some beautiful marino wool socks as a gift. They have the Kirkland Signature brand on the packaging. The packaging looked like the typical cardboard like wrap around to keep three or four socks together in a bundle but when I went to rip it open I discovered the entire thing was cased in a very thick hard plastic that required scissors to open! In 2022 almost 2023 this wasteful and excessive use of plastic is absolutely ridiculous and frankly should be a crime with all the alternatives available to these companies! And instead these companies get behind gaslighting citizens trying to blame us for carbon...which by the way is needed for this planets survival. Its so twisted and wrong. We need to start boycotting such hypocritical corporations
Costco,2022-11-26,1,"I bought tires with a 50k mile warranty. One ended up leaking after about 10k got it replaced but they threw away the spare I had (with out telling me). Now I'm stuck with a flat tire and no spare. (Ironically it's the same tire they ""Fixed"") never again costco. Do your self a favor and buy your tires from a real place the customer service is ridiculously difficult to navigate."
Costco,2022-11-24,1,"Nov 2022: I started a chat and was placed at the 39th position, after 39 minutes my time came available. Agent TALEI A. Texted a message that I would now be placed in the 61th position. I never a had a chance to say anything! What a waste of time, and at 70 I don't have a lot of time left to waste. Last time I try that!"
Costco,2022-11-22,1,Don't buy the TV warranty unless you want a run a round. I have been trying to get my tv fixed for 30 days and still can't get help. Costco says they can't help. Then why buy the warranty.
Costco,2022-11-21,1,"I ordered two mattresses on the Costco website on October 17th, the total is $ 1244.08. Delivery includes set up and haul away. On Costco website said "" Delivery to the room of choice and setup. Packaging removal included Haul away of old mattress and box spring is included. First time delivery, the guy told me that he can't haul away my old box spring by Costco policy. He said his manager told him that he cannot haul away. He was obviously lying. I had to call Costco online customer service reschedule. Second time delivery, I was waiting about 9 hours for delivery. But when the guy came to my house, he told me that he cannot haul way 2 old box springs, because he didn't have space for them. I had to call Costco online customer service set up another schedule to pick up. Third time delivery, I got call around 8:30am for pick up, but they were show up until 4pm. I cannot believe how bad Costco service is. I will never order with Cosco again. I am a single mother who works full time. In order to buy these two mattresses, I had to ask for two days off. For this 2-days request off, I lost $320 in my salary. Is this the 100% satisfactory service you provide to members? It's a joke！"
Costco,2022-11-20,1,"It baffles my mind that anybody would PAY money just to get in to this store. Costco has an OnlyFans style business model and what do you get out of it? An absolutely horrendous experience every time you go into a Costco. The way that Costco warehouses are set up is like a hoarders mansion. You want a specific product? Good luck finding it. Costco throws a bunch of products on the floor (literally) and says take it or leave it. There are more people in a Costco than at Disneyland, and the experience of trying to navigate through a Costco is like driving on the freeway and encountering an accident every mile. Costco is to Walmart as sewage is to gourmet food. So that's really saying something. I never thought I would be grateful to step foot in a Walmart but after surviving the gates of Costco Walmart comforts me. You would have to PAY ME a large sum of money to get me to ever go near a Costco again. I rarely leave reviews but due to the egregious nature of my visit, I felt compelled to do so."
Costco,2022-11-09,1,"I ordered 7 items at Costco.com, with 2 day delivery. 4 days later I receive 2 of the items. I called customer service and I was promised that I would receive a call back, but that never happened. I asked that the missing order NOT be cancelled on all of the 4 phone calls I made, only to learn today that the items were cancelled. Nothing but bad service and frustration, and now I'm being told another 4 days to receive items on a 2 day ship. Hello, Amazon? It's time for a change for me."
Costco,2022-11-04,1,"I have been buying the Costco 40 lb bags of birdseed for years with no complaint... BUT the last bags I purchased are terrible for content! The birds leave most on the ground where I feed them. They eat the millet, sunflower seeds, corn but about 1/3 of the ingredients appears to be something like the chaff leftover after wheat is processed! It looks like it is ground up something... I am taking the 2 bags I have unopened back and even if I pay more somewhere else at least the birds will have something to eat and I will not have to gather it up and throw it in the garbage!"
Costco,2022-10-29,1,When asked for an item it's down here walk to end.Of course no item in that area of what I asked. Checking out one register open rest self checkout. For the membership price they should hve A+ service. Being a disable veterans wife is very frustrating.Sam is 100 better customer service as we hve both memberships
Costco,2022-10-29,1,"BEWARE: Costco.com may try to scam you like it did me. I ordered the ""Yamaha EZ-300 Bundle"". I received just the Keyboard. Costco.com kept insisting for days that ""The Keyboard Bundle"" only included the Keyboard. That it did not include the stand, adapter and booklet like in the picture I posted here. You tell me what I ordered. I had to tell Customer Service, I was going to contact their CEO, Walter Craig Jelinek. Only then did they escalate it to a Tier 2. A Resolution Team would be contacting me. After a few more days they finally got back to me to say that they will be sending me ""the bundle"" and that the keyboard I had to be sent back. It's ridulous what Costco.com put me and my family through just trying to get what I ordered before my adult daughter's birthday. This was a gift for her. So beware Costco members don't let Costco.com Customer Service try to scam you. The topping on the cake is we pay a yearly membership for this aggravation. I have for over 30 years."
Costco,2022-10-26,1,"I waited for 2 hours on the phone for customer service and finally hung up. I then tried Costco chat and waited 30 minutes. I got an answer to one of my questions about an order I placed and sent another question to Stephanie T. I didn't receive a reply to my second question and waited. The next reply to me was that she was disconnecting. I love Costco products but your customer service has gone down the toilet. I can now put you on the same level as Cablevision. I thought they were the worst, but you are right up there with them."
Costco,2022-10-25,1,"Costco online order shipping is terrible, my items often arrive damaged, leaking, etc... leaving a mess to clean up such as flour and detergent all over everything else."
Costco,2022-10-22,1,"Do they discriminate against customers? Had security guard in Littleton CO literally followed me around and harass me and also took it the next level and followed me around in my condominium living complex and then had his Denver Police friends help him out as well.( j. Dennis DPD) He said he was a former police officer. Now working security at Costco. Making people do things they otherwise wouldn't shouldn't do. Entrapment, which is what I don't^ know was to come next. Harassment can cause problems. Very overconfident he could do it and get away with it. Only one lifestyle goes that far as far as I know. Did I read they were very LGBTQ friendly? I'll somewhat give him credit here though. He did at first try to be my friend by helping me move my big heavy door into my place and then point out where he lived. Maybe I wad supposed get the idea and to go over there and have some beers. I don't know. But they are pushy and hate rejection. Maybe it was my fault. I could have never paid the favor back and didn't realize it. Yes I called corporate ( thanks in advance for the tip), but their kind of discrimination Is so one way closet protected it gets silent when it happens that I didn't get any kind of answer. It is their right to do it. Nobodies right to do it to them. Advantage closet. Taboo subject thanks to the one ways closet protection. Sorry, but they should be treated like the rest of us. Open transparent and not be allowed to blackmail harrasss entrap or rule in ANY one way fashion like they do. Closet victim lying about victimhood manipulating reasons or not. NOT better. It is called equal rights. Oh no, sorry. I don't have any proff of purchases. It has been awhile since I been there. Could maybe scrounge one up but that'll take a while if not forever. Got my old Costco card though. I think. Ask if really necessary. Thanks."
Costco,2022-10-21,1,"On October 17, I made a purchase online, which I canceled because the debit card was declined, which made me happy, because I had to pay for other things. The next day they made a money transfer and as soon as there was money in my account, Costco stole the money from my account for an order that they made again, they never asked me if I wanted the product again, they just took the money. I spoke on the phone, to ask for an explanation, they didn't explain anything to me, just go to the store and spend my 4 hours to return the product and in 7 days they will give me my money back. Alert with your orders and your money that costco is charged without any authorization from the customer."
Costco,2022-10-21,3,"I bought two bottles of Mezcal! They taste like garbage. I'm from where the Mezcal comes from and to be hones it is garbage, be careful buying that product because you can be poisoned. My friend got sick drinking only three shots of mezcal and next day he called me to say that he got two bruises on his arm. So, DO NOT BUY THAT PRODUCT! Costco should take a look on that item it can be like the poisoned Similac product they took away from the market. I do not need to add the proof of I bought this item in Cotsco but people who knows about mezcal can find out right away. I guess even a homeless person will tell you how bad it taste."
Costco,2022-10-11,1,Bought my furniture in May 2022 delivered in July 2022 returned immediately. Bought another purchase in August. Still as of October haven't received my 2nd purchase nor my 1st returned money. Never again wilk buy online with costcocustomers service is horrible no one has answers call almost everyday for my money back. Still no answers. They are the worst in customer service.
Costco,2022-10-11,1,"I bought a tv. Tried to go to returns and was told to reach out to the concierge dept. Called the concierge dept and was on hold until I got hung up on. I used the chat to try to get help, was told concierge was only option. Instore couldn't help. Chat couldn't help. Concierge hung up on me. I'll just drop off the TV with my membership and and not ever buy anything from Costco ever again."
Costco,2022-09-26,2,You could have better customer service and team because right now it is not worth good review... Fix that
Costco,2022-09-22,1,"UPDATE: I am now almost a MONTH into figuring out a game plan to fix this laptop. At first the battery might've been swollen so they made me bring it to a local repair shop. Then they tried making me pay $350 for the repairs which I do not have. They looked at the photos and decided it may not be swollen so I can try shipping it in but that will take another 7-10 days. I'm very upset. I let them know right away that it's important this problem is solved immediately because of me starting college and it's still taken this long. Not to mention the emails that take 3-4 days along with messages to call them for ""important"" updates which is usually things that can be sent THROUGH an email. I am absolutely cancelling our Costco membership after this crap of an experience. I will also be telling every friend and family member with a membership about this. I bought a laptop here a year ago. A few days ago it snapped when I went to open it and a bunch of plastic shards went everywhere. The hinge is visibly locked in place and unloveable. I had been trying to get the manufacturer to fix it but they ended up losing my case number (I'm guessing since they never reached out after I sent them the photos they requested) and when I contacted Costco I never got updates after they said they would reach out to the manufacturer as well. I paid for this for school with school funds and never thought it would break when I'm just about to start a term. I told them I don't have time to have this shipped, fixed, and returned because of classes and they insist that's all they can do. The first manager to help didn't even want to find a solution and it took a second one to figure something out and sympathize with the situation. I'm going through concierge a second time but I do not want my device anymore. I had to buy a second laptop because I don't trust mine to be fixed within a week. I am very dissatisfied with my $950 purchase as it proved to be extremely unreliable."
Costco,2022-09-20,1,"Costco prides itself in providing quality & value. That may be the case with much of their produce in general but— Definitely not so so when it comes to their car and home insurance. Their insurance is a rip off. They will provide you — an attractive quote to grab your business but, 6 months later at renewal they will get you with much higher quotes. No thank you, taking my business elsewhere. Do your research."
Costco,2022-09-15,1,"Placed an order for printer and it went thru ok. Get a message 4 days later stating there was an error on credit card info, placed order again and get the same response. Costco now has over $600.00 of my money held up and say that they cannot release my funds for several days! If my orders are cancelled, why wontthey release my funds back to me? WHAT A JOKE! NEVER AGAIN WILL I ORDER FROM COSTCO! They made the mistake and now I am being penalzed from my bank for it! And the best part... They are all a ""call from home"" operators Had to go thru 5 diff operators and the last 2 acted like it was a joke!"
Costco,2022-09-08,1,"A good company that cannot resolve problems of their own Costco has always been a company that I shop and love to respect but until recently back in May 2022, I purchased a 75 inch LG TV that was delivered to my door. Upon installing it myself, I have discovered the screen was chipped and the screen was damaged. The very next day I contacted Costco Customer Service and the said they will deliver a new one to me. However, it takes 2.5 weeks before my new TV was delivered. But then, the second New LG TV was also chipped and damaged. Both 75 inch piece of junk were sitting in my home for nearly a month, until I decided to call a junk collectable company to collect it. I have prove and photos of the damages on both TV and it costed extra me CAD$400 from my own pocket to pay the disposal company to get rid of the junks. Now in September 2022, Costco call me and requires me to pay for the two TV since they weren't been collected by Costco. I am saddened about this news and the effort that Costco is trying to bully their customer and squeeze every penny from innocents as this is not the customers's fault. I am trying to seek to take immediate legal action for a team of people to follow up for an error a big company causing me distress to my health. A big company like Costco bullying innocent buyers and harassing their customers. This is very bad and not respecting their customer. In my past experience, a company should never fight with their customer. In the end, the business bureau will eventually get involve and will for sure damage the reputation of a big company like Costco. Costco should be smart enough not to harass their customer for a payback if there is significant evidence that the damaged was entire caused by their quality control team or the delivery team. A lawsuit should always result in favour of the customer not the company. If Costco continues to harass and bully me and my family, I will escalate this entire situation. Damaging a brand on social media is much easier than filing a lawsuit. It will do no good to a big company like Costco and it will Only result in financial loss to the brand."
Costco,2022-09-05,1,"We were in a Costco and ran into a problem. They told us the store manager was not in, so we requested his/her contact info. They argued, refused, shut down the till, and then when the assistant manager came he gave me a card with the wrong info. Costco obviously thinks that they have too many customers, because BAD BUSINESSES do not treat customers this way."
Costco,2022-09-01,1,"Costco.Com is one of the worst online businesses ever. While I am usually pleased with the Costco warehouse experience, the online business is a totally different story. I had placed an online order and was given an expected delivery date. After that date passed, I called to find the status of my order. I was told that there was an unusually long wait to talk with a representative and I could get a call back. When that call back came, I still had to wait three minutes for a representative to come online. She then said the item hadn't even shipped, despite its' expected delivery date having already passed. She said she couldn't do anything but escalate the situation to her PIC team to resolve the issue. Shortly thereafter I got an email cancelling the order and saying the product was out of stock, with no further explanation or offer for remediation. I placed and order that was confirmed, waited five days for delivery which never happened and for which I was never notified, was told the issue was escalated for resolution but was never offered any options, alternatives or compensation for Costco.Com's utter failure to honor a confirmed order or even attempt any effort at customer service by providing communications when the order was unable to be filled, missed shipping deadlines and ultimately when the product was unavailable. The sad thing is that while I do not often shop Costco.Com, this was not the first time that this situation has happened to me with an order. They have no logistics skills, no customer service skills, and show no trend towards improving those shortcomings."
Costco,2022-08-31,1,"I bought new tires so I could have a safe trip from FL to MI. On my way in Kent my front end began to make noise. My steering wheel vibrated and I barely got off the freeway. My lugnuts were not tightened on the driver side front. Two studs had sheared off and a third lugnut hung by a thread. This on a Sunday afternoon. I had to call AAA, spend the night in KY and the next day find a repair shop ( no easy task). I spent 4 hrs waiting for repairs. Costco's response to my issue was to pay the $115 for my repairs which their agent had caused and nothing else. No apology, no attempt to right the wrong. They said they don't pay compensation. Their response was cold and uncaring for the problems they had caused. I was shocked by their attitude and lack of concern for what had happened to me. The only possible answer should have been "" what can we do to make this right"" instead I got a bare minimum response. I guess I was lucky if that third lug nut had broken off going 70 mph I wouldn't be writing this review."
Costco,2022-08-31,1,"I purchased a LG refrigerator from Costco.com, this was a second LG refrigerator that broke, I called customer service to return the Refrigerator. First they accepted the return to give a full refund but after a week when I followed up for return they said they will not accept the return and refund because the price of refrigerator is high. They offered to give me $300 vs original price of $2700. They said however we say 100% customer satisfaction guarantee but when the price of merchant is high then we will not accept the return for full refund. I told them in this case customer should not trust Costco but it seems like they don't care."
Costco,2022-08-25,1,"CAUTION! If you are offer a ""promotion"" when opening your membership at the store DO NOT TAKE IT! Is a scam. I just found out a was a victim of it! I went for a regular membership and the employee feed me FALSE INFORMATION stating that if I open the most expensive one, the executive one, I was going to receive a gift card for the same value of the membership making it essentially Free. Of course I took the deal thinking it was great, but it was all LIES. I just called customer service after receiving a gift card of only $60 (not even half of the cost of the executive membership) and they told me that what my account shows is that the employee opened a gold membership worth $60, then upgrade that membership to the executive one on the same day and then got me approved for the credit card with them. So out of their lies the employee made a great sale with me with a brand new membership, an upgrade to a more expensive one, and a freshly opened credit card on my name. Which looked GREAT on their numbers and quotas and instead of offering me something to make up for the SCAM they just down grade my membership (that I do not need or want anyways), and ""apologize"" for been ""missed informed"" by their employee. NOTHING ELSE! Showing just how much they care about their customers. This is why we are now a Sams Club family and NEVER looking back. Costco is just taking advantage of you how ever they can. DO NOT ACCEPT ANY MEMBERSHIP PROMOTIONS FROM THEM."
Costco,2022-08-24,1,"We ordered a refrigerator online and they gave us a specific day for delivery. There was zero communication with what time it was going to show up. After taking time off of work, we called their delivery department to find out what time it was going to show up that day. They said that the delivery was cancelled and we would need to reschedule when they have the item in the warehouse. It was a good thing I called or else we would have never known. I'm still not sure if I will get any communication on when it will be in for delivery and I will probably buy from somewhere else. Very disappointed!"
Costco,2022-08-23,2,Website promised free install on purchased appliances. After delivery they decline to install range hood and charge extra $100 for range install. Do not trust them.
Costco,2022-08-20,1,"We bought a new dishwasher from Costco. It was delivered a week later, as promised. We were told it would be installed the same day. The time for installation came and went. We called and they said they would have to reschedule for a week later. 1 day prior to THIS installation day they text and said they would be delaying for 2 more weeks out. We hired an independent installer and got it installed that day. Costco REFUSED to refund our installation fee. WE WILL NOT ORDER FROM COSTCO AGAIN>"
Costco,2022-08-19,1,"This is the second time Costco has let me down with flowers. The first time they were delivered a day late and then sat in a hot truck in Florida all day. This time I ordered them on 8/15 and they were shipped from Colombia on 8/16, they missed the delivery of 8/19 and now say that they are still in a shipment arriving on 8/22. The last thing I want is week-old flowers delivered to my friend. Costco, if you want to be a florist then be one or stop selling something you can't deliver on. Oh, and thanks for nothing but I'm so sorry..."
Costco,2022-08-16,1,"Costco said my range would be delivered last Friday, 8/12/22, It never made it on the truck. I was told they would deliver it Tuesday, 8/16/22, guess what, wrong again, the range never made it on the the truck. Now they say Wednesday, 8/16/22, the range will be delivered. I spoke with customer service, they were very unresponsive and told me not our problem. I have wasted over 20 hours of my time waiting on a range to be delivered and they don't give any F---s!"
Costco,2022-08-16,1,I have been ordering on line for some time since I live over an hour away from costco. It used to be the best thing and has abruptly become the worst with SCAM sales that really don't exist and a web site that rips you off on sale items and shipping if you don't pay close attention to it. I recently tried ordering Nutristore22AM meat and it was a phony ad. The first time the site just froze up and the next two times it wouldn't pull up. With two weeks left to go in this sale of $100 off of the price that they raised 200 bucks last month the sales rep on the phone said that is was probably out of stock but didn't have any idea although not listed as that and definitely had to run out in a few days after the ad at best. Even though I continually spend thousands on this site it keeps charging me for two day shipping that I don't want and running the bill up. Good bye Costco. I will probably not renew my membership.
Costco,2022-08-08,2,"Went with Costco to replace my whole central air system (Heatpump + Electric furnace). Here's all the problems we had: Amateur install, air leak everywhere around the newly installed air exchanger with gaping hole in some parts Heat-pump's radiator already damaged Crap and thrash left around my yard (found the water bottle I offered the tech in the bushes where eh worked) Support beam of my closet sawed off and removed to get the oil tank out without even notifying me They disassembled the sliding closet door and left around without re-installing them They left a giant box of unsorted metal thrash, hoses and other garbage in my driveway, and just told me that there was cardboard box to put to recycling. Had to wait two weeks for them to come pick it up after complaining and they seemed surprised that it was bothering me and that I could not just put a giant box of unsorted bit and pieces and sharp metal bit on the side of the road (city don't pick unbagged thrash like that) They did not install a new evaporation pump and just re-installed my old one that was super old and almost clogged with algae saying that it was not part of their quote for a full system replacement. They tried to save time and work by using my old AC unit bracket (installed mid 1990's), but the new unit is almost twice the height of the old one and its super ugly now because it almost reach the window that is above it and almost stick out on top of the deck rail. Costco also changed their promotion for a better one before they charged me and installed the system and I have been fighting with them for a month for them to apply it. Their customer service, which was one of the reason I was buying with them thinking it would be hassle free, is completely terrible. You make a complaint and they tell you they will call you back 2 week later and when they finally do, they don't even review the information you gave them and make you waste time. The first agent didn't even bother callnig me and left me a two lines e-mail basically saying ''We reviewed your purchase and you are nto eligible'' with no information or detaisl whatsoever. He even stopped replying to me when I was getting too bothersome for him and totally ghosted me. Had to call back and wait another two week to get another agent to look at my different complain and they mostly got ignored again. They also seem not to care at all when I complaint to them about the install I had and seem to just ignore the subject when I raised it on 3 different occasion. When I asked if they actually fill anything about install complaint or let anybody know, he said that it would most likely be shared, what does that even mean? Never again!"
Costco,2022-08-08,1,"I went to Costco because I have a tire leak. The guys that worked over there, didn't even consider fixing the tire, or telling me the truth to get it fixed somewhere else. They told me the tire was useless, the wires were coming up, and offered me to buy 4 tires. I left, went to a tire place, got a screw out of the tire, and my problems are solved! No more flat tires! They are not honest! I know they get a commission, but it is not necessary to lie to the customer! I will never go back!"
Costco,2022-07-25,5,Our installer went above and beyond to get our newly purchased dishwasher installed in a timely manner.
Costco,2022-07-25,5,"I recently purchased a VERY large, VERY heavy and VERY expensive 85"" 8K TV from Costco. I did so because I trust them, having done a lot of business there over the years and having always had great experiences (obviously unlike a lot of these negative reviews). They also have the BEST warrantees on TVs and always stand behind their products, unlike most other electronics stores. The TV arrived, via Costco Logistics, and was hung by their outsourced service company HANDY (for which I contracted with Costco when I ordered). The TV was DOA - something had severely damaged the display, but the damage was not visible on the packing carton. I contacted Costco Customer Service and they immediately agreed to exchange it. There were some problems involved with coordination between their Logistics and Handy initially but I contacted their ""Escalation Team"" for this expensive toy and was blown away by their incredible response and service! I am a Doc and demand competence, just as a point of reference. The Costco team contacted HANDY directly and they coordinated both the delivery of the new set, the removal of the old one and the re-installation of the new one. I was kept in the loop during the entire process and both parties constantly contacted me to make sure that I was on track. When the new set was delivered today (within one week of the initial issue) by Costco Logistics, it was accompanied by two men on the escalation team who had already inspected the set before it left the warehouse and constantly during shipping. The defective set was removed, the new one delivered and then plugged it in to verify that it worked perfectly. Lo and behold, it did, and I'm off to Netflix and popcorn/iced tea on this burner of a day with the most amazing TV I have ever seen. I CANNOT PRAISE COSTCO AND HANDY HIGHLY ENOUGH! If the world ran like the experience, there would be no war, no famine and no insurrection. COSTCO AND HANDY ARE THE BEST. If you order something like this, be sure that Costco Logistics is on top of things. They're not always focused and coordinated (since deliveries depend upon many steps and often cannot be controlled precisely. BE PATIENT and understanding, especially now when the whole supply chain is messed up. It WILL get better. THIS experience was, in fact, even better than their rotisserie chicken, and I am demanding!"
Costco,2022-07-22,2,"I gave them 2 stars because it ""can be"" good -- except when things go wrong. We ordered 2 packs of acid reducer back in April which were never received. The tracking showed that something was messed up, but now since so much time has gone by the tracking is gone. We started contacting Costco in April, & the last time was a week ago. You literally spend HOURS trying to get through. When you do, be assured that you will be dealing with some little drone who could care less about customer service. This last time we were assured that a replacement was on its way. A week later we checked and SURPRISE SURPRISE the jerk had processed this in such a way that the big corporate slackers at Costco are ""waiting"" for the return of items which were never received. Wow -- it's SEVERAL HOURS OF OUR TIME THAT WE'LL NEVER GET BACK."
Costco,2022-07-20,1,"I never got a high amount costco shop card, so I could use it to get fuel for the company I work for to save money. I ordered said card on June 30,2022 and on July 5,2022 the app stated It shipped. Today is July 19,2022 and still no card. So I called this morning with a call back. I was told it could be shipped to me again and i asked so that it's not lost again can I go to a local Costco and I can pick it up, I was told yes and given the lost card info to transfer to a shop card that I can get same day. I went to my local Costco, who had to call and verify what I was saying was true. Even though i had all the information in a screen shot. My local Costco called costco.com to confirm and said that I was wrong no one ever said that to me and etc. I was on the phone at my local Costco with costco.com where they called me a liar and said that never happened and that Costco and costco.com are 2 different things and would not honor what was said to me by costco.com. 20 mins later and an email that was an error on them, I'm out $200 for 7 to 10 business days in which they had my money and would not spend the extra to get a tracking number with the post office which I was told that usps doesn't provide a tracking number, do we not all ship through the usps and get one? Well after said and done I pulling my Costco membership and wil not renew. I will not back a company who calls the customer a liar."
Costco,2022-07-15,1,"You guys hire some great people with outstanding skills and customer service. I've NEVER had a bad experience here. Unfortunately, Im not able to say that anymore, due to how poorly Travis P. Treated me today. Let me explain. I came in today and it was a perfect shopping day, compared to your busier day's. Shopping was a breeze. I came up to register 8, where Travis P. Was my helper today. He didn't greet me but bossed me bluntly, ""put your small stuff on the belt"", and I just stared in shock at him while grabbing my things out my cart. He approached my cart and started tossing my things on the belt. I politely asked, ""do you have any boxes today?"", he shrugged and said, ""No."" I continued to help Travis put my small items on the belt, then I walked up to the debit machine. He began to ring my stuff up, tossing it to the side aggressively and it started to pile up. So I walked over and began putting my stuff in the cart. I asked Travis, ""Are you having a good day?"" He didn't reply. I'm not sure what I did to offend him to be honest. I young man walked up to the register to assist me with putting my things in my cart. This young man said, ""miss, I got this, you don't do this."" He was the such a nice kid. I asked him if Travis was ok. He said, ""Yeah, Travis is good. Right Travis? And Travis aggressively points at my cherry tomatoes barcode and loudly demands from this young man, ""Get the numbers on these tomatoes?"" This young man does it no problem because it's obvious he knows how to separate his feelings from his job. This young man comes back and replies to Travis to lighten up. This young man says to me next as I begin to move on, ""this is not ok"", and I replied, ""oh, I know, Im leaving a review."" I want to knowledge this young man for having perfect customer service that Im used to getting when I come here. I like to say Travis is very unhappy and we are praying for his frown to turn upside. We all have to work, so make the best of yourself while you do what you have to."
Costco,2022-07-14,3,"Am regular customer of costco since many years, recently I noticed their customer interaction standards are really going down. 1st my daughter went to pick the empty trolley near cash counter... the lady was rude and said this is supposed to be here only. We know this but she could have politely replied. 2nd i went to check for my car tire pressure, this guy told me we have to sign the contract for tyre pressure and refill air... seriously costco... business process are made to make life simple not difficult. And when I went to the counter to fill contract no one attended as no staff came... sad experience"
Costco,2022-07-05,2,"Ordered Kenmore Washer and Dryer from Costco.com. Both appliances got damaged by forklift and had to reject the delivery on the spot. 2nd try was nothing better, products were unscratched, but accessories were wrong. Gas dryer came with 230V cord instead of the gas line connector. The guys forgot to connect the cold-water line to the dryer for its steam function. Once they left, noticed that the guys also reversed the hot and cold-water lines on the washer. The 3rd try was the worst of all. First, they were mad for their workload and showed nothing but angry faces while doing their jobs. They connected the water line to the dryer and installed the Y connector on the cold-water line. Then they forgot to alter the hot and cold connectors on the washer. They also ripped apart the flexible vent hose on the dryer and had to replace it with the cheaper one they carried. Overall, the price tag was very reasonable. Regarding the delivery and installation services, however, it was a disastrous experience."
Costco,2022-07-01,1,"Beware of deceptive policy that membership fee is refunded if you are not satisfied. I cancelled membership in on 5/27/22, but never received a refund. I went to the store on June 27 to ask about my refund, and was told I wasn't entitled to a refund because you can only have one refund in a lifetime if you are ""dissatisfied,"" and that I had previously cancelled and was given a refund in 2015. Also, the manager said I proved that I was satisfied now because I had renewed my membership since 2015."
Costco,2022-06-30,2,Waited 45 minutes for a scooter and I just got tired of waiting around its really bad you only have 5 scooter for the Fort Wayne Indiana Costco store need to be looked into getting more scooter for handicap people
Costco,2022-06-23,1,I have been a member at Costco for some time now and needed to order a new washing machine so I did. My order got cancelled five individual times last time being a completely ridiculous reason so now Costco has 4000 dollars for five transactions on hold while they cancelled Al my orders for no good reason. Will not be renewing my membership with this place as much as I used to enjoy coming here this place is ridiculous and gives you a run around while not resolving a thing. Will be purchasing my new washing machine elsewhere
Costco,2022-06-16,1,"I had a horrible experience with squaretrade, I paid for the coverage for my TV but when I try to make a claim to made me do a lot of things but they were happy to take my money. While they take my money they don't help their customers. They are behind the curtain and they don't care about their customers. If you are intrested in buying squaretrade do your first."
Costco,2022-06-07,1,I am writing today to file a complaint on your costco at 4900 PANAMA LN BAKERSFIELD CA. My father is severely handicapped and we waited 45 minutes for a riding shopping cart. One lady showed up in 5 minutes and got on the next available cart. Customer care did nothing because the lady yelled at her. 4 riding cartsnfor 1000s of people on a regular basis If I do not find this issue fixed I am happy to give my corporate card account up and move on to Sams Club. Along with every person that is on this corporate account right along with me. Do better. This wait time and lack of customer care is ridiculous. I hate your stores. I'd rather go to another one. But I see how being treated isn't a top priority yet our thousands upon thousands of dollars we spend is way more important. Without customers you have no store. Do better. Fix this issue. My next email will be to the handicap association.
Costco,2022-06-03,1,"I bought a 75"" Tv from here that was a so called Display model (in the box) well my error for not checking the TV in the box because I was SCAMMED! I didn't think this was necessary being that it's Costco and they take back everything. The sales guy even told me I would have no problem returning the TV for any reason. Well After getting the TV home, I discovered the TV had scratches on the screen. I took the TV back and tried to return it. Well come to find out, there was a 65"" Tv in the 75"" box and They would not do the return. They refused to check video surveillance and they basically called me a liar and implied I switched out the TV. The front end manager BEN** (Visalia Ca Costco) has TERRIBLE customer service (ego issue) and his own employees felt bad for me because i am an honest person who is in the military and in LE and I know employees there who could vogue for me. I went back the following day and spoke with the GM STEVEN CHAMBERLIN who also basically called me a liar and refused to do a thorough investigation and find out how this boxed TV got on the sales floor. I feel scammed and violated to say the least. I spend thousands of dollars with this company and they refused to make this right. I will be encouraging as many LE/military friends and family cancel their Costco memberships just for this reason because what they did was not right. $1000 is nothing to this company but a lot to me. Bad customer service and bad business. If I was some POS they probably would have don't the return. Devastated to say the least"
Costco,2022-06-02,3,"The prices for the amount that you're forced to buy are not worth it, the storage of the product and the cost of the product are not worth it... When you purchase from a warehouse you would expect to save, but it doesn't seem so..."
Costco,2022-05-29,2,"Delivery date in cart is ""estimate"". Even after promised delivery no notice no show. Costco said GE the worst. Both GE delivery service & Costco customer service will tell you will call you back & neither do. I've completely paid & have no faith I will get it even a week after it was to be here. This is not a shortage issue. I was told it is at the GE warehouse. This is bc they don't give a sxxx about customers. I'm now considering canceling membership. Stinks."
Costco,2022-05-16,1,"Through costco offers, they installed the following 1. June 2020، they suggested to upgrade my AC to 4 tons instead of the old one as the house in the summer was too hot indoor. They also charged me to install wireless thermostat which never happened as they could not get the unit. I finally bought Glass thermostat from best buy and installed it myself. That work cost me more than 14 K. I texted the installer to refund the price of thermostat more than 3 or 4 times, no response. I called the company more than 3 times ( most of time was with which i believe her name is heather) every time i hear they will check and get back to me. But still waiting 2. Same problem happened in summer of 2021, through costco again, i bought furnace (high end one and wireles) with split, mini split، ductless lenox and wireless thermostat, less than 7 months now and my house is burning hot, the thermostat registered under weired name in Texas, USA, WHEN I CALLED the number my thermostat registered under, turned to be highl Iand hospital or something like this. This job cist me more than 23 K. I called the company today and they wanted to charge me emergency visit fir something they instalked less than 7 months ago and kess than 18 months ago Its bad experience, as i believe now all that money i spent close to 40 K, to get high end equipment, did not solve the problem, so their professional recommendationturned to be a way to get money out of your pocket without honesty or solving the main problem. I dont think i should pay to get equipment less than 7 months old, get fixed I also blame costco for putting its clients in this situations, now i think any offer costco give to its client its low quality, as these companies does not have workload and willing to offer costco members cheap prices just to get their bussinessgoing. I called costco to start a complaint process but unfortunately are closed In summary never go with costco offers when it come to big investment in your house، as i look like they deal with companies that will not have workload without signing contract with costco. Also cofort masters and affordable comfort should not be your direction when you looking for HVAC equipments. This an honest review and it is up to each of you."
Costco,2022-05-16,5,"I accidentally left few items in the counter after self scanning. When I realized I went back to the Costco Sterling VA store, the employees in the return dept. Helped me retrieve the items. Employee name, Jamal went beyond and above until I was done. One happy customer!"
Costco,2022-05-14,2,"Bought tires from Costco with a 65,000 mile warranty tires were bald after 35,000 miles. Costco would not honor the warranty for the tires. Tires plus informed me I need a new tires and the traad was under the legal state limit. After Costco denied us new tires we ended up buying them at tires plus."
Costco,2022-05-12,4,"""Fresh Cut Rose"" bunches are not oftenly replaced with new bunches. At least old ones could be given at some discount like in other stores."
Costco,2022-05-08,1,"I am a Costco member for over 20 years and love it. However, their same day delivery service is a joke. If you get your items in time and properly, you are a really lucky person. I tried multiple times and checked the service. They failed in all times in terms of meeting the committed time slot or delivering the quality product. Your luck may depend on the person fulfilling your order for packing and shipping. Costco doesn't have proper system and doesn't maintain packing and shipping quality. PLEASE DO NOT USE SAMEDAY order route. Better pick the items yourself."
Costco,2022-05-04,1,"Never recommending this place! Asking corporate to Fire immediately rude and arrogant managers and employees: Bob Beene, Bill Allen, Erin, Tom, Amandeep, Dawn, Amanda, Cindy, Isabela, Connor, Joyce! Do not waste your money and time in this place by having discrimination, intimidation, disrespect and rude service from them."
Costco,2022-05-03,1,"Dont buy the gas range from costco, Recently I bought the new gas range from Costco, When I order this before I inquired their customer service before buying, they said they would haul away the old stove. As a result, they haul it away on the downstairs of your apartment, which will cause you great trouble. The Hoa of the apartment will make you pay a fine, because the big garbage can't be discarded at will. The same item is in Homedepot. They promised to load the old stove on the truck and transport it away. This is the real haul away!"
Costco,2022-04-30,1,"Since Costco came back to pre-Covid regular operating hours, why don't they go back to their normal menu at food court? I was told that combo pizza will probably never be back, same as sauerkraut and onions. Not sure why is that especially when we pay for the membership? You would think they would go back to their pre-Covid routine."
Costco,2022-04-25,2,Cell phone bought two days ago and have 90 days to retuen but now on sale and they will not adjust over the phone. I need to drive to the warehouse 1.5 hours away to get the adjustment. Yet I could buy another online at sale price and return this one at full price within 90 days. Makes no sense.
Costco,2022-04-25,1,"I have been lied and given excuses on my order and to this date i have not received my chair and they tell me is for delivery, i pay someone to wait for the chair and no notification no nothing, I bought from Costco not for line or warehouse but Costco and can not talk to anyone they keep on bouncing me back and forth between Costco and FedEx both laying and no delivery.."
Costco,2022-04-22,1,"I ordered a washer and dryer that was supposed to be delivered April 8. I get notified the day of delivery that one of the appliances was damaged in transit. They were not able to ship out a replacement order until Apr 22. All they gave me for 2 weeks of dirty clothes was $25 for the ""missed delivery"". Terrible service, unlikely to buy appliances from Costco again."
Costco,2022-04-13,1,"Costco decided to cancel my refrigerator order after I waited over a month for it. They said I wasn't responsive. They called me one time and asked if this number is the best to reach me on for when the truck was on the way. I said yes this is the best number. A week later the order is cancelled. The product is now out of stock. The customer ""service"" agent said there is nothing they can do. I asked for a substitute that is in stock and was again told they cant help me. No offer of a gift card for wasting my time, nothing. So annoying."
Costco,2022-04-12,3,The best things Costco have going for it is proximity & deli items. CSRs in self checkout are snippy & it is ridiculous they do not allow customers to scan their own items with a scan gun; nor do they have a scan and go app. Self checkout CSRs are abrupt & crowd over you at times. It's really aggravating!
Costco,2022-04-08,5,"Costco's is well-known for offering the lowest prices. CEO Jim Sinegal says ""We don't want to be one of the casualties. We don't want to turn around and say, 'We got so fancy we've raised our prices"" Costco uses effective strategies throughout the organization to keep prices low. For example, have you ever seen a Costco ad on tv? The answer is no. Costco saves 2% annually by not advertising, instead redirects its revenue towards saving you money at the register. Also, much of the revenue goes towards paying its employees a fair wage. Costco's CEO says ""You don't have a very motivated working-class; it starts to affect the dynamics of the economy. If workers are disenchanted and disenfranchised, productivity losses will go along with that"" (James Sinegal). You might think that higher wages would cost the company money. Instead, Costco benefits from treating its workforce fairly resulting in loyal, happy, long-term employees, which in turn leads to saving the company money and if Costco saves, you save. CEO Craig Jelinek once told his successor Jim Sinegal ""If you raise the price of the effing hot dog, I will kill you. Figure it out."" An example of how passionate Costco's employees are about keeping its prices low. Even a food court employee named Josh Smithon stated on Quora that Costco loses money in its food court (2017). The low-cost food court items like the hotdog are put in place to keep you happy. You can always expect to find low prices while shopping at Costco and you'll have the satisfaction of knowing you're supporting a company that takes care of its employees."
Costco,2022-04-01,1,We were waiting to pick up a prescription one customer came after us and he was served before us after another customer tried to be served before us. I told Mana the cashier we were here before them. He said the lane is there. I told him I do not see a lane. He blamed us for not waiting in the lane. It was a piece of tape on the floor. There was no sign saying `` Wait Here or something like that.The pharmacist and another lady came from the back and started to shake their heads at us. It's like it was our fault. It was not good experience bad customer service Costco#3571 w ******* s south jordan UT *******
Costco,2022-03-31,1,"I recently had the most horrid experience with costco customer service. I placed an online order and on the scheduled delivery date, nobody showed up to deliver the goods. After wasting an hour with one of their reps who couldn't comprehend half of what I was saying, I got a hold of their supervisor who credited my card after I demanded he cancel my order. I will never order from them again."
Costco,2022-03-28,1,"I purchased a dishwasher on costco.com online. On Saturday, March 26, they were supposed to deliver it between 7 am and 11 am. I called around 10:30 am to verify they were still on schedule. The Costco employee provided the phone number for the appliance delivery company, GE, to me. I called GE delivery and their automated recording verified the delivery was on its way. However, after 11 am, the delivery had still not arrived, so I called again. This time the delivery recording stated that the driver was delayed but would still deliver and would phone me 30 minutes before delivery. At 11:30 am, noon, 1 pm, 2 pm, 3 pm, 4 pm, and 5 pm I received the same message. I drove in t my local Costco warehouse and spoke face to face with member services. He was unable to help me stating it was an issue with the 3rd party delivery company. They never delivered the dishwasher. Nobody from Costco ever called me to discuss. Now, 2 days later, on Monday, I just called Costco.com and they said they would reschedule the delivery with the same delivery company. They had no explanation for what happened and wanted me to risk wasting my day again, at no cost to them. So, I canceled the order. Please DO NOT purchase appliances from Costco and expect them to deliver as promised. Their recording will gaslight you and you will waste too much time waiting. They clearly don't care given the multiple reviews I just read ( and should have read earlier) describing a similar experience with their delivery service."
Costco,2022-03-25,1,"I ordered a foam mattress and paid $1000, they deliver a used one, I returned it and ordered a diffrent one they still ship a used one again"
Costco,2022-03-24,1,Came in to get a membership card and decided to buy the excecutive card and was stop and only seniors time I'm here to buy a membership and leave. Nope only seniors you just lost a customer Costco not buying from your generic funky merchandise. Bullsh&@
Costco,2022-03-18,1,"So, instead of simply calling to confirm or fix any discrepancies on an online order, they simply CANCEL the whole damn order and wait TWO WEEKS to refund your money. That is absolutely an abomination."
Costco,2022-03-18,1,"Recently, Crawford Services Inc. installed HVAC in my home in Fort Worth as they are authorized dealers of Costco. My faith on Costco prices vanished, when I found out that I paid atleast 3K more than the other HVAC installers."
Costco,2022-03-09,1,If you are thinking about joining Costco; keep this in mind. If you have a question about your account be prepared to spend at least 1/2 hour trying to get through to anyone by phone. It is a nightmare. They make it mor edificult than trying to reach someone in government.
Costco,2022-03-06,1,"I'm an executive Costco member since 1996. I've preached the gospel of Costco for years. This year I ordered a washer and dryer online. Costco delivered it, refused to install it, told me to call the store to fix the issue, then told me this was a waste of their time. They threw the unboxed washer and dryer back in their truck and left. This was after I returned home from a family outing 3 hours early because Costco threatened not to deliver at all if I didn't show up 3 hours before the confirmed delivery time because they 'had cancellations'. If you make the same mistake and purchase from Costco, you'll be treated the same with rude drivers leaving with your merchandise."
Costco,2022-03-05,4,Costco is still my top 1 stop! Their Kirkland signiture collection is still a great value. Recently they had price increases but I still think its a great value overall.
Costco,2022-03-04,1,"They where supposed to do a delivery for Sears, they came up the door and did measurements they say it doesn't fit and they wont take off the door, in the meantime they will go back to the truck and check the measurements of the new fridge, in the meantime i took of the door and was waiting for them to come back, and... I'm still waiting,,,,, they just fled the scene and left me without the fridge which I'm waiting already 2 months and without a door on the house."
Costco,2022-02-28,1,Costco using Capital one but this bank is bad service. They said they sent out the cash back coupon but never seen it. I called many times but until now still haven't received it. Even last year we're same. I have to call many times regarding the cash back coupon. It's really bad service
Costco,2022-02-28,1,"I called administrative office in La Quinta California 11 times, transferred my call 1 time, no answer. Called back 10 times, no answer. Why have a phone in La Quinta California? When I'm there, lines are long, 2-3 people standing telling you to go to line #, why aren't they opening up registers to check people out?"
Costco,2022-02-27,1,"I love Costco stores but their online service is a nightmare. Don't waste your time. 2 big orders one never made it and they still can't get my $425 refund to post after a month, I actually had to contact my credit card company for a dispute. I also ordered a massage chair that was several thousand that said I would receive in a week and took almost a month. This group is not the same as a store, save your money. Avoid ordering ANYTHING online. You have been warned"
Costco,2022-02-25,1,"If I could give them ZERO stars I would. They do not deserve the one star I had to give them to write this review. Here is the absolutely ridiculous scenario. I originally placed an order on 26 December2021. The item was somehow delivered somewhere in the state of New York on 11 January 2022. Well, this was the first epic fail for Costco.com primarily because I live in ALASKA. Not very smart at all! I contacted Costco on 13 January 2022 about this order. I was assured by the customer service person that the order would redone, the item would be expedited and that the item would arrive by the original scheduled delivery date. Then it took until 19 January 2022 to get an email confirming the new order. Then an email on 20 January that the item was shipped. However, the tracking information provided was never trackable. The promised delivery date came and went with no package from Costco. At the beginning of February 2022 I was told by customer service that the item was in stock, would be shipped and that it would arrive by 10 February 2022. This delivery date also came and went with no package from Costco. 14 February 2022, I again contacted Costco customer service to try and find out where the package was. The Costco customer service person told me that the package was shipped and that Costco would look into the delivery of the package. AGAIN NOTHING! On 21 February 2022 I again contacted Costco customer service. The customer service person said that she would put in a Service Request (SR#**************) to look into why my package was not delivered. After all of this waiting and time spent on the phone, I get a useless form letter telling me that the package is not going to be delivered, that Costco is out of stock on this item, and that they are going to refund my purchase price. How disrespectful! I place an order with Costco, they take my money, jerk me around for nearly two months, and then say ""oh, we will give you your money back in 3-7 business days"". What an incompetent and useless ordering system. Costco should be ashamed of itself for the seriously poor customer service. I live in Alaska and have been waiting on these heated gloves for two months that I am now informed that I am NEVER going to get. Costco is an EXCEEDINGLY useless bunch of lying, deceitful, incompetent idiots! They have no regard for their customer's time."
Costco,2022-02-22,1,"My wife and I ordered an 82"" TV online. The next day we went to Costco. At Costco they had the same TV on sale. We were told to do a price adjustment online. Then we were told that online is different. Within 30 days of our purchase January 15,2022, the same TV is now on sale online and we put in for another price adjustment. Nothing has happened! No adjustment, no phone number to reach their customer service, nobody to actually talk to, no history for the price adjustment, no email for them. Their customer service is non existing with online shopping. I would suggest buy it in person or online with Amazon. The photo below reflects the online price. The difference is 500$! And they aren't doing anything? Wtf?"
Costco,2022-02-20,2,"I was a full fan of Costco for 10+ years. Great food, Customer friendly aisles, Quick checkouts, not to mention all the other benifits. We refinanced our home through Costco's Banking outreach. Then we received a letter stating, All law abiding, armed citizens are no longer welcome in their store. They stated they would gladly refund our membership. Let it be known, Costco's are now Gun Free Zones. They post no proper signs, they just ask. I support our entire Constitution, not just the parts I like."
Costco,2022-02-14,1,"I was at Costco and I saw a naked employee dancing the bathroom while I was trying to hold my bladder this is unexpected knowing I have a 13 year membership this is DISCUSSING UNEXPECTED and I'm canceling my membership here and I hope your naked employees get STDs and my baby sister and me are traumatized what's wrong with a 20 year old having a normal day with her 5 year year old also I saw a pack of ants merching in the door which made me I'm switching my membership to BJS I HOPE HOU PEOPLE CANCEL YOUR MEMBERSHIP, love Katie."
Costco,2022-02-14,3,"`emailed 1 yr ago, & Rec'd no reply/response!- Costco, I dont imagine that Costco has ever considered adding windshield wash stations at their fuel areas.? AND Costco, I dont imagine that Costco has ever considered adding new carts which would be similar to your flat orange carts but also w/ a basket area added for smaller items.? AND Signs up at the end of your isles You should put signs up at the end of your isles to let us know what products are in ea isle. Esp'ly since the rarely ever change. I often have to go up and down every isle to find staple items such as crackers and lemonaide, ect. Which rarely ever change locations [but I just cant remember since bulk items last so long,. Its longer b/w visits so its hard to remember]... So why don't you put signs up at the end of your isles to let us know what products are in ea isle. Like most other stores. As this would be most helpful? Or have a map [like Cin's Jungle Jim does] to show us where everything is. So we don't have to hunt all over. And since there's often no one to ask… this would also maybe encourage us to buy more if we can see what all you have!"
Costco,2022-02-14,1,I ordered an item from Costco online with expected delivery date of 5 days hence. I am still waiting 5 weeks later. They won't refund my money until the item returns to their warehouse. DON'T RISK IT. I buy lots online and the usual occurrence when an item is lost or delayed is that the supplier resends another and has the initial item returned to their warehouse. Not Costco. Wait and wait and wait and they won't refund. I might not get it for another 3 months or ever!
Costco,2022-02-11,1,"Caution! When trying to purchase online from Costco--they can automatically cancel your order, and put a hold your funds with no ETA to release/refund them! I had entered my credit card info. Correctly as it appeared on my card, with the correct pin etc. (I confirmed this with my bank), but when I entered the name in the Bill-to address, did not match EXACTLY with the card (i. E. Sandra vs. Sandy). Therefore, their order system automatically cancelled my order and then put a hold on the funds at my bank until they get around to releasing them. A simple error trap routine in their online order system would prevent this and/or highlight the difference (if required). BTW, other major online retailers (you know who...) do not require they match exactly or seem to have no problem handling it. I called their Costco Customer Service twice to try to figure out what happened as the bank sees no error on their end while Costco continues to hold my funds. The Costco Customer Service representatives cannot change the Bill-to address name difference nor can I and they could not provide an ETA when they might release the funds back to me. Apparently, you can do nothing from your bank to release them either, only the merchant (Costco) controls the release of those funds while you wait... Really not professional or ethical. The other larger online sites (you know who... again) also appear to have much more knowledgeable and helpful customer service reps unlike Costco's! So, shop anywhere online but Costco! Let them do what they do best, JUST be a big box-store merchant, not an online presence in the marketplace!"
Costco,2022-02-11,4,I love costco but their prices on the website are not the same as the warehouse. I think they should have a member section which shows prices only for member warehouse and online wihout membership. Overall B+ to costoc
Costco,2022-02-11,5,Waiting on the actual install. Will have to report back later. I am pretty confident I made a good choice.
Costco,2022-02-08,1,I have been a member since day one that you opened in garner. Bought 4 memberships because the sales rep made everything sound so good. Since Nov 17th opening day several items have increased by 3 to 4 dollars each. Can pepsi is 3 dollars less than diet pepsi. Pepsi is pepsi! Told a sales rep today and her comment was you can't get it cheaper anywhere else. The truth is 33 ozs of folgers coffee is 949. Food lion this week has the same for 799. Not teaching the sales reps correctly. I sure will not renew my cards again. Very disappointed
Costco,2022-02-03,1,"Ok, we all LOVE Costco - me included. However, if you buy a TV they tell you get a ""Free Warranty"" but if you return/exchange the TV without the warranty they refund you $100 less than what you paid for the TV. The ""warranty"" is an envelope that has the TV serial number on it by a large ALLSTATE logo. It looks like an advertisement because inside the envelope is a flyer to call ALLSTATE. If you can't find the envelope they keep $100 of the total cost that you paid for the TV. We actually were exchanging the TV for a $2,000 Sony. When we paid for the new one they said, at the register, you get a free warranty. We said we don't want the warranty but they kept saying you didn't pay for it because on your bill they have a -100 a 99.99 charge under the full cost of the TV. You do pay for it because if you don't keep track of that envelope they will keep $100 if you ever return/exchange the TV without bringing in your ""free warranty"" flyer. I don't know about you all but we never buy extended warranties. Sidenote: I went home and was able to find they envelope for the Samsung we returned so they refunded me another $99 so I ended up with a full refund - The manager said ""See, all you had to do was go get the warranty"" OMG the ""free"" warranty that we didn't even want? At least now I know to keep this flyer on our new Sony."
Costco,2022-02-01,1,"I purchased an expensive item (around $1000) thru costco online. I got a message via email from costco confirming payment and stating when to expect delivery, along with tracking number. A couple days later I get a message stating that the item had been shipped. A day later I followed up with the UPS tracking and it then stated that UPS had not even picked up the delivery yet. No delivery date was offered. So my item is in limbo. I called Costco customer service but they stated there was nothing they could do. Simple as that. It was now in the hands of the vender that is actually sending the merchandise Costco just takes my money and forgets about you. Totally worthless."
Costco,2022-01-29,3,"It is preferable to buy directly from their stores, despite the mediocre service of the employees. It is very difficult to order online, and calling their customer service is the worst, even though being a member gives you many benefits in offers, discounts and quality products."
Costco,2022-01-27,1,"The grief is not worth the savings. After paying $1,100.00 for a new set of tires they scheduled me for the 1st available appointment which was a week later. I was the 1st costumer and early the day of my appointment but still waited 2 hours, I was ok with that. The next day I went into the garage to find my back tire flat. I was able to get enough air in the tire to return to Cosco, however I was told by a very rude employee I would have to wait 2 hours to get in. Frustrated I took my car to a reputable. Tire repair shop and paid to have a valve stem that was not installed properly. THANKS COSCO!"
Costco,2022-01-26,1,"Phoned Tire Center Sunday 4:22 PM for an appointment to have tires, bought at Costco, rotated, balanced, and slow leak repaired. Talked to Dan. Was given 5:00 PM Tuesday. Dropped car off Tuesday at 4:15. They called me at 5:15 to leave a VM that they had no record of my appointment, so they're putting me behind everyone else with an appointment. I went back in at 5:30, explained the situation and asked, ""so what now"". They said they would get to it in short order. At 5:45 I complained the car still wasn't even taken in, to which they just pulled it into a vacant bay to sit. 6:10 they still showed no signs of ever getting this 15-minute job, so I asked for my key back and car back - two hours after dropping it off, and 75 minutes after my scheduled appointment. Costco Perimeter Atlanta Auto Center is just a shoddily run operation."
Costco,2022-01-25,1,"Purchased a shed from Costco on December 17,2021 and as of January 24,2021 still have no received it. Costco will do nothing about it as they say it is not their problem as Backyard products makes the shed and Costco only sells them. It seems to me that if Costco sells them it should be their responsibility to see that the customer receives their product. Costco gets paid, and you get nothing, Talked to customer service several times and they just keep getting more rude each time. Costco is getting like the other companies and becoming a scam of a company"
Costco,2022-01-21,1,"It's 2022! Membership is a waste of money, nowadays it's easy to find better deals elsewhere. After going through disorganized and half empty shelves and as soon as you pay at the registers they expect you to go through two check points to prove that you payed for your items. There's just one man at the front door running the 2nd check point so you are supposed to get in line and wait to go through it. I learned that if you don't obey they start screaming at you and get pretty aggressive. Got in my car, called customer service and canceled this worthless membership."
Costco,2022-01-18,1,"Je suis toujours satisfaite de Costco, les qualités des produits, le service à la clientèle! Excellent magasin"
Costco,2022-01-16,5,My package was damaged while in transit. Called customer service and the refund was Promptly issued! Thank you Costco!
Costco,2022-01-16,1,"Costco is a store for obese people to get even bigger, and hoarders to buy bulk products of things they don't need. I joined only for the gas discounts and found that, after waiting 40 mins in line to get gas, you can't just enter your Costco membership number, you have to have your physical card like it's 2006."
Costco,2022-01-15,2,Every time I go to Cosco their prices change. I have seen some items go up by $10 if not more. Because we pay a membership prices should be reasonable but their not. I saw one item I used to buy go from $8.99 to $26.99. $#*!ing crazy. No deals or bargains there. Price gouging as far as I'm concerned
Costco,2022-01-15,3,"I have a big family of 8 and we decided to finally get a Costco membership, love the customer service, it does suck we like a lot of different breads and Everytime we get it from here it gets moldy real fast we have no problems elsewhere when we buy it. Buy at your own risk"
Costco,2022-01-08,1,"Worst customer service ever! I ordered two mattress toppers with covers and when they arrived they were in two separate boxes. One had the products covered in plastic and had the topper in one plastic container and the cover in another along with an instruction sheet. The other box had the topper stuffed in the box with no plastic no cover no instructions so it looked like it had been returned and someone didn't put the other pieces back in the box. I have called customer service and written emails to no avail. It has been five days with no valuable response from them other than we will get back with you which they never do. My advice is that if you can get it in the store fine, but if you order anything through their online service you are going to be very disappointed if there's any problems with it."
Costco,2022-01-07,5,"Just received the new CIBC Costco information. IMO Costco has moved backwards in their Credit Card offering. According to the package, here is where I see they fail: 1 - NO Travel accident insurance 2 - NO Car rental insurance 3 - NO Travel baggage insurance 4 - NO Travel assistance 5 - Returned cheque fee $42.50 vs. $29 (Capital One is American and they charge less than a local bank?) 6 - Statement fee of $10 - WTF?! 7 - NO Price Protection Service They will say that they improved the following: 1 - Extra 1% on Costco gas (up to $5000) 2 - 1% on all ""other"", rather than after first $3000 3 - Pace It installment plan, another way to encourage using their cards (at a cost) 4 - Cash advance fee max of $7.50 vs. $10 All I'm, CIBC is charging silly added charges, but the big takeaway is I will need another card because there is NO TRAVEL/CAR RENTAL Insurance!"
Costco,2022-01-05,1,Costco should have a single senior rate at half the cost as families. As a single senior 82 years of age I don't buy much at Costco because admission is too high for the small amount of product I would buy.
Costco,2022-01-05,1,"Do not by it, is not the same quality that appears at the picture of the box, very bad flavor, there are only oats"
Costco,2021-12-30,1,"Purchased a TV on line from Costco. The order process was easy, delivery date scheduling was straightforward, received a call and email the day before delivery with a window. Shipment tracking information only showed it was received at the logistics delivery location, never updated on delivery date even though I received another email notice it was out for delivery. TV was never delivered, waited all day at home, I was never notified by email or phone. Contacted Costco the next day. According to the delivery company they couldn't deliver because the road was closed. While there was snow in the area and roads further up were closed the roads to our location were all clear. Stated they contacted me... wrong. No record of any call/text/email that day. Asked to have logistics management contact me, no call. Now I have to wait almost 2 more weeks for delivery (next available delivery slot). If the delivery company knew they weren't going to deliver (tracking information never changed from ""received at distribution location"") why didn't they call and inform me and help reschedule then? Their delivery service is horrible."
Costco,2021-12-29,2,"COSTCO, you know I love you! I must visit you at least twice a week rain or shine. But this, is a travesty! You raised the price of paper towels but yet there are fewer paper towels in the roll! I would've expected more transparency but, transparency and profit may not be compatible. Product went from 160 sheets to 140 sheets per roll (12.5% less) and there was a significant price increase - double whammy to the consumer."
Costco,2021-12-29,5,"For years, I had used a well-known fruit and baked goods company for shipping holiday baskets to friends and family. However, the past two years have seen a tremendous drop in quality and service. I was talking with a colleague about this and she mentioned to me that Costco Online has gift baskets and other goodies that can be shipped for holiday, birthday, etc... gifts. I was so pleasantly surprised when I logged into my account and found a treasure trove of items that can be sent via Costco service with guaranteed delivery! I decided to try the service and sent two different gift baskets to two friends as Christmas gifts. They both called and told me what a wonderful gift they received. The baskets were beautifully arranged and chock-full of baked goods, cheeses, and fruits. I was notified, by email, the next day when the order had been processed and then notified as soon as there was a tracking number available. Both baskets arrived (Texas and California) on-time and in great condition. Needless to say, next year will be spent ordering gifts from Costco Online! As an aside, the store where I live is always meticulously clean, organized and the displays are beautifully arranged. The staff is outstanding and helpful. I had been a BJ's member for years, but decided to move over to Costco because there is a larger variety of items, and the prices are comparable."
Costco,2021-12-26,1,"While checking out at Costco representative stood so close to us looking in purses and wallets and notified us only Costco member could us there bank card to purchase items and stood there to ensure we wouldn't be able to purchase the items. We left after purchasing the items on the card and went to Sam's immediately after and had a 360 different experience and they had better prices, with more variety! We were greeted upon arrival and wasn't harassed at checkout. Save your money for Sam's!"
Costco,2021-12-26,1,Never been to Costco and Never had an employee stand so close and hawk eye for me and my family to pay for our goods. My mother wanted to take me Christmas shopping and employee informed us could not spend money if I was not card holder and they do not take cash.the women continues to stand right beside of us. not giving us even 6ft to check out looking into our purses and wallets to see who was paying what. I didnt want the items after the experience instead I went to sams and had more variety and such a pleasant customer experience there!
Costco,2021-12-26,5,"We wanted to purchase a ring at Costco, but were concerned because Costco does not size rings. Instead Costco has a provider in the community, Jewels by George that will size rings. We purchased the ring and went to George. George was wonderful and his work was flawless. George also offers a 10% discount. Recommend both the jewelry and George."
Costco,2021-12-19,1,"Costco in Orange Park FL damaged my rims while installing tires on my Jeep Grand Cherokee. When I went inside to ask about the damage I was immediately yelled at by a technician saying they didn't do it and that I was absurd to think they caused any damage. Their insurance was even worse to deal with. Charity was difficult to get a hold of, never answered messages, and was rude every time we spoke. This is THE worst company I have ever dealt with and I will never do business with them or any of their subsidiaries again and I advise everyone else of the same."
Costco,2021-12-18,1,AVOID AVOID AVOID you have been warned AVOID AVOID AVOID you have been warned. Orded a T. V in black friday sale said 5 days after 8 days and two phone calls i could tell i was wasting my time so i cancelled the order. I was told i would get a refund in 24/48 hours and still waiting 2 weeks later. You will wait on hold for 30 minutes to get to speak with anyone and when you do they just fob you off saying they will contact the department will not transfer you to anyone else. I have contacted the fsa and they have 30 days by law. DO NOT BUY FROM THIS COMPANY.
Costco,2021-12-15,1,"Dear fellow. Do not buy anything from Costco online. They don't deliver it, but will say they have. When you call them and tell if it was not delivered, they will make you do a police case and you have to go thought all hassle of chasing investigation on the missing package before even they think about weather to refund. They will make you call them at least 10 times. Not worth the time."
Costco,2021-12-12,1,"I was treated rather badly by a cashier. When I complained to their corporate office, they weren't any more helpful than the cashier. I've been a member for years so I'm disappointed that the one and only time I had a complaint, they didn't care. I will not support a company who can't even show a fraction of compassion when a loyal customer has an issue."
Costco,2021-12-12,1,Ordered a tv as a gift for parents on Nov 28th. My Costco credit card was billed on Dec 3rd. Dec 5 received confirmation delivery would be Dec 6th No show and no call from logistics. They rescheduled for 5 days later confirmed the night before and 9:00 am the next day received a text that they were unable to deliver call to reschedule. Called to find out what was going on was assured text was an error and tv was on truck would be delivered by end of day. Again no show. No call. Called logistics only to be told that earlier in the day logistics had reordered the tv at the same time they assured me it was on the truck! Was told TV would not be delivered any earlier than Dec 27th. Total runaround. Asked if I could have someone pick up the tv In a Costco club near my parents and was told no it's a separate entity. Extremely disappointed and angry. No tv for Christmas. My card was charged which I am disputing. Lies and more lies. No accountability.
Costco,2021-12-08,1,"We ordered appliances and a bedroom set in two different orders (totaling over $10k). After sending weekly emails for three months for us to be patient, we were told the appliance order was cancelled and now everything is out of stock. For the bedroom set, they did deliver some parts, but not the bed. So we are putting the mattress directly on the floor. When I called in again after another two weeks, they said that is out of stock too and that they can come pick up the rest of the bedroom set and give us a refund. They scratched up our walls during delivery. We paid a drywaller to come fix it, but I don't want them to take them all out again cause I don't trust that they won't scratch up our walls again. We're more than a little unhappy with the process."
Costco,2021-12-08,1,My sales agreement stated that I would have free assembly of a treadmill with free delivery. I got free delivery but the assembly crew did not show up. I called cust. Asst. And they were sorry but it would be another week before they would assemble it. Again they did not show. The nice lady at logistics said that she could not tell me when they would be able to assemble it. So as of now ' I am still in limbo. Costco.com Order Number ******* Pro Trainer 8.0 Item # ******* Ron Adams
Costco,2021-12-08,1,"I joined Costco last year couldn't get a membership card because their machine was broken. Went back a few weeks later, they still couldn't print the card. Apparently this store only has one or two people who do the cards and they weren't in. I was finally able to get a card today after a year, I wasn't very impressed with the service then went in to shop. Only picked up one item and brought it to a checkout to pay for it only to say that the line doesn't take cash, only credit. Sign says cash or credit. I was directed to another line. I put the item down and said ""I'm done"" and walked out of there throwing my card in the trash on the way out. I had an executive membership card. Biggest waste of $120.00 in my life. I will NEVER return there again!"
Costco,2021-12-07,1,"I made the mistake of returning an item I purchased from Costco online. Instead of refunding my amount, they created a duplicate return request weeks after receiving the original return so that they don't have to refund. I spoke to 3 customer service reps & they continue making false promises. Till date, I have not received my refund. Please purchase / return at your own risk."
Costco,2021-12-05,4,"I think of Costco as one of the best places to shop, including the warehouse, Costco.com, and their premier customer service. However, here is one thing that is not organized well. I bought two items together at Costco.com - a TV, and a TV mount, it was one order. Shortly after, I got 3 text messages from UPS like ""Great news! Your shipment is on the way!"" and ""That's the day! Your Costco shipment is out for delivery with UPS"". We waited all day, but only the TV mount was delivered. It turned out that TV was actually shipped with different carrier and the earliest delivery was like 2 weeks away, and way off from the promised delivery date at the time of order. How were we supposed to know that there are different carriers, and that for TV we actually have to schedule delivery separately from that carrier? The UPS messaging was great, but it did not say that it is your TV mount coming, doesn't it sound like the whole thing? How difficult would it be for Costco to communicate this clearly to the customers? For example, split the order in separate orders if there are different carriers? Require carriers like Costco Logistics to proactively and clearly communicate to customers?"
Costco,2021-12-02,2,Had an appointment for 7:00pm. They went to get the car finally at 7:40pm. For the first time ever when tires were serviced anywhere they had to open the trunk. I feel that they were invading my privacy. I will not be having anything to do with the tire department. Just don't feel like I can trust them.
Costco,2021-12-01,1,Customer service not friendly. Lost a card there and they wouldn't let me go back and look for it since it Was closing
Costco,2021-12-01,5,On 11/16/21 I went to Costco to find out if they have my pants in my size. I have gone to Costco for the past 3 weeks and they never had my size. I went to the clothing area and found my pants and they only had one pair. I put the pants in my cart and continued to shop. I put my cart off to the side to grab something and when I came back my cart was gone. I went back to the clothing area and spoke with Shauna Anderson she looked at the go backs and my pants were not there. Shauna and Elizabeth Mackie went separate ways to look for my cart. Elizabeth found my cart and my pants were still there. Both of them went above and beyond to help me. Most employees would of told me good luck finding your cart but they didn't. Best Customer service experience I have ever had. Thanks Shuana and Elizabeth.
Costco,2021-11-26,1,"Unable to complete purchase! I spent two days trying to buy the same three items online from Costco.com. Each time I got to the checkout page we received an error message ""unable to process payment"". I called Customer Service FIVE times trying to resolve their system errors and after two days during which I spent hours chatting and speaking with the agents and a supervisor I got NOWHERE! So gave up and will shop elsewhere."
Costco,2021-11-24,1,"On November 6th Costco was supposed to deliver a new washer and dryer. It showed up damaged so on the 8th we canceled the order, they said the money for the unit would be deposited in 5 days. At the 5 day mark the money was not deposited as promised, we called the on line service and was left on hold for 30 minutes. When we finally were able to talk to a person they said that the cancellation was reversed for some unknown reason and that it would be another 5 days, being patient we said ok. On the 18th of November again when the deposit was not made we went into the local Costco for them to tell me that they don't have any control of the online service and that it is managed by an outside entity, but they tried to help anyway and called the customer service number, they were put on hold for 30 plus minutes as well. They said it would be a few more days, so by this time we are very frustrated and feeling like we were getting the run around but had no choice but to be patient. Here it is the 23rd and we still have not seen our refund, DO NOT USE COSTCO ONLINE! THEY TAKE YOUR MOEY AND MAKE EVERY EXCUSE TO NOT REFUND IT!"
Costco,2021-10-29,1,"After 2 months 4 calls, received 1case out of 40 cases I order. They lost all while shipping? Last call to Costco said just cancel and reorder like not a big deal? Costco tie up my money on Costco credit card so I have to spent another 2500. 00 my own money to get floor plank from somewhere else Costco refuse to give back cash so I can spent for the floor. I didn't do anything wrong all Costco false! This is my experience so everyone be aware. Today10/28 the original Costco shipper called me said they found my planks? When I order original Costco said my order will be 2-3 wks? Original order 9/11 today 10/28 I received nothings! And still waiting for my credit on my Costco credit card.? Hope no body have to go through what I did! And should be aware when you order online from Costco. From my experience Not even one star for Costco in this case, and I share this experience with everyone I Know. Order number ******* try to take picture of proof of purchases didn't go through but I have the original one!"
Costco,2021-10-25,1,"Tried to cancel my 93 year old father's membership over the phone (I have power of attorney). They would not allow me to cancel it. I could understand if they wouldn't allow me to open an account in his name but to cancel it? I told them that I would go to the store in person with the power of attorney in hand. The customer service rep said, ""I think you may be able to do that"". Really? I may be able to cancel?! I guess once they get your money, it's hard for them to give it up."
Costco,2021-10-18,1,"Employees are rude. And manager don't do anything at Costco Glenn Allen, VA. I was yelled by an African American lady for not putting the bar on the band, its ridiculous, I remained quiet I'm not rude, but I'm paying a membership to be treated like that, no way."
Costco,2021-10-18,5,I would just like to say how pleased I am with the Costco in Riverhead LI. The people there are always friendly and eager to help. I drive 70 miles just to go to that Costco. Always a pleasure and always easy to shop.
Costco,2021-10-04,1,"Michelin Tire Warranties at Costco, Canada means nothing. I had bought Michelin tires from Costco in Brampton. After a while, the tires became too hard and started slipping across the road when brakes are applied. Upon realizing the danger that I was posing to myself and other road users, I replaced the tires immediately thereafter. I requested for warranty to be honoured, then the dispute started. The tire centre manager says that the tires has treads which according to him means that the tires are still good. When contacted Sam, the store manager, he says that the tires have no treads. If Sam's arguments is to be believed then the tires wore off too soon and the warranty must apply. In the tire centre managers argument, he says that the tires has treads which means that the tires are good. Then he does not believe my words that the car is sliding across the road. He made the call that there is nothing wrong with the tires. The warranty is denied. I had to hand over another $1200 to Costco, Canada for another set of tires. The warranty meant nothing"
Costco,2021-10-03,1,DO NOT BUY A GROUPON FOR COSTCO! THIS IS A SCAM! THEY NEVER SENT ME THE 2 $40 CREDITS THAT THEY CLAIM THEY WILL GIVE IT TO YOU. I CALLED AND THEY TOLD ME THAT THE PROBLEM WAS THAT A CREDIT CARD FOR RENEWAL WAS MISSING. THE CUSTOMER SERVICE ADDED MY CARD AND TOLD ME I WOULD RECEIVE IT IN 6 WEEKS. SEVERAL MONTHS LATER I CALLED AGAIN AND THE AGENT NOW SAID THAT I NEEDED A GROUPON PROMOTION CODE. I READ THE GROUPON AND IT DIDN'T SAY ANYTHING ABOUT A PROMOTION CODE ONLY TO ADD A CREDIT CARD. WHEN I TOLD THE AGENT THAT I WOULD KEEP POSTING REVIEWS ABOUT THIS INCIDENT UNTIL THEY HONORED THEIR OFFER SHE TOLD ME TO GO AHEAD AND THAT IT WAS MY FAULT AND NOT THE COMPANY'S FAULT ALTHOUGH I DID EVERYTHING THEY ASKED AND THE AGENT ASSURED ME DURING MY FIRST PHONE CALL ABOUT THE ISSUE THAT I WOULD BE MAILED MY OFFER WITHIN 6 WEEKS. IM WRITING THIS REVIEW TO RECOMMEND PEOPLE NOT TO BUY A COSTCO GROUPON IN THE FUTURE SO THAT YOU DON'T HAVE TO BE SCAMMED AND GO THROUGH ALL THIS TROUBLE IM GOING THROUGH WITH COSTCO TO GET WHAT WAS PROMISED TO YOU.
Costco,2021-10-02,1,"My online order was arbitrarily cancelled. The online vendor lied repeatedly about what had happened, then finally shipped my order. Costco promised someone in mgt. Would contact me but they never did."
Costco,2021-09-30,1,"TO COSTCO.COM CONSUMERS Please be ALARMED that when you order at Costco.com you are SERRUPTICIOUSLY and AUTOMATICALLY CHARGED for Shipping and Handling without you knowing it. Your order would indicate ""shipping & handling included"", but in REALITY Costco is adding $2.00 for EACH ITEM IN THE SAME ORDER. It is not a ""one-time charge"". At payment, your invoice indicates ""$0.00"" for shipping & handling which is VERY MISLEADING! Costco.com customers are being duped by EMBEDDING THE SHIPPING AND HANDLING CHARGES INTO THE PRICE OF EACH ITEM FOR WHICH CUSTOMERS ARE NOT AWARE! FOR THE LONGEST TIME I AM LED TO BELIEVE THAT WHEN YOU ORDER ONLINE THE PRICE OF THE ITEM IS SAME AS WHEN YOU PURCHASE FROM THE WAREHOUSE. I NEVER BOTHERED TO RE-CHECK THE PRICE OF THE ITEM BY CALLING THE WAREHOUSE BECAUSE I TRUSTED THE WORDINGS ""SHIPPING & HANDLING INCLUDED & $0.00 SHIPPING INDICATED IN THE INVOICE. THIS IS VERY UNCACCEPTABLE AND DECEIVING. I asked to speak with the Supervisor but she kept on pointing me to read the ""Terms & Conditions"". When a customer orders with a BIG CORPORATION like Costco you think that they are portraying that they are the ""BE ALL END ALL"". PLEASE SEE SAMPLE OF MY INVOICE ORDERED ONLINE: THE ITEM IS $21.99 IN THE WAREHOUSE; I WAS CHARGED 23.99 EACH PAYING $4.00 FOR SHIPPING AND HANDLING! THIS IS A CLEAR VIOLATION OF CONSUMER PROTECTION ACT!"
Costco,2021-09-24,1,Costco deals with 3rd party vendors for delivery and installs. The 3rd party Core Logistics is disorganized and incompetent. Shame on Costco for dealing with this company. Our new gas stove was scheduled for delivery and install. They dropped it off but they know nothing about the install. After spending a good hour on the phone they can not install for weeks. This is crazy. I have stove just sitting here. Very disappointed in Costco for dealing with an inferior company.
Costco,2021-09-16,1,Costco online is waist of time just be careful buying stuff there everything I bought had issues and never came on time and if they did it's damaged and you have to call multiple times to get your refund. Please stay away from Costco online.
Costco,2021-09-15,1,Never buy anything from costco.com their cuatomer service will tell you one thing and do another. Horrible service. Expected more from costco.
Costco,2021-09-14,1,"The people working behind the customer service counters seems to forget that they are there to perform customer service. They acted more like interrogators and treating fee paying members like criminals. Giving the fact that Costco collected more than 3.5 billion dollars in membership fees in 2020, members are paying their salaries, its' a shame they provide such poor customer service. Members need to stop paying the membership fees, stop shopping there and send them a message. I have been a member for almost 20 years and it's time to move on. Start shop and support local stores and products made in America!"
Costco,2021-09-12,1,"Do not get frozen ribeye steaks from Costco delivered; packaging was terrible. Steaks sucked, absolutely no flavor!"
Costco,2021-09-10,1,"Terrible customer service. Unprofessional carriers. The installation parts were the wrong parts, After talking to about eight people, and five months later,( l bought the washer and dryer in May) they decide to not do anything but credit me $150. They did not deal with the poor customer service nor did they deal with the carrier issues nor address the faulty parts nor did anyone answer the question as to Why did the carrier charges me fifty dollars upon delivery? And he was not suppose to. The photo shows the washer hose. The dryer hose is aluminum instead of metal. I will not purchase anything else from COSTCO. I will be canceling my membership as well. 9-10-2021"
Costco,2021-09-01,1,Only accepts visa and Bank MasterCard. Embarrassed as hell today. Found out the card I payed for their membership doesn't work in store. If you can use a Mastercard for their membership. Then it should be good for enough to use to buy items they sell in store.
Costco,2021-08-29,1,"I have had the worst experience buying a dishwasher thru Costco. It has been 2 months of HELL and endless calls waiting for them to make my purchase right. I pd for the white glove service meaning the install and haul away the old dishwasher. I had no clue they used whatever contractor was available and refuse to stand by them. We had our new dishwasher delivered. Then waited until someone could come and uninstall the old one. Then waited another day for someone to install the new one. Only to get a subcontractor who cursed and made me run to the hardware store to buy pentax for him(I didn't know what that was but i did it). And then after an aweful couple of hours he left but Never tried it before he left stating the glue needed at least 2hrs to dry. And he refused to haul the old one away. The very first time I try it, I get 2 errors! 1 saying it was installed wrong. F9 E1. After waiting on the phone for 2hrs customer service assured me they'd send someone out. It took 2 weeks of the old dishwasher sitting in the middle of my kitchen before someone came to get it. Then 3 days I had to take off work and no one showed up to fix the new one. Fast forward to over 20 phone calls and I'm still waiting with Never having used my new dishwasher. To get a flippin refund I was told that I needed to find someone to uninstall it and then the find someone to pick it up. WTF"
Costco,2021-08-23,2,"With the exception of the demo individuals: clerks and the majority of those working on the floor employees are exceedingly impolite, unfriendly. Most employees working the floor are ignorant as to the locations of various products probably due to the fact that locations are moved consistently (for some stupid reason/—- extremely annoying. Prices are climbing horrendously but most products especially Kirkland brand is superior. Unfriendly people is biggest complaint"
Costco,2021-08-23,1,"Hello to everyone I wanted to let people know that on July 17,2021 there was an incident. Costco thinks they are about their members well let me show you different side of the company! There was water and NO sign in the food court when I was going to get my fountain drinks. I slipped and fell, I had a bruised knee and top of my right ankle bruised and hurt left arm, shoulder and neck. I wasn't even acknowledged and was dismissed from staff! As a member I was in awe that I was treated with such disrespect and now they there is more disrespect when the insurance agent stated Costco was not liable and that it was my fault, that I should have seen the water before I fell. WOW REALLY! I am currently in physical therapy for left arm, shoulder and neck. I had a bruised knee and bruise on top of left ankle. Currently paying it out of pocket and using my insurance to pay for medical bills. As a member from October 2018 I would think they would treat me a little better than this! I have never felt belittled, and more disrespected in my entire life! Might cancel my membership! Pics of emails Debra Benavidez"
Costco,2021-08-21,1,"I have made 2 orders from Costco. I paid for 2 day shipping. I was supposed to receive the package on 8/14/21. The date changed to 8/15 then to 8/16 then to 8/17. They returned the money but then the arrival date changed again to 8/19. I called to complain to Costco. They called UPS and told us it should come on 8/20. Yesterday (8/20) I tracked it and the website says incorrect address. I called again and informed them 2 days ago I received other packages with the same address, so how is that possible? Now the package is scheduled to be here on 8/23/21. The customer service has been terrible, the lady on the phone didn't understand and told me the package should arrive on 8/24/21. I asked to speak to a supervisor but was left on hold over 45 minutes. I really need this package ASAP. Any help would be greatly appreciated. Thank you."
Costco,2021-08-18,1,"We purchased a living room set online. Came damaged and we started return process. The pick up company scheduled pick-up with 4 hours window so my husband took time off from work and waited 6+ hours, no one showed up. My husband called them twice and they told him they will be late and he waited for another hour but still nobody showed up. We called them the following day, they said they have to reschedule us. After two weeks, they called and scheduled for today with 4 hour window from 2:00pm to 6:00pm. They told us that they will call us 30minutes before. We waited until 6:00, no show and no call. At this point, I called Costco customer service and the lady tried to call the company and they were already closed. Costco lady told me to call back tomorrow during their business hour. My husband at 6:30 called the company phone number(called us to schedule) and a guy answered. He told us that they have other pick-ups and will call us before they come. We told him that we do not live at the pick-up location but we only 15 minutes away and as soon as we get their call, we will be there to meet them. We waited but no one called. I monitored our security cameras at that house, when I saw a pick-up vehicle. We called the company again and they told us they cannot wait and they said they called us. We have our phone with us the whole time and there were no records of their call. We still have the living-room set with us. This is the worst experience ever. Costco return is a joke!"
Costco,2021-08-14,1,Took 2 months to get my washer/dry that was listed as a 7-10 day delivery on their website. Then when the day of the delivery finally came they contracted out the delivery to a 3rd party company without either asking or notifying me of such. I took the day off work for the item to be delivered. I'm a doctor and have a very busy schedule. The delivery company was not able to deliver the items to my address because they never reached out to me ahead of time to find the logistics of my home and driveway. Nor did they ever provide me with a number of who I could contact to reach them. They were supposed to call the day before and didn't. They showed up at my house and with no effort to make things work announced they couldn't deliver the item and that I'd have to reschedule. Save yourself the time and don't buy appliances from Costco. Use a real appliance store like Best Buy/Lowes/Home Depot. I've never had a problem with any of them. This was my first and last time buying an appliance from Costco. They should be embarrassed.
Costco,2021-08-04,1,"Virtual Assistant: Hello! I'm Costco's Virtual Assistant. You can request a Customer Service agent by entering ""agent"" at any time. Please consider leaving feedback about your experience to help me improve! Virtual Assistant: Order StatusLooking for the status of your order? Visit My Orders for updates! When you place an order, you'll find the estimated delivery time frame of your package listed in your Order Confirmation email. Look for ""Shipping & Terms"" - the estimated time frame is below. Once your order ships, you'll receive a Shipping Confirmation email that includes tracking information, along with a link to the carrier's website. Virtual Assistant: If you have other questions, feel free to ask. You can enter ""agent"" at any time to speak with Customer Service. You can also enter ""topics"" to see other topics related to Orders. Sean: agent Virtual Assistant: I'm transferring you to a Customer Service agent - thanks for trying our Virtual Assistant! Feel free to share your feedback on your experience. --- 10 minutes 25 seconds... Jasmine C has joined the chat Sean: I never received a delivery window yesterday after 6pm as your instructions indicated and the delivery is scheduled today I need to confirm todays schedule ASAP Jasmine C: Hi Sean! Thank you for choosing Costco! My name is Jasmine C - I'm reviewing your request and will be with you in just a moment. Jasmine C: Hi, Sean! Jasmine C: How are you today? Sean: Hi Jasmine Sean: Good Jasmine C: Perfect! Jasmine C: I am sorry to hear that you were not called with a two hour window for delivery. Jasmine C: I will be happy to look into this for you. Sean: Thank you Jasmine C: You are welcome. Jasmine C: Allow me a moment to review your order. Jasmine C: Sean, tracking shows you are scheduled for delivery today but there is not a two hour window listed. Jasmine C: The logistics team would be the only department that can look further into this. Sean: Yep. Do you know why they didn't give a 2 hour window? Sean: I'm spending a lot of time today (and the past several days) trying to track this simple delivery Jasmine C: Tracking does not note why a two hour window was not provided. You would need to contact logistics at *******459. Jasmine C: The other option is to get you rescheduled for a different day. Sean: Nope, wait time is over 2 hours. I don't have the time for that. Can you do it and let me know? Sean: No, I took off today. Someone needs to please get on this now. Did someone drop the ball? Jasmine C: Would you like me to get you rescheduled for a different date? Sean: No, not an option. Jasmine C: Ok, I will have to send this service request to our resolution team. They will contact you back within 72 hours with an update if delivery is not made today. Sean: Can this be escalated now, or is my day wasted today? Jasmine C: I do apologize but unfortunately we are experiencing the same hold times when we try to reach out to logistics. Our resolution team will have to step in to get this resolved. They may contact you sooner than 72 hours but we do have to advise you that it can take up to 72 hours. Sean: Sounds like a waste of my day. Not impressed. How may I get a copy of this chat in writing? Sean: Don't mean to be rude Jasmine, though this is not good customer service Jasmine C: I totally understand your frustration and apologize once again for the inconvenience. When we disconnect the chat you will see a print icon on the top right side of your screen. Jasmine C: You can print or save the chat as a PDF. Jasmine C: Is there anything else I can help you with today? Sean: Just one more confirmation in writing that this has been forwarded to the resolution team. Thank you Jasmine C: Yes, I have sent the service request to our resolution team. Sean: Thank you, that's all for today Jasmine C: Thank you for chatting Costco.com, I hope you enjoy the rest of your day, Sean! Jasmine C: The reference number for this chat is (deleted). If you would like to tell us about your experience, please share your feedback here: https://secure.opinionlab.com/ccc01/o.asp?id=hBWebQdN. Jasmine C has disconnected... don't be fooled. If you want to print the chat, don't use the print icon at the top of the chat. It'll only print the first two pages. You need to copy and paste the full chat to get it. This is after waiting 3 months now for the dishwasher to be shipped and ""ready"" for delivery."
Costco,2021-07-27,1,"Costco online sucks. I have been waiting to get my Washer and Dryer since April, it is July 26th. Had three confirmed delivery days each time received a text or email, after I waited for them, telling me that they are not able to deliver them. Spent literally tens of hours on the phone to talk to nice but lying ""service people"". Already went 6 times to my Costco store to asked for help - Nothing! Over the last 31 year I know I spent close to half a million $ at Costco. I will not renew my membership no more. They will not get another $ from me if this is how they treat a long term costumer. I hope many other people will do the same."
Costco,2021-07-23,1,"I was expecting Costco to deliver & do an install on my LG Washtower yesterday between 9am & 12pm. I do believe the truck showed up at 9:30am approximately. When the cardboard & wrapping were removed, the top of the dryer had a massive dent on the top of it (this is one complete unit & the dryer unit would have been compromised due to the extent of the damage done to it). We refused the delivery & were told to call Costco to get a replacement unit. At this point we have been waiting 8 days since we ordered the unit to only get a damaged product & refused it. When speaking to the call centre, there was nothing they could do except to put us into another ""queue"" & to wait ANOTHER 4-10 business days to get another delivery date on another LG Washtower unit. They explained that since it was a ""Major Appliance"" that these things happen ""quite often"". I then asked that since I would be without a washer or dryer for many days & with 3 kids in sports & myself that runs a window company & I do laundry myself daily, would there be any compensation at all as I will have to do many, many loads at a laundromat. Their response was ""not at this time"". I then said ""If this happens OFTEN as they have said, what happens then if we receive ANOTHER damaged unit?"" They said then & only then that they would relook at compensation from Costco. 100% satisfaction guaranteed on their website, is not even close to what I would call this experience. If I could give this 0 stars I would, absolutely abysmal customer service, even from a Supervisor there! Thanks Costco as I will definitely never, ever again shop online & I will tell every soul I encounter what my experience was so they never have to deal with this either..."
Costco,2021-07-23,1,"Went into the store to buy a washer and dryer. I had the measurements and was assured it would work. I work during the day in an intense and dangerous job - and cannot answer the phone until 3pm, cannot be at home - so I told them this and they assured me I could arrange the delivery at the hour of my choosing. Waited 2 weeks for delivery - was told to schedule online. Was able to pick the day but not the hour at all. Two weeks later, with no warning nor contact at all (phone email nothing), the delivery guy calls in the morning while Im using the restroom at work and says ""We are half an hour away"", to which I reply ""I asked for a delivery after 3 *three* times by phone"" (which took me being on hold for at least 2 hours each time - and I was assured the delivery would be after 3). The delivery guy (who spoke poor english) said ""oh, okay"", hung up and cancelled my order. I only found out later in the day when I got an email saying my order was cancelled. So I called (again), and after three calls to different places (calling Costco Logistics is a lost cause - they dont answer the phone after 4 hours of waiting), rescheduled my delivery. When they came back two weeks later (now one month without clean clothes), the installers (again, no english) said the machines wouldnt fit and the exhaust pipe was bent (it wasnt, I looked). They got a rude gentleman named Tony on the phone who informed me there was nothing to be done, *I* was ""done"". I asked what we were going to do, replacement, return, what could be done to make it all work out, and he said ""Nothing, we're done, theres nothing to do at this point."" He hung up, the workers left without another word, and left my appliances outside my door on the landing at the top of my stairs (I am seriously not making this up), where they still are - and I have not heard from Costco Logistics AT ALL. I have tried calling multiple times and could only get ahold of a Costco customer service rep after much difficulty who said they would try to fix it, but that they didnt have any control over Costco Logistics. Its now two days later and Ive heard nothing. Needless to say, if a company wanted to upset and anger a customer into never doing business with them again, this would be textbook. I shall be sharing this experience on social media as well, warning people that Costco Logistics seems deliberately intending to offend and alienate customers. They truly do not care one bit, in every encounter in person or on the phone Ive had with them every time (about 12 times now). They are not one bit interested in helping solve the problem. I guess they dont care about making money. No one in their right mind would willingly put up with the treatment I received. I sincerely hope they go out of business - they deserve to. Costco themselves have been pretty decent - but Logistics is from Hell."
Costco,2021-07-17,1,"Costco's Appliance delivery service was absolutely horrible. They said they would be at my house between 1pm and 3pm in an email the night before. They delivered my fridge at 12pm (I wasn't there, of course. I thought it was going to be at least 1pm) and they left it in an open garage with no delivery signature. I had to hold on the phone for 90 minutes (no lie), finally talked with a CSR who was rude, who made snarky comments such as how she couldn't driver her truck personally across the country and delivery my fridge, and she just sent my call to a local logistics manager and he got a person out to me at around 5pm (entire day wasted). I even signed up to receive text messages before they were to deliver and they didn't contact me! The delivery guys thought turning the huge fridge in a small shoe room from the garage was easier than bringing it through the front door which had a straight line to the kitchen. (Anyone could tell it clearly wasn't going to fit through the route they tried.) Before they scraped up the shoe room (trying to get in that way), I demanded that they take it out and bring it through the front door. I wasn't about to let them destroy my new home. They finally took my advice and did that, hooked it up and quickly left without anyword, left wrapping garbage all over, etc... Costco management: These guys are tarnishing the Costco reputation. You have got to look at your management and processes in that division... This was the most worst service I've ever received in my life, and I'm usually a pretty easy person to deal with. Lol. I love Costco (the physical store), but this delivery service really sucks. Horrible leadership running the show."
Costco,2021-07-17,1,"Before you start thinking I'm exaggerating or just being mean let me explain. I ordered the LG washer/dryer tower on June 1. With a delivery date of June 11.1st delivery was missed. No call no heads up of any kind after I had taken the day off. I called the next day sat on hold for over 3 hrs just to have to reschedule the delivery for thr following Friday which was the soonest June 18th. Not happy but I was given no other choice so ok June 18th it is. 2nd delivery missed... or no showed. Mind you the 2nd time around I received an email and a text the morning of saying my delivery was arriving that day. I also called at 2:30 when it hadn't shown up yet to check and they told me the delivery time was 9pm that night I even asked if they were sure and they assured me. Well nope didn't show. So again that next Saturday I called and sat on hold for another insane amount of time only to be told that Costco Logistics would be looking into it and would call me back. To no surprise no one called me back! So after waiting for half the day I called again this time to customer service for Costco online instead of the Costco Logistics # the opened a claim and were going to do an investigation. Claim was opened June 18th I received 1 call from the person handling the claim and nothing else. After waiting 2 weeks with no word or updates I called back to just cancel everything. But guess what Costco Logistics had now marked my washer/dryer unit as delivered... Hmmmm I wonder where because it sure didn't get delivered to my house... So I said I wanted everything canceled this was absolutely by far the worst experience I have ever had with Costco but honestly this is the first time I ha e ever dealt with anything through Costco online I have always done everything in the stores and loved it. Ok back to the horrible experience. So now this is June 29th canceled my order and asked for a refund... Fast forward to present day July 16th and still no refund 4 more calls hours and hours of hold time. Anyways everytime I call I get a different story as to why I haven't received my refund and I've spoke to even supervisor's who also seem to have no real clue as to what's going on. It just seems like Costco online doesn't have their stuff together and the online employees although might be nice, know absolutely nothing as far as actually helping fix your problem. So there you go my reason for why Costco online is complete and utter trash, and why I will only shop in thr Costco stores from now on and tell everyone I know to not do business with Costco online!"
Costco,2021-07-12,1,I returned a product on July 1st and haven't received my refund yet. And the customer service guys arnetta the supervisor yelling at me for asking why they are conveying contradicting information. Do not buy from their online
Costco,2021-07-08,1,"They said i had to return items to ups store or warehouse whe. It was their imbecilic box packing that caused 12 pounds of sugar to burst over everything. Customer service no help. I will not order from them and plan to shop in warehouse rarely, if at all."
Costco,2021-07-05,1,"Ordered a washing machine and dryer to be delivered on June 19, delivered and hooked up as promised. First load of clothes, the dryer would not work. Called the same day and was told a new one would be delivered within 5 days. 5 days later... no word. Called 4 different times and finally was told a new one would be delivered today, July 5th. Today, as I was waiting for the order, I got a call they had lost it... who loses a dryer? Called again and was told I have to reorder it with no set delivery date. They outsource their deliveries and apparently do no have their crap together. Very bad business. Do not do it as the customer service agent says this is normal!"
Costco,2021-07-05,4,Happy to find pork belly at Costco. Would be even better if the skin is on. The skin is an essential part of any yummy pork belly dishes!
Costco,2021-07-01,1,I ordered a dishwasher and scheduled a delivery date for June 29th. I received a notification that it would be delivered between 9 and 11. It didn't arrive. I called and waited on hold 1 hour and 11 minutes before being disconnected. I called back and waited on hold for another 1 hour and 48 minutes. They said they lost the dishwasher. They then found it and the delivery was rescheduled for July 1 between 9 and 11. I waited until 12:30 and tried to call. I waited 1 hour and 23 minutes and had to disconnect because I had to go somewhere. A few hours later Costco called and wanted to schedule delivery. I said what happened to the delivery today. He checked and called me back and said they didn't have room on the truck so they canceled the delivery. The gave me no notification. The delivery is now scheduled for Saturday. We will see what happened next. Extremely poor communication and dreadful customer service.
Costco,2021-07-01,1,"Can I give -ve stars? That should be an option. At least let me do 0 stars. Are you kidding me. What happened to customer service. Do they even know what that is. I ordered a table and chair outdoor set from Costco.com. Scratched the first time. Requested driver to take it back. Delivery guy started cussing in my backyard because I refused the order. Really, I am well within my right it is not a $2 item buddy. It was *******@2500 item. Anyway item out of stock had to reorder again. This time worse scratch on table and again they offered a replacement to show up on 6/30. No one ever showed up. 6 1/2 hrs later on a call with no luck getting anywhere. Finally I was able to get hold of Coscto.com and requested a full fxxxxxx refund. Oh my God this is the worst customer service I have ever seen from Supervisiors to mgrs to delivery team. The right hand nows nothing about their left hand. Better yet fingers within the same hand know nothing. It is that bad. Never ever ordering anything from Costco.com. I will go get it in the store but other than that stay away. You will regret it.."
Costco,2021-06-30,1,Do not trust this company I bought a bbq more thanks month and they do t know when it's going to delivery.
Costco,2021-06-29,5,"Good evening, Hope all is well. I just got done talking to Michael F (ID # 2444FTM) from costco.com Customer Service. I wanted to inform you that he is an EXCELLENT customer service to work with. With everything going on during this pandemic he was collected. He was so polite and nice. He went over and beyond and was very professional. He definitely knows his job/business. If I could I would continue to use him for any online inquiries. His answer were clear and where necessary detailed enough when I also inquired about the air mattress. He was so informed that it made our decisions quickly about purchasing an air mattress. Great hire manager! Give him raise!"
Costco,2021-06-25,1,"I would prefer to rate this as ZERO but that is not an option. We have had a TERRIBLE, I mean REALLY TERRIBLE, experience with the installation of our costco.com purchased LG washer/dryer set. It is has been a two month ordeal. Costco.com hires TERRIBLE installation contractors that are not skilled, not professional. We have had 4 sets of contractors come - one installed the equipment in backward order, the other scratched the appliance and created water damage, the other stripped the water input into the washing machine rendering it unusable, the most recent left the shipping bolts in the washer and when we began to run our wash, the washing machine made a terrible GRINDING noise. We will NEVER purchase appliances from Costco ever again. While costco.com customer service team may not be at fault directly, they should be ashamed of themselves for selling expensive equipment and not having staff that is professional and skilled enough to install it. Shame on Costco.com."
Costco,2021-06-23,2,"Bought a ready roasted chicken at Costco, got home only for my son to realize that there were flies in the container. After opening the container one fly flew out the other was dead on the chicken and at the back of the chicken were fly eggs! Called Costco. They said there was nothing they could do for me over the phone and to drive back to Costco for a replacement. I told them I live out of town so they suggested I keep the chicken and bring it in when I can! Disgusting... why would I want a replacement anyway. Dissatisfied in how they dealt with the complaint. Check your chickens everyone. This is disgusting!"
Costco,2021-06-15,1,"I ordered a refrigerator from Costco in April. After waiting a month they scheduled a delivery. I had a contractor and plumber standing by in case they had to make a modifications to make it fit. An hour before the scheduled delivery, they called and said they couldn't find it. After several days I finally talked to a supervisor who said indeed it was lost and ordered another on an expedited basis. The second one arrived and it wouldn't fit because the published specifications were in error. The installation tom set up an appointment for the following week and placed the refrigerator in my family room. The day comes and no installation crew. No one knows anything about it. I don't know who to call... no one knows anything and I'm sitting with a refrigerator in my family room. Never again Costco."
Costco,2021-06-08,1,Terrible customer service. Door greeter is rude and has zero customer service skills. Will not return and will be getting a membership refund. Stay away from this place in St. Peters. Go to Sam's.
Costco,2021-06-01,2,"The staff neither knows nor cares about your questions. - especially if it has to do with products. Where's the Jam? The employee points vaguely toward the shelves. Really? Any shelf or aisle or just ""over there?"" Grabbed a box from a large utility cart. Employee barks at me that I can't take any and go to the front. I've been to the front and there is nothing. Barks again. I take the box and inform this person that I don't work for them, there are no boxes at the front and I don't care. You never know if you're going to find the products that have been on shelves for months or years. Ask someone if they'll be getting more and you might get a shrug. ""Go to the front and write feedback"". What? You buy 2 hotdogs. Please beg for ketchup and mustard and they ask you if you want your pops. Are you effen kidding me? I used to just get onions and mustard and I was good. Now, I take the condiments and even if I don't use them, I just take them. And yes, I bought 2 hotdogs which each come with a pop. Give me what I PAID for and stop asking me if I want it, you cheap, mean, little miserly tightwads. If you can't afford it, don't sell it. Otherwise stop being indifferent, bean-counting a-holes. You will eventually be shot out of the sky by another company. I look forward to that day"
Costco,2021-06-01,1,"Treadmill home delivery set up and install. Treadmill was damaged out of the box, so it was returned. Great service so far. The issue arose when I was told to call Costco Logistics and had to wait on hold for 2 hours. You read that right, 2 hours! Who does that? Anyway, they are supposed to be delivering it in the future, even though it's not in their warehouse yet. They told me I could always call back and reschedule after they received it in their warehouse. I am hoping 2 weeks is long enough for them to get it delivered. I will NEVER call them again. 2 hours on hold, cannot believe it. This is awful. I want to know if any of Costco's executives would wait on hold for 2 hours in order to do business with a company. They should shake loose with the change and hire more people to man their phones. Shame on you, Costco."
Costco,2021-05-26,1,"They had one job: deliver a 75"" flatscreen to the house. The email said they'd be here between 7a and 9p y'day, and, of course, they never showed, no call, text, nothing. Called the warehouse, they can't reschedule delivery for at least a few days. Been on phone for an hour with them now waiting for a supervisor. I wouldn't have had to go through this if they accepted mastercard at the store terminals, where they had the tv I wanted - they only take MC online. Never again, demanding refund on TV and membership. Do not use these worthless people."
Costco,2021-05-19,1,"Spent 1400 on a nice washer and dryer on March 28. Waited a month, called the warehouse and was told it was sitting in a warehouse in ABQ. DSO had been contracted to deliver it (That's right. Owned by DeJoy, dismantler of the USPS). The warehouse reached out to DSO and got a delivery date. Day came and went. Guys swear they were there and left messages on two phones. Didn't happen. DSO lied. Costco doesn't care. Another delivery date was set and they didn't show. Another day and they call the morning of to say they have the appliances but not the hoses for the washer. Should they still deliver? Hours spent on the phone (after the delivery driver gave his buddies phone number instead when asked for his supervisors number) the washer and dryer were delivered on that day with the hoses but WITHOUT the dryer cord. That was on May 7th. Three promises to deliver or FEDEX the cord have been broken. In the two months since Costco happily took my $1400, I have spent about 25 hours in a laundromat and probably another $160 in quarters for the machines there. And Costco doesn't care. Go elsewhere. Rent a truck and pick it up yourself. Pay your nephew to go get it for you. Some alternative to Costco delivery. Because two months later, crickets. I know I could buy my own dryer cord but this is a remote area an hour away from anyplace that might sell them, and they are currently out of stock. Plus, I kept believing that Billy at DSO Home delivery in Albuquerque was telling me the truth about his desire to resolve this right away."
Costco,2021-05-15,1,"It's stores like this one and her sisters Walmart and sams club that have destroyed businesses and ruined any kind of ""fair business"" forcing you to shop there if you want a lower price. So mom and pop stores have to raise prices. Communist China, haters of God have their grimy paws all over this store. And go figure... this is the only store that's still on a power trip about putting my little nose in my mask! How stupid! But hey it's China! Don't shop at the China Overseas Trading Company! That is what Costco stands for, Don't shop there"
Costco,2021-05-16,3,I have been a Costco member since the store opened in the Atlanta area. I was in the store today and noticed that the mask requirement has been lifted. This will impact my decision to continue to shop at Costco as there are many other options available.
Costco,2021-05-07,2,"Costco sends us a book with sale items, monthly. The goal is to lure us in. But when the advertized, published item is unavailable, they do nothing at all to satisfy customer. They say ""we do not guarantee that sales items are available."" Really? You drag us in by published promise to have items, and then not even ""sorry""? NO substitutes? You lose TRUST by doing it. And so a potential 5 stars shrinks to fit 2 stars."
Costco,2021-05-06,1,"I bought a GE Cafe 30"" Double Wall Over from Costco online. The purchase included Installation and haul away; On 1st delivery attempt, the installer indicated my cabinets needed modification and I needed to get that modified and reschedule. So, I had a carpenter modify the cabinets and then rescheduled. The 2nd delivery (this time a 3rd party company) came, said they only deliver and don't do install... The delivery guy was very unprofessional - one of the worst I have seen. I said, Costco had confirmed that it will be installed, so let me call Costco. To that, the delivery guy says, ""I have already spent too much time. We have lots of delivery to do so I can't wait"" so you need to make a decision to keep or send back and started walking. By the time I walk from the kitchen to the front door (15 - 20 sec), they dropped off the box, blocking my door, and drove off. I did not accept delivery, did not sign papers, and don't know what to do with this huge box blocking my door. Called Costco (3 calls, 4 hrs and going), all I get from Costco is I am sorry. I hate to be rude but it does not solve my problem. They can't pick it back up, can't get another installer for 7 days, won't pay 3rd party to come to install... I have been a loyal customer for over 20 years and spend a lot... Not a good way to keep customers, Costco."
Costco,2021-05-05,1,"After being a costco member for most of 2 decades and spending untold amounts of money I was treated like crap by this organization this last couple years. They began going back on their return policy and told me I'm no longer allowed to return stuff because I returned too much stuff. So much for that policy being one of the best perks! And we didn't return that much, it's just that we used to purchase so much there. And then they discriminated against me for having asthma by forcing me to wear a mask. I never thought I'd see the day. Costco is now a big disappointment. I liked costco, but it's not difficult to find alternatives."
Costco,2021-05-05,1,"I purchased 4 Michelin - X Tour A/S T + H Saturday. I drove to CA and back, 540 miles. My mpg dropped by 7. They are very noisy."
Costco,2021-04-28,2,"Just visited Costco and once again my experience with the cash out system was very annoying. Anyone notice that Unlike other large retailers, Costco's cash out register does not tell you your total until the end or you have to stop the cashier midway to ask what is your total. Secondly I was wondering why the cashier was racing to scan the items not allowing the customer to ensure that the price is the same as the one on the shelf. Well a few minutes later I got my answer as I was waiting on the line to check my receipt. Right there on the wall were names of cashiers and the amount of items they cashed every minute. It looks like the company promotes some sort of competition among them to see who could cash in a less amount of time. Not everyone is rich and has lots of money some of us have to carefully manage our finances so I would like the opportunity to view my total after every product is scan and not have the cashier rush through my groceries as if she was working on commission. Thank You. THIS IS RIDICULOUS..."
Costco,2021-04-08,1,"While I love the products Costco carries, I detest the companies WOKE policies especially the companies mandatory mask policy. While Indiana had the mask policy in place I, for the most part, adhered to the policy. Well, now we don't have the policy anymore and Costco continues with this stupidity. We spend nearly 100,000 $ per year there and if this nonsense continues I will cancel my membership for good."
Costco,2021-04-07,1,"I purchased an 82"" LG TV and it was delivered to me on 3/24 (reasonably responsive). However it was dead on arrival. As soon as I unboxed it and turned it on, it displayed fine vertical color lines and odd pattern near the bottom (picture 1) When I later put it back in the box for return, I noticed that that odd pattern area was bulging although the panel was not broken (picture 2). I created a return/refund request immediately and got an email acknowledgement. I was asked to wait for 5-7 business days for a call to schedule a pick up, Today is 4/7 and I have not been called and payment not refunded. I reached out to customer several times with three successful opportunities to speak with a real person. Twice I was told ""still under agent review"" and the third time ended with a dropped call. I had an online chat yesterday (4/6). I was told that the carrier got my information now and will give me a call."
Costco,2021-04-04,1,"We bought a $1600 couch online two weeks ago. My fiancee ordered it and scheduled it for yesterday. They didn't tell us and were a no show. We called, they asked to reschedule for tomorrow due to issues. Tomorrow comes and they miss the window again. We called several times and the customer service team has no idea what warehousing is doing. They could y help. We are entertaining tonight and we have no couch. My fiancee is crying."
Costco,2021-03-11,1,"To start, we ordered a large order from Costco.com. We live in MI and my brother lives in CT, where we were sending this package. Two days later, a box shows up on our front porch, not CT. When we made this purchase we were told that it was coming from the CT location because we picked Jif peanut butter, which was not available at that location and had to get Skippy. We call the customer service line, we get hung up on and call back. This time we get an actual person. They are telling us we have to take the box back to our local Costco and wait 5 days for a refund. So we end up having to repurchase the entire order basically, that got shipped to the wrong address, and were told it had two day shipping. It then shows up four days later and we get double charged for everything. So we spend another hour and a half on hold after being hung up on twice, to get no help. The send is to a manger named Jessica who did nothing and was extremely rude. This has been stressful and expensive, this company is incompetent and rude, I want my money back for this membership and to never have to deal with them again. And they were like what were you expecting, and at this point I would really like an actual apology for this run around and how we have been treated. The prices and quality of products are not the greatest to keep me coming back, this service has guaranteed I will never shop here again."
Costco,2021-03-10,2,"For so many years since opening the first Costco store on Indian School Road in Phoenix, Az, I and my family have been members. However, due to the pandemic in 2020 Costco immediately wiped out the food demonstrators, which was understandable at the time, but it was the heart and fun of shopping in there. For me it was the best place to buy a frozen Yogurt cheaply priced, sit down at the food court and enjoy a delicious healthy dessert, watch the shoppers, other eaters, converse or not with others, it was a day to look forward too before or after shopping or just for anytime! Why Costco stopped serving the healthy yogurt that has probiotics and replace it with such a high fat ice cream loaded with tons of sugar and chemicals was a not healthy alternative, plus no more sitting down at the food court, very membership unfriendly to say the least. Miss those days, so I finally found SAMs Club that offers dessert choices at their food court the frozen yogurt delight and the ice cream! Still no seating, but if they would just put outside seating with umbrellas as Costco used to do years ago it would be a total winner!"
Costco,2021-03-08,1,"Forced masks today - forced anal swabs or vaccinations tomorrow. I was followed by Costco employees this weekend - who ALL encroached in my 6ft social distancing space - to follow me with their walkie-talkie throughout the store until I wore a face mask, and then wore one to their satisfaction. After being approached several times, I walked to the most distant self-checkout station they had to leave the store (to avoid any more confrontation) and to complete my purchase. This was enough for the puny, power-tripping middle manager who thought it was in everyone's best medical interest (he's not qualified to make medical decisions for me or anyone around him) to come face to face with me violating the rules he was harassing me for and violently yank my shopping cart away from me, telling me that I would not be shopping with Costco today. I said that I had finished shopping and was leaving, but since he treated me that way I would be closing my account. He said ""fine"" and ""great"" and walked me to Customer Service - where I waited for 10-20 minutes, maskless, in a crowded area (violating the policies he was harassing me for some more) for my refund. During this time he proudly proclaimed that Costco was a ""private"" company and therefore could impose any policies it wanted... but despite being medically ignorant, he is also ignorant to the fact that Costco is a publicly traded company with obligations to a diverse body of shareholders. Costco, attempting to control the medical behaviors of its customers is engaging in medical malpractice and is imposing prejudiced politics. Masking is not statistically significant in preventing coronaviruses - all the good doctors know this. No customer is required to use the doctors or politicians that Costco has chosen to consult with and Costco is not qualified to give medical advice to it's customers. Costco has harassed its own customers, proudly engaging in medical malpractice and prejudicially enforcing politics. I have removed my 20+ account that was renewing at the executive level yearly. I will not do business with Costco, I will not invest with Costco and I will no longer recommend or shop at Costco."
Costco,2021-03-06,1,Terrible customer relations! The worst of al of them! The worst even after 18 years!
Costco,2021-03-02,1,"If you enjoy being held hostage by arrogant incompetence, then Costco.com is the place for you! Since we're at risk and practically homebound during the pandemic, we ordered a TV online from Costco. They were so concerned about this TV when it came to what they have to trouble THEMSELVES about that their chosen delivery service (UPS) just left it outside our door. When we plugged it in, we discovered that the inside of the screen was shattered to smithereens- totally useless- like Costo.com itself, as it turns out! We contacted Costco.com and received an email that they'd make their first pickup attempt within three days, that they'd only make three attempts, and that we'd get NO notification of what day or time they'd come to pick up the useless TV they sold us. Only after processing this would they refund our money. Then the big winter storm hit and everything was out of commission for three days. Okay, we get that. However, on day 11, still no one had showed up, so I called again. They then claimed they (or UPS) did make one pickup attempt, on Jan. 18 (day 5 after I called them the first time, but understandable because of the storm). OR it would have been understandable, if it was true, which it was NOT. There was no notification left on the door or at the office and we were home, awake and ready the entire time. NO ONE came by here. Since we want our $400 back, we have to structure our days around Costco. If we need to go out, only one of us can go at a time. One of us has to get up early in case they ever deign to show up. And if we don't feel well, only one of us can take a nap at a time. Etc. They said okay then, three more days. Do you think they honored their promise THAT time? Oh, hell no! I called a THIRD time on Feb. 27 and talked to a couple of people at various levels up their arrogant incompetence chain, who very nicely repeated, TOUGH SH*T! I offered to simply send a photo of the broken TV since, yanno, ALL they're gonna do with it when they get it anyway is THROW IT AWAY! No, no, no. Of course not. Costco has NO ability to accept a photo! That would mean they weren't totally useless, which is against their policy! Only after I filed a complaint with my credit card company did I get another email. They stated that they would come to pick up the broken TV they so desperately require to have back before issuing us a refund on our money, seeing as how, with our sixty years apiece of excellent credit and no police records, we are OBVIOUSLY A GIANT RISK of trying to pull a fast one with their very valuable defective beyond repair TV that they won't come get! Where was I? Sorry for being stupid, I must have gotten confused and thought I worked for Costco! Anyway, THIS THIRD TIME AROUND they promised they'd come out within two business days. We are now starting on the second of the two days. Think they'll make their FIRST pickup attempt NOW, on DAY 20? Or should we just keep running our lives at their convenience indefinitely or just forget about our $400 and be glad they're gone? Bonus: We actually paid a membership fee for this BS. AND an extra ""concierge fee"" on the TV on top of the $400. LISTEN UP, SEARS JUNIOR- IF YOU CAN'T HANDLE SOMETHING - DON'T OFFER IT! Avoid, avoid, avoid! UPDATE: OF COURSE THEY DIDNT COME OUT THIS TIME AS PROMISED EITHER, AFTER WE WAITED HERE ALL DAY (UP TO 9:00 PM) FOR THE TWENTIETH DAY! This is beyond ridiculous. I think I will file in court."
Costco,2021-02-27,1,"Purchased a mattress from Costco.com last month and it was a genuine nightmare! Delivery men dropped off a mattress that was obviously damaged with a five inch tear right on top in plain view. They then never informed me of the problem and even managed to damage the paint on the molding of our stairs on their way to place the mattress in our master bedroom. The customer service we received once we reported the problem was horrible, and in the end Costco finally told us our mattress was now out of stock and discontinued... like so many products they offer. In the end, Costco did what was best for them and they could care less if we were satisfied. We will never buy anything from Costco.com again."
Costco,2021-02-24,1,"First and last time I'll ever use Costco online to buy anything. We went to Costco following installation of a solar system through Sun Run and getting a pretty nice Costco Card as a benefit; Sun Run is awesome by the way. The washer was set to have an estimated delivery time of almost a month but given we were using a gift to buy it and haul away and installation were included we were happy to wait. We were then pleasantly surprised to find out late in the week prior to the scheduled delivery that it would be delivered early. That is where everything fell apart. The delivery company and installation company are separate and when Costco called to set up the delivery/installation they were not aware their installation team was two weeks behind delivery teams. I get that it's COVID and that installation company was actually closed for two weeks, I would presume due to an outbreak, but the fact that Costco had no back up and was not aware of the outbreak is a pretty big logistical and communication breakdown. I made due though, I really did not need installation and Costco confirmed their delivery team could handle the haul away if I had the old washer uninstalled when the delivery guys arrived. I agreed, dishwasher installation is little more than plugging a plug into a socket. The night before delivery I received a call confirming a two hour window for delivery and based on that information I uninstalled my dishwasher the morning of delivery. When the delivery team did not arrive I called the same number that scheduled my time the night before and was told that while there was no explanation my delivery would not happen as scheduled. I explained my situation and the rep on the line said there was nothing they could do that they could not even figure out why the item was not being delivered. I asked to speak to a manger/supervisor and was placed on hold. I was on hold so long that I had time to write this review up to this point. When someone finally came on the line it was the same rep who said they spoke to their supervisor and the item could not be delivered due to weather (this is still funny) the item according to Costco's tracking app had been in Ontario and Sylmar in Southern California since the Friday before delivery, no more than 50 miles from my house where it is currently 75 degrees and had been for about a week. I did finally speak to a supervisor she agreed that weather could not be an issue but there was nothing they could do as the delivery company was in charge and they are not Costco and even if their explanation was obviously ridiculous they could not do anything. When I asked if the delivery company was Costco Logistics and were they not part of Costco she said they were and that then she could get on the phone and call them to find out what the delay is. One second she can't do anything but the next she can make a call when it is pointed out that they are actually the same company? I could not imagine having a customer facing employee do this. So how does the saga end? After 1 hour and 4 minutes of perfectly clear communication the supervisor comes back on the line and says she cannot hear me and says she will be ending the call due to lack of response and hangs up. I called back to Costco Membership and they transferred me back to Costco online, the new rep at least seemed like they were trying to help and they clearly understood the issue but they could not reach the warehouse and get an explanation even though they acknowledged there was no way this was weather related so there is nothing they can do. They have set us up with a new delivery date for March 2nd, or six days from now."
Costco,2021-02-11,1,"I have purchased a Costco Membership Activation Certificate for Exclusive Promotion. I never received the promotion benefit after i paid for my membership, and the costumer service representative Amanda from Shop Card department over the phone said they cant do anything for me. I have to return to the store, where i bought my membership and figure it out there. Such a scam on promotions and the worse costumer service experience i ever have."
Costco,2021-02-09,1,"Costco wholesale home delivery is $#*!. They advertise 2 day delivery. Then called the morning of and told that one of the items is damaged and cant make delivery that day. Ok, I guess! Then told next delivery will be 2 or 3 weeks! WTF... Fine, cancel the order, refund me my $$. Done...(so I thought) according to their customer service person, it will take 3-5 days to get refunded. I can drive to the store (10 minutes away) and buy it myself, drive it home, set it up and be done with it that day. Which is exactly what I did. So, to follow up on my refund, I call back after 6 days... WOW, not only is the refund not happening, the order is still active and it shows that the product was delivered...! I have never received the product-remember it was going to take another 2 to 3 weeks for delivery. NEVER, NEVER, NEVER again will use home delivery system with costco. I would rather go down the street and hire the 10 year-olds with pull wagons to go over to costco and delivery it for me... might take them a few days (of course they will get lost, be hungry... but still get it to me within a few days and not 3 weeks.)"
Costco,2021-02-04,4,I feel that Costco really gets their products. The Kirkland stuff if on par with the top band brands. Their return policy is superb and the pricing is excellent. I just wish they gad free return shipp.
Costco,2021-02-02,1,Has anyone had any issues with the cooked wings at costco. Last 2 times they were under cooked and fatty
Costco,2021-01-30,1,"DON'T ORDER FURNITURE FROM COSTCO! Beyond disappointed! We ordered 2 leather couches and paid the additional $120 for the so-called ""White Glove"" delivery --- meaning items are unboxed, assembled, set up and all boxes and packaging hauled off. We received an email and a voicemail that our delivery time was between 5pm-7pm. At 1:00 in the after noon, they showed up at the house. Luckily my 18year old was home. He reminded the delivery guys that it was a ""White Glove"" delivery. Their response was, ""Sorry, see ya!"" What the heck Costco?!?! So, I have been on the phone, in and out of Hold for the past 5 hours. Each time I'm told someone is on their way to set it up. Well, it's Friday night at 7pm and we are the proud owners of 2 huge boxes filling our living room and nothing to sit on. You would think $2400 would be good for something! So beyond disappointed! DON'T ORDER FURNITURE from COSTCO! It's a disaster!"
Costco,2021-01-31,5,I ordered a sofa online on 1/27 on1/30 I received an email showing the sofa was now $200 off I contacted customer service online Keiorsha D gave us the $200 off promotion Costco's customer service is great.
Costco,2021-01-29,1,"Been a member of Costco for 25 years! Costco.com does not respond to my current Executive membership id#, customer service hold time longer than 15 minutes. Called three times to place an order and obtain pricing since website login not working. My membership is current. Trying to obtain member pricing to place large order. I give up! I ordered my equipment through eBay & Amazon. Membership pricing should be displayed, my thoughts. Waste of time."
Costco,2021-01-22,1,"Signed up for their membership with the promise of a $30 incentive gift card but surprise surprise, no gift card! Bunch a crooks that don't follow through on their promises!"
Costco,2021-01-21,1,Very poor business practices after being notified that my husbands account had been compromised and a fraudulent purchase was made and showing pending Costco decided the following Monday since they couldn't stop the purchase from going they would charge out account knowing this wasn't our purchase. Calling them holding for a long time being disconnected multiple times and their response is they will not refund the money.
Costco,2021-01-20,1,"This weekend I ordered (as a non-member which is an additional 5% charge) an ECOVACS Robotics DEEBOT OZMO T8 AIVI Robot Vacuum & Mop. After my card was charged for the order I received an email from Costco saying that my order had been CANCELED and my card was not charged. However, when I went to my bank, my card was charged. When I called to see what happened I spoke with Crystal, an account representative, who I spent almost an HOUR or the phone with. She concluded that my order was cancelled in ""ERROR"" on their end. She was finally able to restore my order. However, I asked her since the error was on their end and my their error caused the shipment of my order (almost $1000 order) to be delayed by a few days, if they would upgrade the shipping to ""make things right"" so that I could still get my order within the time frame of my originally placed order, she said that she could not. When I told her that I was going to share this NEGATIVE EXPERIENCE on-line, she placed me on hold again only to return saying that there was nothing she could do. So, my first experience with Costco.com 1. They cancelled my order in ""error"". 2. They CHARGED MY CREDIT CARD anyway, even though they sent me an e-mail stating that they had not. 3 Then I had to spend an hour out of my day trying to understand what had happened and correct THEIR ERROR. 4. It will now take additional days for me to receive my order even though it was no fault of my own. 5. Costco accepted no responsibility for their error, or the layers of inconvenience it has caused me. So, if you'd like to have a VERY POOR BUYING EXPERIENCE as I have, go ahead and place your order and take your chances. If you would rather NOT have such a poor experience yourself, there are a lot of on-line retailers out there who actually value their customers enough to not put them what Costco did (and other companies step up to make thing right if they do mess up)"
Costco,2021-01-12,2,Ordered desk from Costco to be delivered to my home. Although info said it was out for delivery last week- still not here and Costco has been no help with the tracking of this order.
Costco,2021-01-07,1,"I had purchased a dishwasher on Costco.com. I chose my delivery date when I placed my order, which was at least 3 weeks in advance of the chosen date. I had uninstalled the current dishwasher according to the instructions, and was all ready for my delivery and install. I waited and waited but never received any phone call confirming the delivery and time frame, so finally, on the eve of delivery, I called up Costoco Concierge to find out what the status was. They then informed me that my delivery and install were not going to happen because they were overbooked, and that I had to reschedule. This was extremely inconvenient for me since I had arranged for my parents to be here when the delivery and install were to take place. They drove 3 hours down to my house to be here for a delivery and install that never happened. I was most upset that I had to be the one who called to find out this information. When were they going to tell me? Apparently never. Morever, I had booked this delivery and install 3 weeks in advance. Why was I the one who ended up getting rescheduled? It's not a fair business practice. Anyway, I ended up taking the next available date which was 2 weeks out. This meant that I was without a dishwasher for the entire 2 weeks, which was another extreme inconvenience. The delivery occurred as scheduled and I did receive a call the night before and the day of. Unfortunately, the install did not follow the same suit. I never heard a peep, and finally on the morning of the installation, I again called up Costco Concierge. They couldn't help me, and made me call up Costco Logistics. They then confirmed the install was going to take place later that day. Again, when were they going to tell me this info? The runaround I got left me very upset. The actual delivery and install teams were great, but the communication from Costco was severely lacking."
Costco,2020-12-31,1,"'Costco Concierge Service' is just a marketing gimmick and a totally useless service that just wastes your time and energy. Our TV stopped working after 1 year but months before the 2 year warranty period under Costco. After waiting for hours several times on music on hold, we finally got hold of the rep, and then their warranty department. They sent an email for us to take pictures and email them, called two weeks later and they had not yet reviewed the pictures. Then they requested to re-email higher resolution pictures, promising that they will send a Tech with the right parts etc. to fix the TV. After more than a month they now say that they reviewed the pictures and determined it to be a 'non manufacturing defect' - totally BS. Please do not waste your time buying electronics and appliances at Costco and their extended warranty fraud."
Costco,2020-12-30,1,"I purchased something online from Costco on 11/30 and was told it would arrive by 12/15. Fast forward to 12/17, the only update I have is that a shipping label was created on 11/30 and UPS has not received the package yet. I contact Costco customer service and ask what is going on. I am told this a problem with UPS and asked if I ""can wait a few more days."" What employee has the audacity to ask me to wait, when I have already waited long enough to get this package? I understand that the holidays make shipping backed up but this had nothing to do with UPS. This was all Costco's mistake. So, I contacted UPS and was told it is still sitting in Costco's warehouse. I contact Costco customer service yet again, and I am told that they can send me a replacement order. How is a replacement order going to help anything? My product was not damaged. It was simply never shipped Customer service did not acknowledge that it was still sitting in the warehouse. I did not receive any apologies or explanations as to why only a label was created. I was given no solutions or timeframes for when I would receive the product. The next day, 12/18, I get a notification my package was shipped and is on the way to UPS. It is very clear that Costco only shipped it out because I had made a complaint the day before. I wonder how long the package would have been sitting there if I had not made a complaint. Costco, your customer service is horrible and you truly don't care about your customers."
Costco,2020-12-28,1,"I purchased a Seresto collar, never shipped, 7 phone calls later and 1 1/2 months finally getting a credit. Not good customer service. Each person I talked to gave me a different story and kept me on hold. All for $45! Costco needs to revisit their refund policy and mirror Amazon."
Costco,2020-12-26,1,"Sitel is sorry! They will not let their employee's do what they need to take care of its' members. Sitel has so many technical problems that members end up get staying on hold for 30 minutes or getting disconnected. Then they blame it on the people they have hired and fire them. Next time you call Costco.com ask they person who's answering the phone if they work for Sitel. If they say yes, tell them you can't do business with them."
Costco,2020-12-26,1,I ordered Tv on Nov 23rd 2020. Delivery date was nov 26th. I received a email saying that my item will deliver b/w 8 am to 12:30 pm on 26th from innovel. I stayed at home whole day and tried to call them. Call always busy and never got call back. I called costco it connected after several times and more that 20 min wait time. They said they don't have tracking information they will talk with innovel and update status. I never get any status update. It's been 5 weeks. Still waiting for delivery. I am not sure whether they deliver item or not? I never order a item on costco.com again
Costco,2020-12-15,1,"I ordered a refrigerator and range October 28,2020 online. At the time, I HAD to choose a delivery date in order to purchase these appliances. There was no way around not choosing a delivery date. It was so complicated, I had to call customer service and let them know that I wasn't able to get the calendar to work online, which made it so I could not complete my purchase. After waiting a few days, I tried again and it worked. The delivery date that was automatically given was December 4,2020. Long wait, but that was ok with us because it would save us from driving to town and hauling them home ourselves. I received another email on December 3,2020 stating delivery confirmation for the following day, December 4, which was the scheduled delivery day. My husband took that Friday off of work to accept delivery of the appliances. No phone call, no communication, no appliances. I called Costco twice that day and was told to call logistics. Logistics would not answer their phone. We chatted a few times through that weekend with Costco.com customer service and were told the same thing. To talk to logistics. Again, no one would answer the phone on the logistics line. I called Costco customer service the following Monday and was told someone from logistics will call me back. Nope. They never did. I called Costco customer service once again a few days later and was told that the appliance people would call me back within a couple hours to get these appliances delivered quickly. The appliance people called me back that day, which was nice, and told me that the initial delivery shouldn't have been scheduled until the appliances showed up. Well, I was unable to share with him that I had to, to be able to make my online purchase. He was very confusing. He said that the delivery will be Monday the 14th of December, yesterday, but the install would not be until January. That was the confusing part. He also said that after I receive my appliances on the 14th, I could contact Costco and ask for compensation. Well, no appliances showed up yesterday. I missed a day of work to be here for the delivery. So, 2 days of missed work, no delivery made, numerous phone calls, numerous chats. I am out almost $2000 in appliances, I have waited 6 weeks for appliances, I have no refrigerator, no range, and Costco has no accountability? Really?"
Costco,2020-12-15,1,"I just spent $6k on all new appliances from Costco and still do not have my washer and dryer installed 2.5weeks after it was delivered. My dishwasher came dented, still not fixed. Between sitting on hold trying to reach someone to get this resolved and waiting around 4 times for someone to show up at my scheduled time for my installation, I have spent a total of 45 HOURS(and this is not an exaggeration) taking time off from work, etc to get installed what I was told was supposed to be installed the same day or day after. Although I was kind, I must say I am absolutely appalled at the lack of knowledge and customer service with everyone I have dealt with on their team. I can understand if you don't know or have the answers but... find it, go out of your way for someone who is contributing to your salary being paid. I mean it is very disheartening. I give Costco a lot of business for household and business needs, this is really having me reconsider."
Costco,2020-12-15,5,Costco is pretty great for huge quantities of reasonably high quality products. Their service is great too.
Costco,2020-12-12,1,"I have always been so satisfied with the service Costco have given in the years we have been with them, but due to the pandemic we have purchased on line no problem with the goods and if on the odd occasion we have had minor problems they have been rectified promptly, but the delivery by parcel force is terrible they give you an hour slot and then deliver 3to4hour later and this occurs every time, you should look for a new reliable carrier"
Costco,2020-12-10,1,"Horrible customer service with long wait times. Rude agents. I just want to close my account. As a store, their lines are always long and their pricing is not competitive. Terribly unsatisfied. Would choose Sams any day."
Costco,2020-12-09,1,Have taken three days off from work because on each day I was assured by Costco rep that the TV would arrive. Still have not received it. Feel like a ping-pong ball being bounced from one person to another. I am certain that they just do not care!
Costco,2020-12-05,1,"On Nov. 17,2020, I ordered a chromebook and 3 year insurance. Est. Delivery was Nov. 19,2020. Checking the tracking from Nov. 20 to Nov. 30, ONLY a shipping label had been created! Now Dec. 4 with one online chat and 5 phone calls, the supervisor has said that the package was indeed lost and asked if I wanted a refund because the process of reorder and delivery can not be guaranteed for Christmas! Save yourself the hassle and spend a few extra dollars elsewhere! I can see why this company can offer good deals... they don't deliver what's promised and process a refund. Big deal!"
Costco,2020-12-03,2,"I have to admit that customer service is very good but the main reason I keep renewing my membership is the mince meat. They use to have top quality mince meat but the last few month it's been terrible, too much fat and the mince look like they put what ever they had left over."
Costco,2020-12-01,1,"Costco has a pathetic delivery service. My order was schedule was missed thrice and i was not informed. I had to call customer care to reschedule it and they just cannot provide any assurance when it will arrive. This whole process costs me my time, unnecessary anxiety. Now i realized value of amazon delivery. The customer can only provide you false assurance and push the date. I wish costco gives back 10% of the cost for every missed delivery, i am sure most of us will get the item for free. I STRONGLY RECOMMEND TO NOT USE ONLINE DELIVERY OF COSTCO, it will save you a lot of anxiety, pay loss and medical bills."
Costco,2020-12-01,1,"I order a new Refrigerator on the 7 of November, they said delivery date could be on the 19 of November, ok the 19 came and went. Nothing yet. Than around the 23 of November they said it would be delivery on the 30 of November. Ok great. I get a email and text saying it would be delivery between 1:45 and 3:45 pm. Great so I took off a 1/2 a day off work. They said I was going to get a call from the delivery people. No call from no body. I called after 3:45 pm. Costco.com on line orders. The guy had no idea what happened. Finily after almost an hour on hold he got back to me and still did not know what happened. Than he said we could reschedule for the 8 of December. Now I would have to take off an 1/2 off of work. I think this is very un professional, and real suckkkkkkkssssss. And if I could give an - I would..."
Costco,2020-11-30,1,"Never buy appliance from Costco. Their delivery is so bs that you never see your item on time as needed. So I called after waiting and waiting past the time I suppose to get my delivery, they said a computer system put out a fake delivery scheduled date. What's the f...@#!. They blames on a computer system glitched said to happened to many customers, ahhhh really bs excuses. Costco should do a better job at this if it's wants more business. Best buy and Home Depot are my next appliance shopping stop."
Costco,2020-11-28,4,DO NOT BUY CHEF HAK'S GRAVY-IT IS DISGUSTING! Costco used to sell Harry's turkey gravy which was delicious-Sam's Club now sells it. COSTCO SHOULD BRING HARRY'S BACK!
Costco,2020-11-27,1,"Just lost all my respect for Costco Customer Service. Purchased a dishwasher and the price included delivery and installation. Received a conformation email showing the delivery would be in the morning and installation would be in the afternoon. The item delivered on time but never heard from the installer. Called Costco and turned out they dropped the ball on scheduling the installer. With the old diswasher already ripped out and the new one sitting in the middle of the kitchen floor we had to install ourselves. Company was coming for Thanksgiving and we needed the kitchen. Called Costco Customer Service, explaning the problem and requested reimbursement for the installation cost. THEY DECLINED. Customer service explained that they could have rescheduled a installer for after Thanksgiving so their not refunding install cost. What a heartless attitude. We pay for installation and Costco pockets the money because the don't have to pay the installer. Never again will we depend on Costco for these type of services. Can't believe they would RIp-Off a long time customer like they did!"
Costco,2020-11-24,1,"I ordered now twice from costco.com and twice have been given false information about delivery. The first time the estimated delivery was 4 days and it took 3 weeks to get the product with no help from customer service. Recently ordered again reluctantly and was given a tracking number for my purchase and day of delivery, only to be updated that same day to a week later. The slight savings I received from this purchase over Amazon was not worth the guessing game as to when I was going to get it!"
Costco,2020-11-13,5,"With incredibly stupid people in this nation who do not understand how simply wearing a mask can improve our odds of overcoming a deadly pandemic, I am pleased and heartened to see that Costco has ramped up their mask policy requiring those with medical conditions to at least wear a face shield. With an ignorant sister in law who believes the pandemic is a political ""hoax"" I am sure intelligence-challenged people like her will avoid Costco. But luckily for the rest of us, these people never shop at Costco (their loss) anyway!"
Costco,2020-11-09,2,"I pay almost $80 per year to visit Costco, drive almost 200 miles each way, burn more than a tank of gas each, drive on 2-lane dangerous highways and put 400 miles on my car. Now I try to make an order, having well over 150 favorite places on my PC, but I forget my Costco password, create new password, but it doesn't work, then locks me out after four tries. I am told I must create a new password, so when I do I am told I can't use it because I have used it before. I contact costco stating I have been a member if costco from three different states over the past 24 years, I only use certain password on websites I allow my credit card on file, they say ""NO, YOU CANNOT USE THIS PASSWIRD EVEN UF UTS BEEN 17 YEARS SINCE YOU HAVE USED IT"" so I tell Costco all I buy at your store is coffee and paper towels so I guess I can go back to Folgers and store brand paper towels and save a ton if money, had, miles on my car and headache driving on a dangerous 2-lane highway because I PICK MY PASSWIRD NOT COSTCO. If someone uses my account illegally I am responsible not Costco there Costco WILL NOT pick my password for me, I will pick whatever I want so long as I used the amount of character required otherwise cancel my membership, I am sure my local market will enjoy my money as much as Costco."
Costco,2020-11-06,1,"Wish I could give no stars. Installation was HORRIBLE. Was supposed to receive washer and dryer. Have large laundry space. Crew was going to leave dryer poking out in hallway. Ended up with just washer. Water hose from disconnected dryer full of water - dumped on floor. Connections for Washer done from reaching around the front of machine. Not installed correctly. Y-couplet with one hose left. Parts (?) left. Installers took documentation packet left me with just Washer guide and prod reg card for the removed dryer. Missing installation guide (?), some sort of samples (?) and lots of other cards/info (?). Don't know really what I'm missing. It was a tense and terrible experience. Again, they removed new dryer from house. Damage to floors and walls and broke a flash light sitting safely on shelf above. Had to install washer and reinstall old dryer (left by front door) myself and need to hire plumber to ensure that I did it correctly since I have no guides. Then after over 5 hours on phone (almost entirely on hold), I was called a ""Karen"" by Kevin (Tier 1 Costco.com Rep), who didn't even understand the inventory issue of what I had and didn't have. Avoid the degradation, time, frustration, mechanical issues, logistic issues, etc. The most AWFUL experience ever with any installers. BTW and if you deal with Innovel Solutions (installation company?) and get a call from 252-XXX-0636 for installation, don't pick up the phone and leave the premises immediately. Costco offered $50 with unknown reports and probably more hours on hold and rude and uncaring customer service reps."
Costco,2020-11-04,1,I ordered a keyboard becuase my other one broke. I ordered it at 10/25/20 and they said it would arrive at 11/2/20. I waited a week and i get a email saying that the package is delayed and that it would come at 11/3/20. So i waited again and they sent another email telling me that the package would be delivered 11/4/20. Im sick and tired of all this waiting and i still havent gotten the package.
Costco,2020-11-02,1,"Ordered chair mats for our business which were in stock over a month ago. They were supposed to be shipped by CEVA logistics and after 6 weeks, we still have not received our order which was in excess of $2200 (which we were already charged for on our Costco CC). We contacted Costo for assistance several times. Their support is absolutely horrible. They don't care. They tell you to call CEVA logistics. CEVA doesn't answer their phones or respond to their online portal. We're now requesting a refund and will no longer purchase anything from Costco.com."
Costco,2020-10-16,1,I ordered a washing machine for hook up and haul away. The guy came out and said I had a bad valve so he couldn't hook up washer. Fine. So I hooked it up and replaced bad valve. The problem is to get them to come back out and get the old washer i have wasted 3 hours on hold dropped call never called me back. Finally I got a scheduled pick up a week from now so I my the old washing machine sitting outside. Very disappointed! Last order I canceled a TV it took over 2 months to get my refund after calling again many times. Not sure but there is a big disconnect between the online and warehouse customer service. Costco needs to get the act together. I am done with online ordering from Costco online!
Costco,2020-10-06,1,"I was placing an an online order and everthing went well. At check out, however, I was charged $65.00 more than total I was shown. I retried submitting the order 5 times. I called the number for online services but they were not available. As I had put in my CC# thinking my order had gone through I tried to contact the online # again. No response. I tried calling the general customer service number, no response. I finally found the number for the corp. office, surprise-no response. I am still not sure whether my card was charged or not. I have no response from any of the numbers I thought may help me. The only response I received was a general message saying due to Covid we are not able to answer your call, we will get back to you as soon as we are able. So, where is my money? Can I try to purcahse it elsewhere without getting a bank penalty? How long can they keep my money or if they don't have my money, when will I know? I reccomend not shopping at costco.com until the company has enough employees to service customers. Times are hard, that is one more reason I need to know where my money has gone. I wish the best for all employees whose company leaves them with no answers."
Costco,2020-09-27,1,"Costco has lost all their values, it's not the same place it use to be. I saw harassment of disabled people on more than one occasion. They won't warrantee a tire because it was repaired (repaired by them!) The new policy make it not worth it to go there anymore."
Costco,2020-09-27,1,"I usually shop online because my husband got sick, I like Amazon. If I'm not pleased with an item they refund me but I return shopping... Costco wants me to go to ups return an item. Don't recommend them, regret shopping with C... they are bad!"
Costco,2020-09-24,1,"We tried the shipping program from Costco, all I can say is don't do it. Their two day shipping is now 7. If you're going to order on-line use Amazon."
Costco,2020-09-17,2,"I placed and paid for an order on August 29,2020. On September 1st I received an email stating that my order had shipped and would be delivered via UPS on September 3rd. The order was not delivered on the 3rd so I checked its status on-line with both Costco and UPS. At that time Costco's system stated it had shipped. The UPS system stated that a shipping label had been created on September 1st but the Seller had not yet provided the order for shipment. After spending a good amount of time on the 3rd trying to get the status of this order from the Costco.com on-line system – which is useless - I called Costco Customer Service. Costco's ""automated telephone system"" notified me it would be about an hour before a representative would be available to talk to me. I waited on hold for well over an hour before giving up after no one answered my call. On September 5th I called Costco again. This time ""their system"" said the wait time to talk to a representative would be 43 minutes. An hour and 10 minutes later a representative took my call. I explained that I had not received an order and that UPS stated that the order had never been presented to them for shipment. I provided the Costco order number and UPS tracking number and she said Costco would contact the Seller and let me know via email when I would receive the Order. It is now September 17th and still no word/email from either Costco or the (third party?) Seller on the status of this order. Costco's Store operations are top notch – Costco.com's Customer Service is pathetic."
Costco,2020-09-16,1,"This site is complete trash. I love Costco, but this site is awful, plain and simple. Half of my shipment arrived and I have no way of communicating with them, unless I want to spend (estimated 105 minutes) holding over the phone."
Costco,2020-09-03,1,"I called Innovel on Tuesday, August 25th to schedule delivery for a range and dishwasher. I was given a delivery date and time of 8/31/2020 between 0800-1100hrs. I was told the night prior to the delivery I would receive a phone call after 6pm with a two hour delivery window. No call was received. I was at the residence all morning on 8/31 but no items were received. I called Innovel on 8/31/2020 around noon and was on hold for approximately 30 minutes waiting for an employee to answer. The employee that answered confirmed the delivery time but stated the carrier didn't have our delivery on the schedule. She then placed me on hold for approximately 20 minutes then the line disconnected and she didn't call me back. I waited five minutes then recalled Innovel and waited another 30 plus minutes for an employee to answer the phone. This employee provided the same information then contacted the Charlotte Warehouse to get an update. The Innovel employee stated that Eric at the Charlotte Warehouse completed a manual dock search and they didn't have my items at the warehouse and that I needed to speak with a Costco Representative. Innovel transferred me to Costco Rep. Costco Rep. Confirmed the items were received at the warehouse then placed me on hold for at least twenty minutes. The next person to answer the phone was a different employee at Innovel. I was transferred back to their company without notification or an introduction to the employee. So I had to restate everything. This employee again called the Warehouse and requested another dock search. I was told I would receive a call back in 30 minutes with an update. After an hour, I still hadn't received an update so I called Innovel again, and again waited approximately 30 minutes for an employee to answer the phone. This employee attempted contact again with the warehouse but no one answered the phone. He also obtained phone numbers for employees at the warehouse but no answer on those numbers. On 9/1/2020 I waited on hold for 35 minutes trying to contact Costco.com customer service and again repeated everything that had occurred. I was again transferred to Innovel. Innovel confirmed the items were at the warehouse and provided a new delivery date of 9/2/2020. I wasn't provided a time frame but that the night prior we would receive a call to provide a two hour delivery window. No call was received. On 9/2/2020 I called Innovel at 1100hrs east coast time for an update on delivery time. It took approximately 30 minutes before an employee answered the phone. I was told delivery would be between 0800-1100hrs east coast time. I asked for confirmation that it hadn't already been delivered. I was then told it wasn't going to be delivered because the carrier couldn't find the items at the warehouse. I was given a new delivery date because the items had since been located. I was told it would be delivered on 9/3/2020 and to expect a phone call with the two hour delivery window after 6pm. At 6pm east coast time I received an email changing the delivery date from 9/3/2020 to 9/4/2020. I received no phone call with this updated delivery date. I called Innovel on 9/2/2020 around 8pm east coast time and waited approximately 30 minutes for an employee to answer. I was told the delivery was rescheduled for 9/4/2020 because the delivery service is closed on Thursday (9/3/2020). This is the worst customer service experience I have ever had. My biggest frustration is that I, as the customer, am forced to problem solve Costco's logistics issues. I have wasted at least seven hours of my time to resolve the incompetence of Costco and their delivery service. I will be sharing the contents of this email on any public platform that I can access."
Costco,2020-08-29,2,"Over the past two decades, I've done my major shopping monthly at Costco. That's usually to the tune of $250 to $300. However, in the past few years, some of the cashiers, packers, and service reps have gotten surlier and surlier. The first incident was when a checker made a pro-Trump joke that I didn't laugh at. A few minutes later, I went back inside for an item I neglected to purchase, and discovered my card no longer worked-it had been deeply gouged, doubtlessly by that checker. Probably thought I deserved it since I use a cane. A packer got irritated at me when I requested that nothing be put on the bottom rack of the cart (I'm tall, arthritic and can't reach there well.). Other similar incidents have mounted, despite how pleasant I try to be. I'm not exactly asking for the moon here. My attitude about purchase in house from Costco currently is that there are good deals, and I can bear the surliness. However, today, I called customer service because a gallon of laundry detergent leaked in shipment to my home, slowly out of the seam, not the top. I told the rep about 2/3 of the detergent was left in the bottle, that I was able to salvage the other items in the shipment after washing them down, and had decanted the remaining detergent into another container. At first he offered me an $8 partial refund, which I felt was more than fine, but then told me that, instead, my only option was to return the bottle to get a full refund. He added that Costco would send me a shipping label and arrange a UPS pickup. Putting laundry detergent back in a leaking bottle and packaging it up is a rather stupid activity. I should add that this is the first time I've returned anything to Costco in 9 years, and I have never made a return on a damaged item. So I triple bagged and double boxed that laundry detergent, with plenty of absorbent packing inside, but, guess what: no email with a shipping label and no notice of a UPS pickup. I'm wondering if this is Costco's way of telling me shove off. I called back, but, right now, the hold time is about an hour and a half, with no ""autocall backs"" offered, and being on hold would cost me $9 on my prepaid phone, about the cost of the detergent. AT THIS POINT, I WOULD ADVISE AGAINST ONLINE PURCHASE OF ANYTHING LIQUID FROM COSTCO, ESPECIALLY IN AN ORDER WITH OTHER ITEMS. That laundry detergent was shipped with other goods in a very large, heavy, cubical box that was significantly damaged on receipt. It was close to needing a forklift, and I'm sure that's a factor in how it got so banged up in transit and why the seam on that bottle failed."
Costco,2020-08-27,1,"Cashier was rude upon entering line for checkout. Placed my card in the product divider, like I have for the last 13yrs as a member, and was barked at to ""pick it up, I won't touch it!"" Obviously, I was unaware of their change of protocol, so I placed it against the glass for him to scan. Apparently, I wasn't ""smiling"" to his satisfaction, called a supervisor and stated I had attitude. I spoke with the supervisor and explained my confusion for their updated check out procedures. He agreed not everyone was aware and it is not posted and therefore apologized. As I walked away, I could hear the cashier stating to the next customer about my ""attitude."" I guess because his supervisor didn't side with him, he got an ATTITUDE! I'll make a point to go out of my way to shop at Sams Club now!"
Costco,2020-08-21,1,"I ordered 1 gift basket but I was charged for 2! During ordering - their system had glitches so I called. The customer service person said that the first order didn't go through. However, both orders did go through & I was charged 2x. Every time I call - I am told it is 73 minutes! My emails go unanswered. Can they make it any tougher to resolve their problem?"
Costco,2020-08-21,4,"Very disappointed with customer service dealing with my refrigerator order. Placed on 7/6/20, first estimated delivery date was 12 to 15 days and as of today 45 days and no one knows when I am going to receive it! I canceled my order today and it seemed like a great relief for them... After over 20 years with Costco, I saw the worst customer service ever and they blame it on the COVID!"
Costco,2020-08-15,1,"I ordered face masks on 8/3, i was charged on 8/5, as of 8/15 status still indicates ""on its way"". There is no online option to indicate that you have not received your item. I have customer service 3 times, the first I waited 45 mins and hung up, the second time, 35 mins and got cut off, message a systems error, the third time 40 mins, could not wait any longer. So Costco took our money on 8/5 and has never delivered the item and not provided a reasonable way to get in touch with them?! By the way, there is not an e-mail option available to contact them?! Wouldn't that be easier. Another Bricks and Mortar Retail company that is woefully off the mark with their online business. Terrible."
Costco,2020-08-14,4,Citi Visa card through Costco and rewards are used at Costco which is good for me in that I shop at Costco and don't have to find any rewards catalog and pick something I really don't want just to use the rewards.
Costco,2020-08-10,1,"Something is terribly wrong with Costco's website for online ordering. I used my new card in person. Try online and told card not valid. Use my wife's card and receive a surcharge for being a non-member. Ordered two Item # ‌*******. Received one email confirming order for one and another email confirming order for two. Both with non-member surcharge. Tried calling. Told ""wait time is 88 minutes"" Tried ""Chat"" and told to ""go to website"". Before you order Costco online, try to resolve a problem. I believe Costco's order online website must have been created by some high school dropouts in a third world country that hates the US and Costco. It simply does not work."
Costco,2020-08-10,5,"Aiden at the River Cree location takes pride in his job and was a huge help today! He efficiently assisted us with boxing our items in a effective manner. The most efficient packing of goods I've been assisted with in over 2 months! He really cares and fully thinks about what he's doing, excellent communication skills, while still respecting space during Covid times. Very polite, professional and Charismatic! Thank you for making our usual ""stressful Costco trip"" into a enjoyable one! 10/10 hope to see this pleasant stranger again on our next endeavour CR"
Costco,2020-08-07,1,How can such a great local b&m have such a poor online presence in technology age? You can't create a system of orders and fullfillment. Can't create shipping labels then not give product to your delivery man. That's poor infrastructure
Costco,2020-08-04,5,"I just called Lantana Costco looking for a particular item. I spoke to a representative named Winslom, A very sweet lady with telephone and customer skills that are truly lacking these days. She was efficient and took time to double check the item I was interested in. Thank you so much for your professionalism. Costco is very lucky to have you representing their company! Linda Mancusi."
Costco,2020-07-29,1,"They don't backup their special services (i. E. Air Conditioner Installers). I wonder if they even bother to vet them. In any case, don't bother going through Costco for special services, Costco won't back you up if you have a bad experience."
Costco,2020-07-24,1,"I placed a furniture order, was supposed to be white glove service, I paid $145 dollars for, they did not do it because of Covid, (I understand) but now its been 3 months, 90 minutes on the phone, 2 phone calls trying to get reimbursed, nothing yet. There service during Covid online has been horrible. No one at the store can help"
Costco,2020-07-09,1,"Categories My Reviews My Settings Help LOG OUT Alternate Text Denise C US For companies Your review counts! You reviewed Costco Wholesale Add photo Denise C 1 review 1 star: Bad Updated just now Costcos customer service in Arvada CO My dad and I went to Costco on 52 in Wadsworth in Arvada CO. The employees are awful there. As we were walking in and showing the greeter our membership card she asked my father if he had a mask? He said yes, but tried to explain to her that he couldn't breathe when he wore it. She rudely to him needed to wear it. My father put on his mask. He looked at me and said he felt like passing out. I asked him if need to sit down he stopped and pulled he mask down and took a few deep breaths and started walking. Five steps in with his musk pulled down a Costco employee stop us and told him he needed to put his mask on. My dad told him I really have a hard time breathing with it on. The Costco employee then told him should've told the person at the door about his condition. My dad said I did. The Costco employee then tells my dad that he need needed to take his mask completely off. My dad looked him confused then the Costco employee started raising his voice repeating to my dad that he needed to take off his mask and he would notify all Costo employees ""That the only man in the store not wearing a mask has a breathing condition. I was so upset. Every aisle we down there was that employee worker. My dad forgot the whole thing within a few minutes ( my father is elderly but you wouldn't guess it because he looks great) I told him let's get out of here because I was so upset and left our cart. He completely forgot how we treated, however i have not! Please don't sent me a pre written email saying sorry for your experience because that's like a slap in the face!"
Costco,2020-07-06,1,"So... Due to Covid, Costco is no longer putting air in people's car tires. Because suddenly, three months after Covid hit, they care. Yes. They care. In fact, they all of a sudden - magically even - care SO MUCH about everyone's safety and health that they want to reduce the contact between people and customers to eliminate any possibility for a Covid outbreak. So they've set up a station whereby people who pay $155 a year for a Costco membership and who buy Costco tires for the specific reason of having Costco maintain them, can fill their own tires. Apparently tires are now a Covid threat. Because usually before I go to Costco I spend some up close and personal time getting intimate with my tires. I talk to them, breath on them, maybe accidentally pant or sneeze on them, or cough - maybe - on them, touch them - tires need love too. I don't know; it's possible - I mean it could happen that I might accidentally lick them if I get too close, just because. You know how things can go with tires. So, I can see how the kindly people at Costco would be concerned that their employees might get Covid from my tires. I am thoroughly disgusted and disappointed with Costco's latest excuse to back out of providing good customer service under the guise of pretending to care about their employee's and customer's health. Dear Costco, if you truly cared about your customer's health, you would have had a jumbo size container of Clorox wipes by the pin pad at every checkout counter at every Costco across the country from day one, because if Covid really is the threat that you are pretending it is, your credit card pin pads would have killed hundreds of thousands - if not millions - of people by now. And FYI, spotlighting one of your customer's complaints about forcing your customers to wear a mask THREE MONTHS INTO the so-called pandemic, is a despicable way to utilize fear, hate, and mob idiocy to shame a person who is voicing a fair concern about your tardy and pathetic store policy, and the worthlessness of masks as documented by OSHA on their website. If I could give zero stars for customer service and using Covid to go as cheap and low as a store can go, I would."
Costco,2020-07-03,2,Stay away from the fresh fruit. The bananas rot in a couple of days. The kiwi stars rotting in 2 to 3 days. Too much to review on their fruit. We have bought fruit at Costco for decades. The summertime is NOT a good time to buy fresh fruit there. It goes bad in a matter of days and this year is worse than previous years.
Costco,2020-07-03,1,"This is the DIRTIEST Costco I've ever been in! This store is absolutely disgusting! In Addition, They're totally disregarding any type of social distancing and wrapping the checkout line around the inside of the store! This store should be CLOSED! And the store ""manager"" (JOKE!) Should be $#*! CANNED! COSTCO should be ASHAMED!"
Costco,2020-07-03,1,"In November 2017 we purchased a set of Michelin Tires from the Costco Tire Center in Burnsville, MN for our 2014 Hyundai Elantra. The Tires we purchased supposedly had a 60,000 mile warranty on them. When we recently took the car in for a regular oil change, the mechanic told us the tires on the back of the car were almost totally worn out. We only had 24,000 miles on those tires. He called me into the garage where he had the car on the rack and I saw that the outside of each tire was completely bald, while the inner side of the tire had some tread, but not much. The front tires were in better shape, but at least 3/4 of the tread was gone on them too. I took the car in to the Costco Tire Center, expecting them to provide me some discount on a set of new tires, based on the premature wear of the tires. I expected some type of pro-rata discount. He said that the wear was funny and that it must be some type of mechanical problem. He also said that the tires hadn't been rotated twice, as they should have been, and they weren't going to warranty the tires in way. I admitted that we probably hadn't rotated the tires, but there is no way they should have worn that way in just 24,000 miles. Long story short, I had to buy a new set of tires after just 24,000 miles. Just beware that when you buy tires with these supposedly high mileage warranties, and you do have a problem with the tread wearing out much earlier, the Tire Center at the Store will look for any way to void that warranty. I am convinced that even if I had rotated the tires, they would have simply said it was some type of mechanical problem. I had truly come to expect more from Costco."
Costco,2020-07-03,1,"Hired Handy through Costco. My TV, entertainment center and wall was damaged when Handy mounted the TV bracket onto drywall and the tv and mount fell off the wall. Handy is not responding in a timely fashion. It's going on 3 weeks and I haven't heard from their claim department."
Costco,2020-06-29,1,I tried to go shopping there but they made me put a silly looking placebo on my face so I don't upset the old folks who are scared of germs. News flash old people you need them! Then they made me wait in a line like I was a $#*! with nothing better to do. Then I get in there and they don't even have any of the things I needed so I embarrassed And degraded myself for nothing. They made me feel like an idiot treated me like their $#*! like I was a disease and then had nothing I needed. They have lost their minds and lost my business.
Costco,2020-06-25,1,I have been waiting to buy this generator: Firman 7500W Running / 9400W Peak Tri Fuel Generator. It was in my monthly ad for $599.99 and said to be available online. But when I tried to order it the price was $699.99. I waited an hour and a half to speak to a customer service rep to help me and she said that there was nothing she could do about the online price being $100 more. This is unacceptable!
Costco,2020-06-22,3,"Purchase 3 ensures from them on line Got one, next one was beat up package and tape over badly and 6 ensure were missing. 3 rd never got At all. Said it was in transit for 3 weeks. No service from To reach out to Except email and bad attitude. No help. Glad I didn't order furniture Or appliances wow!"
Costco,2020-06-21,1,"I ordered a playset from Costco on May 7th. The playset arrived on May 12th in the evening so we waited until the next day to open it so we could put it together. On May 13th, upon opening it, I realized it had been damaged in transit and called to request placement parts. It is now June 21st and we still do not have replacement parts for the 11 pieces that were damaged. I have called every other day to get information on when my parts would be shipped. Nothing. I have received 3 emails total: May 15th, May 31st, and June 1st. I've spoken to ONE supervisor. Each customer service representative told me they would contact someone but no one EVER contacted me back. I was always pushed to the back burner and I'm tired of it. DO NOT ORDER ANYTHING FROM THEM ONLINE! If anything is wrong it will take weeks or MONTHS for them to rectify the situation... if they fix it AT ALL. This was meant to be a birthday present for my kids since we couldn't have a birthday party this year due to the pandemic. My kids are extremely disappointed, which makes me more mad. Don't do business with Costco Online orders... unless you like to be ignored and not have the product you paid (over $1500) for."
Costco,2020-06-22,3,"Even though I have 2 bad experiences, I will probably still try it one more time. Mainly because the lenses are more than 50% less than outside optical stores. Yes, I'm gluttoning for punishment. Here's my experience. A few years ago, I bought 2 complete pairs of eyeglasses with progressive lenses. It came with Anti_reflective and Anti-Scratch coating. The only difference is the 2nd pair was not photochromatic / transition lenses. I wore the 1st pair for a couple of years. Then the temple hinge broke. I had never had any of my past glasses break here. This pair was a Zegna brand frame which I paid a premium of $120. Then, I wore the 2nd pair. After only 9 months of gentle washing with only water, the Anti-Reflective and Anti-Scratch started peeling. This has never happened to my previous glasses. When I went to Costco to ask about this, the optician said it was like this. NOTE: this did not happen to the 1st pair. The other thing I am annoyed about is the fact that the lenses on the two pairs were different in quality even though I PAID THE SAME PRICE. The optometrist showed me on the computer that my 1st one was Hi-index 1.65 or 1.67 and the 2nd was only a 1.59 / polycarbonate. That's why the 2nd felt heavier. Because it was! At the time I purchased these 2 glasses, there was only 1 price for thinner lens ($130). They should be the same. In 2020, the polycarbonate is $130 and the Hi-Index 1.67 is $160 for progressives."
Costco,2020-06-20,1,"Costco's new, but rather late in the game policy on manditory face masks, when you enter their stores is so far from American values, that I think they need to pull out of America and move all their stores to communist China to serve the people they buy from. I have stopped shopping there and choose to support small business. Their prices are not great and I do not want to buy Chinese goods anymore after what the Chinese government and the World Health Organization has done to our nation."
Costco,2020-06-21,3,"20 years a customer. Love the stores and the people. Not so much the on-line tv sales. Disappointed that the stores do not stock the top end Samsung TVs. Mostly mid range and bottom end. Tried to order a high end unit for in store pick-up and told not possible. Told I had to go on line. Did so. Four weeks and no updates. No contact from their furniture delivery service. Fifth week get email about delivery from the service. Called the number. Several issues with getting item from their distribution center to their warehouse for delivery. Told to call back prior to Tuesday to check schedule again. Got COSTCO notice today that my would be sent back if I didn't call to schedule the delivery. I already did that and the service lady said ""We Can't do my delivery for another week because they only work my neighborhood on Tuesday. "" FIVE WEEKS AND $1,300. Later, I have to call them to check the schedule. NEVER EVER BUY A COSTCO TV ON LINE... Other retailers had in-stock availability and price Five weeks prior...///."
Costco,2020-06-20,5,"I really like the baked goods from costco, always fresh and reasonably priced. The delivery is always on time, overall, amazing products and services."
Costco,2020-06-11,2,"I tried to order an LG dishwasher during their Memorial Day sale. After I placed it in my cart, it said the item was unavailable, try again later. It was getting close to midnight (end of the sale) so I placed a Samsung dishwasher in my cart. It also said the item was unavailable, try again later. Sale went off at midnight. I tried to order each of the items early the next morning... wow, they are available - for at least an additional $150, depending on the brand. That day I went into my local Costco and they had me call the online part of Costco (brick and mortar and online are two separate Costco entities). I spoke with a lady and she said they would honor the sale price, usually customary for 30 days, but I would need my tracking number. As soon as I receive a tracking number, call in again. I specifically asked if I needed anything for when I call back. She said no. You guessed it. I just called them back and they cannot honor the sale price. Supervisor also said they cannot. They said there is no proof that I was told that earlier. Very disappointed. Brick and mortar employees seem to be awesome. The online part of Costco lied to me. Isn't it a very odd coincidence that two products weren't available at midnight, but were both available early the next morning."
Costco,2020-06-10,5,The groceries delivered by Instacart are always fresh-love their baked items! The prices are still better than the grocery stores. I also order from their online store for Vitamins etc...
Costco,2020-06-01,1,"Costco is a great store, I used to spend thousands at their stores, but for some reason they started to be political and made us wear a stupid mask that can kill us from bacteria and lack of oxygen. If you are afraid wear a stupid mask, don't control me and make me wear one!"
Costco,2020-05-30,2,"I made an order on 5/20/20 and the order arrived incomplete 5 days later. I tried to contact customer service but the waiting time was 2 hours, but I thought that since there were 2 packages, perhaps the other would arrive in a few days. Seeing that it did not arrive, I saw the status in Fedex and it appeared that the package had arrived damaged and was returned. I thought Costco was going to send me the package again but to my surprise after waiting more than an hour to chat with a representative, he told me that they did not know anything and thank goodness I called. Terrible consumer service."
Costco,2020-05-30,1,"My mother received a card from Costco telling her that if she signed up for automatic renewal, she would get $20. She called the number provided to sign up. She was told that she would have to go online and sign up for auto renewal online. She does not have a computer to do that so she called me, her son, to help. We went thru the steps given only to be told that she had to go to the store and talk to member services. She went to the store where she was told that they could not help her and she would have to go online. A circle jerk with lackluster customer service."
Costco,2020-05-26,1,"I don't think they care at all, I ordered formula for my granddaughter it's been two weeks now and they still have not shipped it, I even spoke to a representative from Costco, I told them i need it for my granddaughter and up until today they still haven't shipped"
Costco,2020-05-23,1,"I have been going to Costco for more than 20 years, but for past year or so I see a difference. It's like when you go there and after you shop you should thank them for allowing you to shop there and spend your money. I have had it, I will no longer be going there spending 15-20k a year and get that attitude from these MFs."
Costco,2020-05-22,2,1. Many items are out of stock including snacks (pop corn) 2. Their Email contacts are non existent (I cannot ask for refund) 3. It is almost impossible to contact them by phone (working hours) 4. Costco shipping is longer than 2 weeks
Costco,2020-05-21,5,"I have always liked Costco, but I now plan to go even more after that manager stood up to a foolish customer who refused to wear a mask."
Costco,2020-05-17,1,Wow! As a loyal faithful member for 15 years I just got the HUGE slap in my face. I went to the Costco Manassas VA and was checking out at register #7 at about 2:30 pm today 5/17/2020 and was notified that my membership expired. I asked if I could renew on my next visit and was rudely denied this opportunity. She said renewal must be made immediately or no purchases would be allowed. No warm fuzzy at all. I was shocked and did not have enough money to cover it all. After the shock wore off I gathered myself and drove 7 miles down the road and took advantage of BJ's impressive new membership offer. $25 is all it took for me to feel loved again. So long Costco. I won't be back. *******@Gmail.com
Costco,2020-05-16,1,"No social distance and staff is worst to this place in flagler st miami fl no 6 feet, i never go again"
Costco,2020-05-11,1,"That's all I have to say really. Not only does Costco require masks of employees but they also require masks of customers as part of the Corona virus fraud. I hope they get what they deserve. I certainly will never shop there again and neither will my family or extended family. I am not interested in a society in which I am a slave to ZOG and not allowed to to have a business, own property, or have any rights. Over my dead body, or theirs."
Costco,2020-05-09,1,"Every time I've gone to Costo and eaten in the food court I've been appalled by the amount of waste. There's zero options to recycle at any of the ones I've been to, so people are throwing out everything and the garbage cans fill up so fast. All this garbage ends up in the landfills or ocean. It's atrocious that they get away with this. Many of the food items have excessive packaging, not everything has to be wrapped in plastic. The government needs to crack down on this corporation which is playing a huge part in our environmental crisis."
Costco,2020-05-08,5,"I've been searching for the best deals I can get during the Pandemic since I was in dire need of new tires. I was so happy to see the deals Costco in New Britain, CT had! Gave a call to pre-order my tires, John was very helpful over the phone of what needed to be done. A very sweet woman, Diana helped me get my Costco Membership, an easy 10 minute process. Ordered my tires for next day delivery, (they have a wide range in store just didn't have mine in stock) I was guided in what would work best for me and my financial status, no forced upselling here. A gentleman, Wilbur gave me a call this afternoon, (day after my order) to let me know they were ready for me. Wilbur took my keys and within 45 minutes of walking the isles, my tires were on! Christopher handed over my keys with a smile. Very pleased and will definitely be purchasing my tires through Costco for the future! Thank you all for your help!"
Costco,2020-05-01,3,"I just read the update online requiring EVERYONE to wear a mask in the store starting May 4th. I'm sorry. You do not need to force buyers to wear a mask. We've been doing just find with those who feel they need to wear one and those who do not want to wear one. I agree with Dr. David Brownstein who recently shopped at a Costco. The mask is a preference, but he was appalled at everyone wearing them. These masks should be available to healthcare workers in hospitals and those susceptible to or have pneumonia, bronchitis, flu, diabetes, heart disease, etc. No one should be forced to wear something in order to buy a product."
Costco,2020-04-27,1,"I went to the Costco in Kennewick WA 04/26/20 just after 10am. The parking lot was packed. Due to the Covid-19 I thought maybe there would be a line & drove by the front & saw people just walking in (no line). Due to a bad knee & foot, I was happy to see no line so I wouldn't have to stand around (bad enough I knew I would have to stand in line to check out). So I parked my car, took a shopping cart from the cart return area in the parking lot & headed towards the entrance of Costco only to be confronted by an woman employee who took my cart from me & told me I had to go down the side of the store where they had carts that had been sanitized. Okay, so I go to get one of those carts where a man employee handed me one. But then the woman employee who told me to get the ""sanitized cart"" before, than grabs that cart from me & tells me I had to go to the end of the line which there was no line... it was people getting carts from the other end & were about 5 car lengths down the side of the building walking towards the entrance. There was no barricades to form any lines coming into the building & there was ""NO LINE"". If I had seen a line, I would have not even tried to shop this day. Needless to say I walked back to my car & left. Do to this woman employee's rudeness & the fact that there was no barricade indicating there was a line, I am VERY unhappy with the company. I have been a long time Costco Member & have never been treated so rudely. I will be trying to go back during senior hours during the week & if it happens again, I won't be renewing my membership. User's recommendation: Costco is not customer friendly during Covid -19. Update: Received a phone call from Costco in Kennewick WA in reference to my complaint. Be aware that Costco doesn't believe in putting up signs in the front of their store advising customers that the line to get into the store starts way back down the side by the automotive area. The only people that are allowed to walk directly in are first responders. I don't understand why they don't advise this (at least post a sign in the front) BEFORE a customer parks their car & walks to the front of the store. Great way to loose my business & I won't be back."
Costco,2020-04-24,1,"I placed an order 8 days ago. I understand that the present situation is causing shipping delays, but I was informed on Cost-Co's website that 2-day delivery had been extended to 5- or 6-day delivery. OK, I get it. But now it's 8 days. I checked my order status, and all that showed was a list of what I had ordered. No date shipped, no estimated date of delivery. This so-called service sucks, big time. DO NOT ORDER anything from Cost-Co online. I wish I could give them 0 stars."
Costco,2020-04-15,1,"Just curious how many healthcare workers are actually off at 8am in the morning? What the heck good does it do to say ""we have special hours for healthcare workers"" if you put them when no one can go? Sounds like bs PR if you ask me. Thanks for nothing Costco. I'm getting my membership cost back and going to Sam's Club."
Costco,2020-04-13,2,"We just joined yesterday, that afternoon after down loading the app, we noticed there was a special for military. So the next day going to spend $1500 for hearing aids for my wife. We stopped by the customer care center to inquire about being signed up as military, since I am a retired Army soldier. Only to be told that you could only do that the first day when you get your membership! When I ask why I wasn't told that when we joined, I was told they aren't allowed to do that! SO they want to be able to say they are military friendly. They do not want to actually give it to you! Sounds like a scam to me! How can I be expected to tell them to sign me up as military, if I don't know they have it!"
Costco,2020-04-10,2,A man in a battery operated chair/cart is being made to wait in a 45 - 60 minute line in 40 degree weather. His battery probably won't make it. RIDICULOUS
Costco,2020-04-07,1,My wife purchased an AMERICAN HERITAGE pool table from you. It is the worst pool table I've ever owned. The slate is NOT FLAT so the balls will go in different direction. Its been installed by the company that you referred her to and they cant level it due to the cheap slate. The fake wood on the bottom of it just fell and shattered WTF! Its not even real wood. But the over 3000 dollars we gave you was very real. The furniture that came with it is garbage as if you ordered it from CHINA. We will never do business with you again thanks for selling garbage and not doing anything about it. Whoever your buyer for pool tables is needs to be fired they are the dumbest humans so glad you will hire anyone
Costco,2020-04-06,1,"My husband went to Costco in Fredericksburg, Va. On Friday April 4th, morning. He was called on Friday evening at 5 pm to come back to Costco because his check wasn't filled out by the cashier. My husband informed the person calling that his check is always sent through register and he just signs it. He was told it wasn't done by the cashier and he needed to come back to the store. We live 33 miles away from Costco and my husband is immunocompromised. We went back to Costco and Saturday and he filled out the check. I asked couldn't this have been done some other way like charging the bill to our credit card. We were told that he had to come back and fill out the check. He went early so he can avoid crowds and less risk of exposure because of his health and then he ran the risk of being exposed again on Saturday. We all are dealing with something that we have never dealt with before so we need to think outside the box."
Costco,2020-03-28,4,"My Costco is amazing. Plenty of selection, great samples, good price. We've been members for more than 5 years and have always gotten our money's worth."
Costco,2020-03-28,5,"Have been to Costco in Summerlin Nevada twice during the current Covid crisis. My wife and I are amazed at the very careful planning and extraordinary service the entire store is doing. We are seniors, and have been members for several years. We are very thankful to you and especially the Summerlin Costco. We wish you all the best, and we hope you all are healthy during the crisis, and that you stay healthy. Our best wishes. Leon and Judy Angel"
Costco,2020-03-22,3,I don't know why you pay more more the executive membership just for Costco to allow everyone to enter at the same time when Gold stars should at 11?
Costco,2020-02-13,1,"This is the response we received from Costco after we sent them an email about the Tire Center. Worst customer service I've ever experienced. I guess they think that they are so big and that we need them more then they need us. All of the years I was a manager in retail, I knew where my paycheck originated. Notice they did not include a phone number. Had to Google that separately. Auto-Response By (Administrator) (02/12/2020 04:15 PM) Our Member Service Center is committed to providing real-time assistance via chat or phone. As a result we will no longer be responding to requests via email. We look forward to serving you! Customer By Service Email (Cynthia Cole) (02/12/2020 04:15 PM) Earlier today, February 12, we stopped at the Costco tire center at the Rancho Cordova, CA location to inquire about replacing the tires on our car and to ask about the advertised sales in your latest brochure. We asked about a quote to replace the tires and about the sales going on. Frederick (Fredrick, not sure of the spelling) at the counter was condescending and dismissive. He gave us a current price quote per tire and when we questioned him about other possible deals, we said something to the effect that ""Well, I'll be glad to charge you ladies fifty dollars more per tire at the full price if that is what you want."" We don't put many miles on our vehicle per year and all we were trying to ascertain was whether there was another tire with a lesser mile warranty (he quoted an 80 thousand mile warranty tire), that was perhaps a little less expensive. He kept his demeaning ""you women don't know anything about tires"" attitude and we became upset. He said, ""Do you want to talk at my supervisor"" (his words) and when we replied in the affirmative, he went to the shop area door, gave a loud whistle and yelled, ""hey these women want to speak to a supervisor;"" at which time we could hear someone else from the shop area reply, ""eeew, they want to speak to a supervisor,"" in a high-pitched voice accompanied by laughter by the employees. This indicated to us that apparently, this happens quite often. Xavier the supervisor was not much better as he approached us laughing and didn't seem interested in our complaint about the counter guy. We had some words with him in one of the bays and were basically dismissed. All it would have taken from either of these guys would have been, ""we apologize if you felt that we were speaking down to you, it was not intentional and we are sorry. Here is the best deal we can give you for a set of four tires if you buy them today."" Ta Da The whole confrontation could have easily been avoided had either of these men had any idea about customer service. Needless to say, we will never buy tires from Costco and at every opportunity, will tell everyone we are able to about the rude, condescending treatment received. Especially our female friends. Cynthia Cole & Ruth Scarborough"
Costco,2020-02-12,1,"2/12/20 today I received an email from Costco stating that the above-referenced printer was returned with Amazon clothes instead of the printer I personally packed and shipped back the printer to Costco via my apartment concierge on around the beginning of January 2020. Speaking to various morons at Costco like Rochelpe, Cindy Wanklin, and Molly who insisted the printer never arrived but the clothes I sent did and they sent them back to me can you believe this fiasco?"
Costco,2020-02-10,5,"I order small stuff from them tome to time. They deliver it extremely fast. Easy returns, convenient support. Love it more than Amazon"
Costco,2020-02-05,1,"What a terrible website, customer service and overall experience. Even the store folks disassociate themselves from their online counter parts. I traveled 30 miles to my local store and they said I must contact the online store via phone or email in order to resolve any disputes. They made it clear they were not affiliated with online shopping, except by name. They were embarrassed. Poorly managed website: They tell you to do the obvious when calling for support. They advise using Goggle Chrome rather than Fire Fox, Explorer, Edge... Are you kidding me? Their system has glitches in most browsers. I could not place item in cart, obtain additional information and their site locked up... After finally placing an order, the following day: In bold letters they provide an estimated delivery day. DO NOT USE THAT DAY FOR ANYTHING. Rather, read the fine print stating up to 4 weeks that does not appear at the time of the order placement but shows up a week afterwards when you select item. This is what the customer service representatives read out to you when you call and attempt to inform them, ""I can read what it says now, it was different when the order was placed a week ago."" They were unable to comprehend that the delivery information had changed from the time I placed my order to the currently displayed information. They change the estimated delivery date without a courtesy email or call. Which may not be an issue except when you using a cooler for a refrigerator. Customer service representatives were unable to answer simple questions: It's the system or distribution or delivery service... always they, them or the system... never an individual nor Costco, just the other company fault. I spent 2 hours on the phone with Costco then the distributor (LG) then the delivery service (Innovel). The only one worth a dam was Innovel. They were very clear on what their job is and Innovel provides concise answers to simple questions. Innovel is very well managed with professionals working the phones. Costco stores are very well managed but their online management is incompetent. They need to know how to manage online shopping, understand how distribution works and hold people accountable and train their customer service representatives on the basics. Other than that, not bad. Shop at their stores, stay away from online shopping until they get new management or learn how to run web based shopping."
Costco,2020-02-04,1,"Extremely frustrated from Costco. It has been a nightmare dealing with Costco since we made a purchase on line for an oven range and a microwave. We ordered a Samsung Microwave and oven arrived separately, the contracted company is XPO who came to install the Microwave, they damaged my tiles, they drilled holes everywhere and brooked one row of tiles and lied about their identity and provided the wrong names. I called XPO the following day and explained the situation they looked in their system and confirmed that the two people came to my house have completely different names, I was promised that a supervisor will contact me to send someone to prepare the till and install the microwave, no-one has contacted me. I called Costco and spoke to supervisor 4 times to assist me with the issue and keep on getting the same response that they're working on the issue and will reach out for a resolution Today I spoke to another supervisor at Costco and was told that they will not help me and not responsible. The order was placed on costco.com but Costco is trying to avoid the damage that was done by the third party they hire."
Costco,2020-02-03,2,"We have always liked the toilet paper at Costco. Reasonable price and good quality. Obviously Costco has now gone on the cheap with the TP! It is horrible compared to what they sold before. I assume this is more profitable for Costco but terrible for the consumer. On a related topic, this isn't the only product which has gone away or gone downhill OR gone up significantly in price. Many of Costco's customers I know have either cut down significantly on shopping there (as I have) or don't do it altogether. Too many times taking advantage of our loyalty. Just terrible... Jeff"
Costco,2020-02-03,1,"In December of 2019, I went to Costco wireless to upgrade 3 of my phones and get the $300 gift card promo they were running at the time. They did not have the phones, so I paid the taxes and they ordered the phones. When the phones got to my house, 2 were the wrong ones. So, I went into Costco and they said they had to reorder them. So, I paid the taxes again and they reordered the phones. They informed me that a return label will be emailed to me and the taxes I paid in the first order will be refunded. I made sure to ask if I would still be eligible for the promotion they were offering in which they replied YES. Everyone was very nice and accommodating at this point. After a while I called again about the refund/return label and they informed me it was PROCESSED and I will get the refund and the label was emailed. That's when the problem started when I called back and asked about the refund and the label, they kept on telling me that is was processed and I would be getting it. As of today, this has not happened yet. So, I called many times and asked for a call back from the ""manager"". I've must have left her 3-5 messages (also ask for call back from corporate, which never happened either) for a call back and today she finally called because I used VERY foul language when I left her this last message. I can admit that because this has been ongoing for almost 2 months and this manager never felt the need to call me once. In today's conversation she inform me again that the label is at the kiosk and I needed to pick it up. I have told them many times that this is a very busy time of the year for me with work and home life and I can't make it there. For some reason they said the email will not go through so I give them another email to send it to and asked that they call after they send the email so I can check to see if I got it... NO CALL. So today she finally called to yell at me about my language and to threaten me that she was going to use social media to bad mouth me because I was going to leave a bad review for her POOR customer service. I asked her ONE question that her either could not or would not answer. I asked, IN THIS DAY AND AGE, WAS THERE NO OTHER WAY FOR HER TO EMAIL, FAX, TEXT ETC. ME THIS LABEL? Her answer was, ""the label is here at the kiosk waiting for you to pick it up"". She shared NO CONCERN for a person's time NOR did she try to find another way to get me this label to HELP me save some time and not have to drive to the store. Again, I ADMIT my language was bad but this was what it took JUST TO GET A CALL BACK from this manager. How professional is that? In over 1 month... this is the first time this manager fell the need to call me back. I work at a car dealership and she had the audacity to question me about how I treat my customers! Threaten me that she will leave a bad review for me pertaining to my job. Let me give you an example of what I do at my job.new years eve a customer came into the dealership to pick up his car from service only to find out that they closed early and was not able to pick up his car. I work in the sales dept so couldn't really help him with get his car. Again, this was NEW YEARS EVE at around 7pm! So given the circumstance, I offered the customer a ride home since he informed me that he had to take a LYFT to get to the dealership. If this manager shared the same concern for others as I do, I'm sure this would NOT be happening right now As of today, Feb, 2 2020, I have NOT been refunded the taxes I paid in the first order. Label is still sitting at the kiosk waiting for me to pick up and I can't tell you if I will be getting those gift cards or not. Obviously, all these things would require a bit of customer service support to achieve which I'm not getting. I'm sure not everyone goes through this as I did and most people have a great experience! So I guess my ONLY question isWhy is this ""MANAGER"" NOT willing to help resolve a customer service issue?"
Costco,2020-01-14,5,"I am a fan of Costco. Last Saturday I bought a bottle of CoQ10 and today I found it was already opened, and only half softgels left. Someone stole the softgels! I buy fish oil and vitamins at Costco for years, never have such thing happen before. I don't think it's Costco's fault and in fact the customer service agree me to return. But it's still scaring to think about someone can open the bottles on the shelf, steal or change the medicine inside. I hope Costco can install more monitors in drug area! And I write this review here hope everyone check the bottles carefully when you buy them."
Costco,2019-12-30,2,"I moved recently and as I was very short on time I decided to order all my appliances at Costco.ca ( in total 6 major pieces were ordered). Although the ordering process is really simple, the delivery process is not only not reliable but also bad. On the last delivery of my new stove, I received an email that the stove was to be delivered on Dec 19 but never got a call to confirm an hour. I took a day off from work and waited the whole day and nobody showed up. Called Ovation Logistics the delivery company and Costco. They told me they could not pick up the stove at the factory and that the next delivery window for me was Dec 28! No apologies, no way to speed up the delivery and a measly compensation of 50$ was offered to me for the inconvenient. As to Costco Customer service, they were quite sympathetic on the phone but totally USELESS... Talk about an inconvenient when you do not have a stove and guests for Christmas dinner! On dec 28. I finally received the stove which was literally dumped in the middle of my kitchen with no help to level the legs nor set it up. Ladies, let me tell you that it is quite hard for a single woman to level a stove and set it up. I called Costco again to complain about the cavalier attitude of their delivery service and after 45 minutes waiting on the line, I was told that I should have read the delivery policy and that they were not setting up the appliances. And to add insult to injury, Costco offered me 50$ to compensate for the awful experience I had with them. When I refused and told them it did not feel Like they acknowledged the many mistakes made and major inconveniences I endured, the guy on the phone was abrupt and impolite. The appliances I bought were not on sale or cheaper than anywhere else. I just made the mistake to to trust Costco""s reputation. Please learn from my experience and purchase your appliances somewhere else..."
Costco,2019-12-27,1,"We ordered two items from Costco.com during the holiday season. One toy, one television. The toy did not arrive during its estimated range and no one at Costco.com could tell us where it was or when it would arrive. We finally bought another one at a physical Costco only to have the mystery package arrive a day later... still no tracking number or shipping. The TV never arrived. A tracking number from UPS was issued and for 5 days the status stayed the same, ""label printed."" Finally after repeated phone calls Costco determined that it had been lost and that I could wait another 5 days for a new one to ship out (no offer of express shipping) or wait another 5 days for my funds to be refunded. I chose refund and am purchasing somewhere else. TERRIBLE customer service, not the people, but the system. And, if your system sucks, you put your customer service people in difficult, bad situations. I will not purchase from Costco.com. I suggest you stay away as well. Get it from the warehouse, or don't get it there."
Costco,2019-12-24,1,I buy TV from Costco 10 months ago is not working i call them they say call lg i did call lg they say o. K but after two days she call me and she say sorry we don't have time at this time we will call you one week to let you know when we send some body to look at your TV? You what we don't know how long we have to wait to see they have time to send some body to look at TV from Costco! So why Costco wright at TV BIG there is warranty... Just to sale TV faster. T
Costco,2019-12-17,5,"Susan in the Avon, Ohio Optical Department, could not have been better at her job. She was thorough, attentive, and skilled. I have several issues and she addressed all of my concerns with diplomacy, kindness, patience and even creativity. I have never had such helpful advice regarding glasses, and I have been wearing them for most of my 74 years! It was such a pleasure working with her for the last two days! I have always loved my Avon Costco and Susan S. Is now a big part of that! THANK YOU SUSAN! From Cheryl H."
Costco,2019-12-13,1,If you have a flat tire you have to make an appointment or if you walk in you have to wait all day until they have finished the appointments first
Costco,2019-12-11,1,"It is absolutely not worse to pay Costco membership It is absolutely not worse to pay $60 a year or more for Costco membership. You dont need to be smart to figure it out but somehow it blows my mind to see so many naive people staying in long lines to check out or the same people who always have to look to even park their cars. The most ridiculous is that Costco has such a low choices of products and most of them Are Not cheaper than in stores like: Walmart, where you have 100 times more choices of stuff and often cheaper stuff and food, Wincos, who has way more choices of food is also cheaper overall than Costco. Even Fred Meyer has quite comparable prices with way more choices of stuff and food... plus none of these stores requires pay for membership and none of them have so much waiting in lines and problem even park your car."
Costco,2019-12-08,1,"Find another big box store. Their customer service is callous and rude. Their membership policies are an ethical, unfair, and illegal. If your registration lapses they will deny you service and then when you renew, you pay for the time that you were denied. This because they apply your membership retroactively. Shame on you!"
Costco,2019-12-06,1,"When cashing out this cashier actually started reinserting my debit card & pressed the"" no cash"" button without asking if I needed assistance I'm very capable Not physically or mentally challenged! I thought it was rude & embarrassing I'm not elderly or weird looking I live in Bridgewater but usually shop in Flemington Now I know why I like Flemington so much more Now only is it bigger, easier parking & less crowded but definitely the people that work there are nicer, more helpful & never obnoxious like this one cashier #27 Jackie H"
Costco,2019-12-05,3,Purchased a Christmas decoration and as hubby was pulling box I wanted to say get the other box but because item was a bit heavy I didn't say anything. Removed from box and the battery box was missing one of the metal swirling metal pieces for battery connection. When returning they didn't even ask if there was something wrong. When opening up the new one it was apparent the old one was a return and they just put it back on the shelf. I'm so disappointed how this one was handled and have no doubt someone else will end up with it.
Costco,2019-12-04,1,"Have been buying tires from Costco for years. They scratched a black chrome wheel and are now denying it. Even after the tire service manager inspected my wheels with me before the work was done. He has since transferred to another store and recently been fired. Unbelievable. Consumer beware, if you value your car, go elsewhere. Both Monica Ramahlo and Jeremiah Sorensen who are leaders at the Katy Costco showed little concern with our problem. Brushed me off and never returned calls. If I could give a negative star I would."
Costco,2019-12-03,1,"Online order DOES NOT work, I recommend amazon! Tried to purchase iTunes card online, twice. Order was canceled both times with no specific reason given. Try to call customer service, the wait time is 25+ minutes."
Costco,2019-11-30,1,I live in Springhill Florida went to the Costco that was about 40 miles from me and bought a piece of salmon and a piece of cod ended up throwing both away the worst fish I have ever eaten or tried to eat in my life very disappointed Costco will lose my card and never go back again by by Costco
Costco,2019-11-28,1,"Costco use to be the best company, but now on the Thanksgiving day (2019) no one can logon and I felt like I wasted my $ for the membership for nothing. Untrustworthy and Very Disappointed. I bet Costco they don't care about the customer anymore even if you write the bad review here. Please I don't need your apologize Costco needs to fix the problem instead. I can login to Samsclub can do it but not Costco. As investor and member, this is very disappointed"
Costco,2019-11-24,1,"DON'T TRUST COSTCO OR THEIR THIRD PARTY VENDORS! I was poisoned from the bread I purchased at this location. It was Alpine Valley Organic Omega 3 bread. I found pieces of electrical wire In several pieces of bread. It was a two in one pack and I ate more than half of the product. I filed a complaint with Costco and they confiscated the bread. It toke them nearly three weeks to send the bread to the company. THEY DID NOT PULL THE REMAINING BREAD OFF THE SHELF AND CONTINUED TO SELL IT TO CUSTOMERS. I complained with the FDA but it was up to Costco and Alpine Valley Bread. THEY LIED TO THE FDA AND TOLD THEM THEY WERE IN CONTACT WITH ME ABOUT THIS MATTER, BUT THAT WAS A COMPLETE LIE! No one ever reached out to me or returned my messages. The Copper wire could have taken my life! But they don't care because they are mega rich and people think Costco is the holy grail..."
Costco,2019-11-23,1,This was the second time they have cancelled my order. I ordered an IPad mini on sale and a month later they canceled the order without an explanation. I had the Costco near me call and they reassure me it was in the way with rush delivery. It never happened.
Costco,2019-11-15,5,"Costco has finally made it to Australia. We have, I think, around 10 stores thru-out the country. I'm not a member. So I can't buy food or petrol there. I refuse to pay $60 for the privilege of walking into a Costco to buy groceries, when I can walk into stores such as Aldi, Coles & Woolworths for free. My neighbour is a member & he brings me home a pack of Costco's scrumptious blueberry muffins each time he takes a trip there. 12 muffins in the pack for $10. I've never seen such large muffins in my entire life! They are soooooo yummy! I've been into a Costco store to have a look around on a few occasions. Seriously massive, & lots of walking to be done. I sure get my exercise there hahaha. Never seen such large trolleys anywhere! Great grocery store for families/singles who are wanting to save money by buying in bulk. Their petrol outlets are great as well, with prices per litre much cheaper than other big name servos. I hope we get more Costos here in OZ in the near future. They seem to be very popular with aussies. I'm giving Costco 5 stars with this review. Purely & simply because the store helps people to save a ton of money on their weekly food/petrol bills. I'm not happy that aussies have to fork out $60 for the annual fee, especially considering we don't have the variety of products in our Costco stores that you guys have in the USA. So, not really fair, if you ask me. But it is as it is. We have to put up with the fee, or shut up. So, the majority of us put up with it & pay. But not me. I'd like a Costco CEO to explain to me why we have to pay a higher annual fee than Americans? It's not right. Some good reading - www.choice.com.au Type in search box ""Is A Costco Membership Worth It?"""
Costco,2019-11-12,1,"Oh man, ordering a viable product should not be this hard in this day and age. Unfortunately I have had issues since the beginning of placing my order. I originally had the order to be shipped to my new address, which was cancelled after it was placed but not processed due to it not being an address I have lived at for more than 3 months. This right there was irritating for two reasons, 1. I am moving- why can't a new address be used? 2. Because it could be placed, their policy is to put a hold on your card for this amount, but even though it wasn't even processed I was given a 7-10 business day ETA on the release of the hold. Which means my money- that was never used, could not come back to me due to an order that again was never even processed fully. This made it difficult to replace the order and go about my usual financial business. Then finally and eventually, I received my order, but not as advertised! The promotion was supposed to include a gift card to google play, but wasn't in the box. I will say this was simply resolved with a refund of that amount- however it was kind of frustrating to learn that refund process would only take 1-2 business day's, which then begged the question as to why I was given such a long eta on my other issues! And also, I wanted the package as advertised, it was part of my reasoning for purchase. Next, the TV I ordered wasn't even the correct specs as advertised BY both Costco and the product brand. So now I have spent around $750 with taxes, shipping, and everything else for an item that really only had half the things I was looking for... EXTREMELY frustrating and disappointing. No other site or company have I had this many issues with when ordering online, which is how I do most of my shopping. Normally Costco is a company I prefer to give business too, but now I'm feeling foolish for not going with a different place, as the price for this tv is now available on other places negating the value of being a member to Costco and receiving ""better special"" pricing."
Costco,2019-11-11,1,"I ordered a mattress, they had no problem charging my card, but have I received my product? NO! They send the generic GM nod letting you know after days of wondering, that your order will be there sometime. Not sure when, no making it right with customer for being inconvenienced. So disgusted..."
Costco,2019-11-02,5,I recently compared my monthly grocery bill between a couple of stores that I regularly shop at and Costco offers the most savings hands down. Even with the membership fee included.
Costco,2019-10-24,1,"Went to the Costco more than a month ago, asked them about tires that I need. The guy said that he needs to order it because they don't have them in the warehouse, he also gave me a printed price for the tires with installation which was $878. I said ok let me think about it and left. After I saw that Costco offering $150 discount on the tires I need so I went there with a piece a paper to the same guy but guess what? My tires with $150 discount now cost a $848? Wow, what are ashamed situation. So here's the thing, Costco before they put a big sign of the discount they raised prices, I'm so pissed and angry i have a membership with them for over 16 years never thought that they are so BIG CHEATERS! Even if I have to pay for my tires more than that I will not go and buy in Costco! CHEATERS!"
Costco,2019-10-22,1,"I don't even know where to start? I purchased a washer/dryer set from Costco.com and it was set up to be delivered in 5 days. Long story short, it has been 3 weeks and still no delivery. Their customer service try's to sound like they care, they honestly do not. I paid with my ATM, so they got my money the day I ordered. I asked the customer service lady I just spoke with if I was your father and this kind of service happened to you, what would you do? She answered she would cancel the order. I wonder how long will it take to refund my payment? I'm done with them. Beware!"
Costco,2019-10-13,5,I buy my high blood pressure meds every month here and everything is good. Customer service is very friendly and polite.
Costco,2019-10-13,3,"I bought the gold membership, got a Visa card and went shopping. We found few products we might buy but very few (and we don't need them). I checked out the ""travel deal"" and they aren't any bargains (maybe cruises but they go on sale everywhere). We love nuts but don't need 48oz, most of the packaging is really for restaurants, small businesses and very large families (or hoarders). We bought Cosco signature KIRKLAND vodka but it's $1 less in our local grocery store (WTF?) My wife is Chinese and said none of the clothes sold at Cosco would sell in China (old outdated and plain). Overall we were disappointed. The fresh meat was more costly than we can buy locally (Mecosta county)but meat quality and prices are flexible, altho the trout is a bargain (but it would thaw before we got home:-( We saw a few off brand cereals cheap but it requires buying in bulk. We eat a box every couple weeks so bulk isn't necessary and I can't imagine eating the same brand of cereal everyday for 6 months. I think Art Van could beat their furniture prices and their tires and batteries seemed pricey compared to what I bought last spring (Trump tariffs?). Overall, not impressed and not worth driving across town for but we live 45 miles north so it's a real loss for us. I will be going back to Cosco to get some of my money back (and buy some trout). NOTE: see picture of great tasting KIRKLAND vodka THATS cheaper other places and $1 more at Cosco:-("
Costco,2019-10-08,1,"I cannot believe how bad Costco online is. First of all, they don't support defective appliances, even1 hour after they are delivered. Costco push you to the manufacturer which takes weeks to determine its defective. Then once they confirm its defective, they take 4 WEEKS to pick the appliance up and give a refund. From the time I purchased a defective Bosch dishwasher to everything stable was 7 weeks. Terrible support all the way through. Go anywhere else to buy anything."
Costco,2019-10-07,1,"Had problems with some breakfast sandwiches and took them back, they refused to return them for me. I called the customer service line and they couldn't help either, and just referred me back to the local store who already refused the return. Over $30 worth... not happy."
Costco,2019-09-20,1,"Reading another review from last month, I've found I'm not the only customer to have asked for white glove delivery and had a SUBCONTRACTED warehouse company that ordered another SUBCONTRACTED trucking company to deliver my 4 piece king bedset and say ""we don't do white glove delivery,"" unboxed everything and left everything in my living room. To add insult to injury, they wrote ""NO ASSEMBLY"" on the invoice and had my mother sign, who they now blame for the assembly not done, and assembly was never brought up! Absolutely disgusted. I've been partially reimbursed from Costco, but we have now found a piece missing after putting the bedset upstairs OURSELVES. Overall disgusting experience, no amount of money can make me want to do business here again."
Costco,2019-09-14,1,"I normally order from Amazon fresh and love how they ice everything! I made an order first time to Costco the delivery came with a lady and her baby in the back sit, dropped off my meat and veggies no ice or cooler, just like that! Unbelievable that this is Costco service! Very disappointed"
Costco,2019-09-05,1,"I came in with my bottles to return and upon seeing that the plastics container was filled I informed customer service who plainly said it's already been called in, I've waited 10 minutes and still no one has come. This is not acceptable customer service in my opinion. I will not be coming back here. Word to the wise if you're going to return your bottles go elsewhere they couldn't care"
Costco,2019-08-23,1,"I have been a Costco member for the past 20 years and spend around 5000-7000 $$ per year in Costco stores. In addition for the past 5 years I have been spending on vacation packages through Costco Travel anywhere from 3000-******* $$ per vacation. Was very happy with Costco till I touched Costco Online furniture this January 2019. We saw a nice looking book shelf in Costco for $ 400. But Costco store said they won't deliver it home. So, I bought the 2 book shelves from Costco online and paid extra $ 150 per book shelf for home delivery. Costco online website clearly said they will deliver it inside the house and not in the garage or block any front entrance or inside doorways. Each book shelf weighed about 300 pounds and the box measured about 4x6.5x2 feet deep. So, I paid extra $ 300 thinking it would be delivered inside my house and placed the order with Costco Online. Surprise, surprise, 3 weeks later a truck shows up in my driveway with one driver/mover. The guy says I am going to put in your garage. I told him I paid extra $ 300 for inside home delivery but the guy would have none of it and flat out said and I quote "" I don't work for Costco"". You paid Costco, I deliver in your garage. After much arguing, finally the driver agreed to move it to my study which was immediately after my garage provided I help him to move. My first instinct was to turn him back and say F-off. But, I had waited for the shelves for 3 weeks and took time off from work to receive them. So, I reluctantly agreed to help him unload and then put it on a buggy and move it inside my house. While helping to stand up the shelf in my study, I was lifting the box only with my left hand as I was in a corner and in the process tore my left arm bicep. I knew right away once I heard a snapping noise and the pain shot through my left arm. I yelled and told the mover I had injured my left arm and ran to my refrigerator to ice it hoping it was just a sprain. By then 1 book shelf was in place and now the mover calls me out to move the 2nd book shelf. I told him my left arm was already injured and the chap goes "" well use your right Arm"". So again I reluctantly stepped out helped him load the 2nd shelf on the buggy and moved it to our study barely helping with my right hand. We got the 2nd shelf in place finally. By then it was close to 6 PM and decided to head to ER to see how bad was my injury on my left arm. Reston, VA ER X-ray showed no broken bones. But the ER doc looked at my left arm and the internal bleeding and swelling and said it maybe a bicep tear and asked me get it checked with a Orthopedic doctor. 4 days later Orthopedic and MRI confirmed it was a left arm bicep tear due to furniture move incident. I had to go through surgery, take 2 week off work and 4 months of physio therapy and still has not healed. I narrated the whole incident to Costco customer service or legal and they recorded my statement and conveniently said we did not deliver the furniture. Issue happened during CEVA logistics delivery company's work. So they convinced me to file a claim with this cheesy delivery company 'CEVA logistics"" and told me they would follow up. Basically, Costco washed their hands-off at that point even though I bought the furniture from website and nowhere did they say there will be a delivery company and we are not responsible. Moreover, Costco website will promise delivery inside the house but delivery company came and said nothing doing we deliver outside, deal with it!. Costco basically sells the furniture with all kinds of promises charges extra for home delivery and quietly retreats from the scene. I narrated the whole incident again to this delivery company, they recorded my statement and promised an investigation. After 6 months, got back me to with a investigation result that stated 1. They were not negligent, they were not supposed to move the furniture inside the house, 2. I volunteered to help the mover and got injured in the process!., 3. Also implied I already had an earlier injury that I was reporting. Even though I had told them I had no previous arm injuries. 4. And much cheesy investigation results that are not worth reporting here. Costco was copied on this investigation response from the delivery company but does not want to get involved and do the right thing. It has been 6 months since left arm bicep tear happened during Costco furniture delivery, I went through left arm surgery, physio therapy and my left arm has still not recovered fully. Now it turns out, this will have long term implications on my left arm strength. I am talking to lawyers, doctors to understand what this means and looks like a long drawn out legal fight. So be it. Buyer beware, just because you are buying from Costco does not mean they will take responsibility. Costco will wash their hands off and abandon you at the earliest opportunity whether you are right or completely truthful simply does not matter. Regards Pradeep Somayaji Old Costco member."
Costco,2019-08-22,1,Super sad. Six time place order every time they cancel without reason spend hours on the phone. Ask for cancel membership hope to get a refund. Never again
Costco,2019-08-22,2,"I placed an order for delivery about an hour ago! Not only am I paying more for delivery, but today it turns out several items are not available. It is a waste of my time to look up items to later find they are not available. Costco needs to update available items at all times. Not worth the extra money!"
Costco,2019-08-19,1,"Ordered a washer and dryer combo for Ordered a washer and dryer combo for delivery. Delivery truck backed into my hydro lines and tore them down, damaged the building, dented the units, led me on for two months and then left me in the dark with thier insurance company Gallagher Basset. I was just informed that Costco will not be assisting me and that I must deal with Samsung and the delivery agent. ""Dear Philip, Thank you for replying and expressing your concerns. I am truly sorry for the delivery experience. At this point as all associated notes/files have been forwarded to Gallagher Basset we are unable to further assist regarding the property damage. Any further concerns or questions related to the status and outcome of the property damage need to be take up with Gallagher Basset. We have closed the file on our end and will be unable to assist further regarding this matter. Thank you, Randy K. Supervisor"" ""Good afternoon, My apologies for the delayed response. Please be advised I have followed up with Metro to Home a few times now, and have had no response back to date. I will follow up with them again today and hopefully will hear back shortly. Please note, you may go through your insurer at any time to ensure you are taken care of in a timely manner, and then let them pursue after Samsung/Delivery agent later. Please be advised if you need to pursue this matter in a legal one, your fight will be between Samsung and their delivery agent, as Samsung arranges all the delivery arrangements on their end. Please note in the Province of Ontario there is a two year limitation period from the date of loss to commence an action, after that time you will be statute barred. Thank you, Amanda Stevenson, CIP | Resolution Manager | Gallagher Bassett 100 Consilium Place, Suite 300 Scarborough, Ontario M1H 3E3 MAIN Tel: *******674"""
Costco,2019-08-14,1,"No washer dryer but billed July 5 $1,377.99! First delivery team wouldn't take old dryer out and said 3 persons needed to carry it. Paid another person to disconnect it and one man hauled it out. Account charged Next expected delivery date, July 11th. Not scheduled. July 25th brought washer/dryer, one stacked unit. Took old washer, which worked. Broke dryer and took it back saying new part would take 5- 7 business days, then they would fix it and Set up new delivery date. Now no dryer and no refund! It is August 14th and ""customer sevice"" just tells me they will send a form with no information on when I'll get my refund. Citi card says I have to pay it or pay interest even if a refund comes in next billing cycle. No one will even tell me if a refund has been processed! The store says they are separate from Costco.com and won't help either."
Costco,2019-08-06,5,"I like Costco because the stuff is so Cheap! Sometimes, you have to buy a ridiculous amount of something but even if you throw some of it away, you're still saving over buying it from a regular grocery store."
Costco,2019-08-04,1,"Costco apparently thinks my time is not important and could care less about it. Any other store has a spot for products and may change the spot once in a while. Costco does it like every two weeks and lets me tell you there is nothing I like doing better than searching the whole store to find something. On top of that, they get something in that is wildly popular than just stop getting it. So after teaching the store over and over, you find out they just don't carry it anymore. It's a nonstop issue I'm done wasting my time with this store"
Costco,2019-07-30,2,"I ordered a washing machine online at Costco.com. The price was in line with other retailers.The delivery truck showed up within the time window I was given. However, the driver said he couldn't find the washing machine in his truck. He had the paperwork which he showed me and did not understand why the machine was not in the truck. He said he would call his office and someone would be in touch with me shortly. After about 10 minutes, the trucking company called and apologized for someone not letting me know sooner. The problem was, the washing machine that was sent to their warehouse was badly damaged. They did not even put it on the truck and notified the manufacturer immediately. This was on a Thursday. I was told they would deliver a replacement on the following Tuesday but I would receive another call to confirm that. Finally on Monday night, after not hearing from anyone, I called Costco because no one had notified me of a delivery. I did not want to have to wait all day and the customer service rep got in touch with the manufacturer who in turn got in touch with the shipper and said The delivery would be between 930 and 130 the following morning. I asked the Costco rep if they would do anything to compensate me for the aggravation. The response from the rep was what aggravated me. He told me it was not Costcos fault it was the manufacturers and/or shippers fault. I told him I understood that but, I paid Costco for the merchandise and feel it is up to them to throw me a bone Because I am a loyal customer. I was in retail for many years and believe you have to keep customers happy to keep them coming back. Problems with orders are a part of doing business. I feel Costco should have compensated me in some small way for my inconvenience. It would be up to them to be re-compensated from the manufacture. IMHO."
Costco,2019-07-27,5,"Store in West Knoxville/Turkey Creek area is always extremely clean. The employees are really friendly. I do not go as often as my parents do, but my elderly parents eat lunch there and ""make a day of it"" and are treated like family by the employees at this Costco. I really appreciate everything about the store, including the prices, but particularly how kind the staff is."
Costco,2019-07-24,1,"I do not know where to start, we have had so many issues with the purchase of a Samsung French door Refrigerator. The refrigerator arrived very late in the evening a couple of weeks after ordering. Delivery service was polite and quick to work, the removed our front door in order to get refrigerator into our house. Once in they moved old refrigerator to garage, inserted new refrigerator into its place. As they pushed refrigerator into place they left a five inch scratch across my kitchen floor and a hole in my wood floor! They acted as that was no big deal, not their problem. Tired of having these people in our house we just let them leave. Happy to at least have new refrigerator, waited awhile to let it cool. Went in after a couple of hours and started to put food into it. We went to bed thinking all was well, wrong. Next morning milk was not cold! It was to warm. The refrigerator was 62 degrees! Everything was ruined! Called Costco was told to give them 48 hours to find a service tech. We waited Samsung called us to tell us that there are no service techs in our area. They can not fix our refrigerator, please call Costco warranty service for refund. Called Costco they were very helpful, but wish English was their first language not second. Told Costco would refund money and arrange for pick up of refrigerator. I was to wait 5-7 business days for someone to call me. I waited 8 business days and had to call Costco back! The gentleman said I should be getting a call from someone that day and I did, finally! Arrangements made for a week later for pick up! On the day they were to pick up refrigerator I received an odd call from Miami, someone speaking Spanish and did not seem to hear me. I hung up, thinking it was a solicitor. Ten minutes later I get a call from that number again, this time was told by a man with a heavy Spanish accent not to hang up! He was going to be at my house in ten minutes. Okay? The pick up people arrive, neither spoke English well but we kept going. I explained 3 times to remove front door because refrigerator is to big if they don't. Okay okay they said. They took handles off refrigerator, measured it and strapped it on to move it. They did not remove front door as I had repeatedly told them to. They wedged the refrigerator into the front door opening! Oh no they realize they have to remove the front door! They proceed to back up and remove door. Then they strap on refrigerator on again and take it out. They did come back and put my front door back on. Once they finished with my front door they leave, I went to check door to find that they scratched my door frame. Now I have to repaint! Never will I buy anything that requires delivery from Costco!"
Costco,2019-07-21,5,"I've always considered electronics at Costco not the most recent releases, but they have good enough laptops with i7 or above that make the cut. The prices are way cheaper than Best-Buy or Walmart! Love the insurance coverage options that comes with it. I recently purchased my latest HP and I keep the seeing the price online from other stores and happy I made the purchase here."
Costco,2019-07-07,1,First time in a Costco. Just wanted to look around. Lady at front door was RUDE because I didn't have a card. Instructed me to exit door to get membership. Gentleman at Exit door RUDE as well. Refused to let me in with the cart I grabbed outside. Thanks for the experience Costco.
Costco,2019-07-07,1,I bought a Lenovo Flex 2-in-1 touchscreen. I'm a software engineer and after few days when i installed couple of applications fan started making very loud noise. Another problem keyboard stops working suddenly and i've to restart laptop. So decided to return it but unfortunately it was refused by Costco because it was 100 days which is 10 days over their return policy (that's crazy). In general i never had a problem returning with Costco and they were quite flexible with returns. But i was shocked to get there response and definitely they are not return friendly anymore. I cancelled their membership right away and never going back to Costco again.
Costco,2019-07-03,1,"This review is specifically to highlight the customer service we received from Costco (the fiasco which is still in process), after the installers they hired botched the installation job which resulted in a broken-down machine. The TL; DR version: Costco customer service is a joke. Although the botched installation was a violation of both electrical and plumbing code and caused damage to 2 parts of the machine (increasing the risk of additional parts breaking down the line), Costco refused to return/refund the unit and asked us to find someone to reinstall it at our own expense. Both the LG repairman and the TNT/Innovel tech who came out to evaluate/do the fix recommended we escalate and get a new machine. We escalated repeatedly and then escalated some more, to zero effect. Do not buy appliances from Costco, or arrange a trustworthy installer. We bought a dishwasher less than a year ago (October 15 delivered/installed). Took excellent care of it. The installer botched the installation. Did not properly install the high loop (water was going back into the machine a plumbing code violation), and did not put in a junction box (an electical violation). Dishwasher stopped working (ie, it ran but nothing was getting properly washed). The LG repairman who came out to the house identified 2 issues with the installation (noted above), and 2 broken parts in the machine, including one of the motors. He also said (but didn't record in his report) it is very possible that the reason the machine broke was due to the installation, which means it is very possible that other parts would break in the future, and recommended seeing if we can get a new machine instead. We have spent multiple hours interacting with Costco on this, and escalated repeatedly about as far as we could. After additional contact, Costco asked us to get quotes for other installers (because we were out of the 90-day return/refund period, they did not want to use their own) to fix the machine and then they would compensate us $150. So in other words: O We were to spend our time deciding who is competent and getting quotes, then paying out of pocket O They would compensate us $150 (provided someone could do it for $150, otherwise we were to call them back to discuss ""options"") after this was done O A separate visit from the repair person to fix the actual broken machine was of course still also required To add insult to injury, Costco implied in a phone call (but we didn't catch that it was not in the email) that they would be doing the replacement and we only need to look for an installer for this new unit. The next time we managed to get a manager on the line, it turns out they were never offering a replacement. This means we may be doing this dance again in the near future. We escalated, repeatedly, spending hours on the phone. A more senior manager up the chain agreed to find an installer for us, and to transfer the money in advance. That's when we found out they weren't planning on replacing the unit. We escalated again, 2 ways - Costco went back to the installer and asked for a refund, since this was their fault. Via a third party, Costco asked LG to replace the unit (here is where they passed the buck and said LG chose the installer per the senior installer that came out, that is not true). Both the installer and LG refused to provide the refund or a new unit. The Costco customer support manager I spoke with said this was ""standard procedure"". When the TNT/Innovel senior installer came out to do the fix, in his words, which he did not commit to paper despite our request (so as not have his company come after him): ""That's a lot of work on a brand-new unit. If I were you, I'd raise hell. Sears would replace the unit. Costco is a whole other ballgame"". Of note, while we communicated repeatedly exactly what was wrong with the unit, this was not even clearly shared with the installer."
Costco,2019-06-26,2,I ordered a sewing machine on line for my daughter's birthday. It doesn't show up and check on line find out Costco canceled the order. No call or email. I call and find out that our new address was not in the system yet. I spend about 40 minutes with a young girl trying to ship the item. She said her supervisor won't $#*! it. I answered all the security questions and still won't ship it. 19 years with them and this is there customer service. We canceled the member ship and upgraded Amazon Prime. We also joined Sam's club. We get free shipping and ordered the sewing machine. Costco you just lost a very good customer that spent a few thousand dollars a year. We didn't really shop there that much anymore. Amazon has you beat in everyway. Especially customer service and shipping. Good luck with your big box of poor customer service.
Costco,2019-06-25,2,"If you shop around for what you buy here you will see that you really are not getting such a great deal and on top of it all you have to pay a yearly fee to pay more for your goods then you would elsewhere. So nop not for me, I like to save money not spend more. But more power to you all who like them."
Costco,2019-06-25,1,"Ordered early on the 20th (Thursday, June 2019), paid extra for 1-2 day shipping. Nope! Maybe on the 25th (Tues)? Costco allows 24 hours to process your order, do not work Sat or Sun... did not process the order till Mon (24th) and we still don't know when it will arrive. Just be aware. They are not Amazon. But, if you have time to wait... great."
Costco,2019-06-24,1,"I ess told in may then in mid June and so far nothing, a very disappointing purchase I bought the Washington 9 piece, terrible quality and service"
Costco,2019-06-23,2,"Costco continues to disappoint in so many ways. Years ago, we could count on finding quality gift items year around; now, a few at Christmas time. Popular items are continually being dropped that we could count on over the years. (latest - protective sheet covers AND a smaller selection of books - NO MORE ATK (America's Test Kitchen) books; how disappointing! And, WHY would they discontinue ""Triple Sec"" which goes hand in hand with their decent supply of tequilas?... makes no sense. Moreover, the 'treasure hunt' that Costco insists we need to embrace (to see everything), is anything but senior friendly. Now, I refuse to backtrack to look for an item that has been moved. I just skip the purchase. Also, filling out the customer request forms has proven useless over the years. (After trying numerous times to get 'HR' detergents recognized as a popular item, it took FOUR years! Many friends also requested this item.) Now, as popular as 'Lite cat litter' is, - still unavailable at Costco. Why lug a 45 pound container when the 'Tidy Cat Lite' is available in 17 pounds? Best thing about Costco is their return policy."
Costco,2019-06-13,1,When my daughters were buying something the cashier was so rude to them. My ten year old got her moms costco card and the cashier yelled at her that she couldnt use it un less her mom was there. And when she tried to pay whith my credit card she was so rude she let other people in front of them. I dont know her name but she was working whith A guy named richard who was a nice guy. I was right there and she was very rude to children if this keeps on I wont com back.
Costco,2019-06-13,5,Bought easy gutter guards. Great product easy install very effective! Keeps all the leaves and roof sand out. Good install on cedar shake roof. Will be interesting to see results in fall. I have a heavily wooded situation Tom B
Costco,2019-06-11,1,I normally go to van nuys. Glendale costco was very understaffed. I will not return unless it is an emergency. Horrible
Costco,2019-06-10,3,Great array of products with good prices. Return policy big plus with Costco I'm impressed with their integrity in backing their products and services.
Costco,2019-06-06,2,"I put an order online Costco.com and need it quickly. So I paid extra fee for the Express 1 to 2 Business Days. After one business my order status is still ""Received"", called Costco.com. Mr. J told me, since this is the first business day, you still have tomorrow to receive the item. Next day, the status is still ""Received"", called again. Ms L said, you probably receive the order tomorrow. Asked, that means I cannot receive my order in 1-2 business day. The answer, we can only process your order next business day. Therefore, your order may be received tomorrow. If you cannot we can refund your express shipping fee. What hell is that?"
Costco,2019-06-03,1,"Dear sir I happened to visit Costco on Rodeo drive on 16th of May to report a problem with my car tire which was under warranty had developed a slow leak. The person at the Tire shop told me to come tomorrow as early as 7:30 am as there is a usual line up. I complied with the suggestion and can next morning around 7:30am. For at least there was no one in attendance at the service counter. Finally around 8:40 someone showed up and bluntly announced that who had previous appointments can stay and others need to book appointments and there will be a 15 days wait time. This was absolutely unacceptable as I had put new tires from Costco on the basis that they are under warranty and Costco will honor it. 15-days wait time, I have to park the car until someone from the tire shop will see it and take remedial action. With all the above, I am left with the feeling that all these promises of warranty are just to lure the customer. Also, Costco staff should not have misguided a customer about coming tomorrow and wait in the queue while I could have done the appointment over the phone and not had to take the day off. I am sorry to say, this is a display of extremely poor service. Costco staff lacks any courtesy and are unpleasant when dealing with the customer."
Costco,2019-05-28,2,"I've never written a review before but I'm so annoyed I decided to... I used Costco online for same day delivery and was happy to pay a premium service and delivery fee (I even happily tipped the driver). HOWEVER this month I noticed a recurrent credit card charge for ""Costco Instacart"" on my bill. When I spoke to a Costco customer service rep they basically said ""we have no idea and you need to speak with Instacart."" I've never used instacart and didn't even know what it was, save for the fact that Costco partners with them for deliveries. Now I have to work with their customer service department to try and solve this recurrent charge. Costco shouldn't be partnering with an organization if they are unable to assist THEIR customers and I think it's shady that this charge came up. I'm pretty savvy to such things aka signing up for VIP memberships etc. and did nothing but place a one time order."
Costco,2019-04-22,1,"Meat quality has been suffering. Just made Corned Beef for Easter, Gawd awful tough!. Prior had been tender, now, shoe leather."
Costco,2019-04-21,2,"My husband and I enjoy shopping at Costco, however, we were very disappointed when we went there on Easter Sunday and found out that it was closed! As if everybody in town is celebrating Easter! Very disrespectful to other religions and cultures! Costco was THE ONLY store that was closed not only in that shopping center, but also in other shopping plazas across the street and those close by."
Costco,2019-04-15,1,"I've been going to Costco for 6 years now always a pleasure but today was terrible i the cashier was so rude and impolite her name is NICOLE my husband asked her twice how much is the cereal? She said it's right there, then she said it's that much because you got 3 after that I had 2 items that are separate and I wanted tax exempt on them she called for the soup to clear it which I totally understand and know that is the rule there instead of waiting a minute she went and got the next person in line my husband told her I'm first and u have to wait and do my things first she said NO my husband then again told her we've been coming here for 6 years and never did the cashier take the person after us they would wait that minute until the soup comes and clears everything she then said I NEVER SEEN U GUYS HERE BEFORE well that's not our problem we told her after that the soup came and 2 other staff members also came and we explained the problem they said we are sorry and we were so mad so my husband told them I don't want anything and give me my money back and I'm going to cut up my member card and never come back so they started talking to us and apologizing and trying to fix it we told them that the cashier didn't like us to begin with we asked a question and she never answered them she left us and toke the next person in line she was offensive is it because we are Muslim and I wear a hijab, that's not the way u treat people, that cashier is the most rude and horrible person and is making COSTCO look very bad. I will never do business there again. Just one other thing the 3 staff that were helping take care of the problem were very very polite and helpful they made it a little better at least."
Costco,2019-04-10,1,"I received my online order of laundry detergent with the container cracked and contents leaked out into the bag. It was a colossal mess. When I called to request a replacement I was told they would be sending me return packaging for the exchange. I had already explained the mess and had already thrown the goopy bag away and had the container hemorrhaging the remainder of the contents into my utility sink. I should have carried the leaking bottle into my local store and said ""here you wanted this back."" Asinine and horrible customer service."
Costco,2019-04-09,1,Ordered washer dryer pair(costco.com) on 3/28 called customer service on 4/5 to see why i had not been contacted for delivery arrangements. I was assured it would be here by 4/11. No one called for delivery by 4/9. I contacted costco.com they said there was a mix up and it would not be here until 5/7. I cancelled not so much for the delay but for the total lack of communication on their part for a $2000 plus order. Live chat operator was helpful
Costco,2019-04-09,5,"Ever since i got my costco card, I've save a few hundred £'s every year. It's been a great experience and really pleased with the quality of the Kirkland brand - it's the same stuff, just cheaper and better. Shopping in store is a treat too with samples dotted around the site and an amazing returns policy, if I dont like any items. Overall, really happy with the website where I have purchased a large tv, cctv, and garden furniture, all at a special rate, saving me loads of money. Great Costco - please keep it up! Also, please include more US items in the UK... we like chocolate/peanut butter snacks too"
Costco,2019-03-31,1,The only thing they say is if you pay in cash or card if you pay in card they kick you off the line for food if you stand by they will assault you to move you away from the line i should have called the police on them
Costco,2019-03-29,5,"NUMI ORDERED THE VACCUM SEALER SYSTEM OF $118.99 FROM THEIR WEBSITE ON 03/15/19 and JUST AFTER 2 DAYS I RECEIVED IT. BUT, THE PRODUCT WAS DEFECTIVE SO I HAD TO RETURN IT. AT FIRST, I THOUGHT MY MONEY IS GONE AND WILL NOT GET MY REFUND. BUT WHEN I CALLED THEIR HELPLINE i. E. *******320 THEIR CUSTOMER EXECUTIVE TOLD ME THAT THEY WILL COME AND RECEIVE THE PRODUCT AND I WILL GET MY MONEY BACK WITHIN 4-5 DAYS. BUT THEIR CUSTOMER SERVICE IS SO GOOD THAT WITHIN 3 DAYS MY GOT REFUNDED TO ME."
Costco,2019-03-27,1,Very bad experience. Very bad service when it come to repair some large electronic item. I dont want to write everything because I don't want to go throw more stress. The only thing I can tell you is that please never buy any big electronic item from Costco. Buy from Best buy because they have best service when it comes to repair.
Costco,2019-03-26,1,"Two times recently I wasn't charged for items, which the checker caught at the door, I returned to the register and paid. Well today on my way out I noticed they charged for two chickens on my BOS, I only had one in my cart. So I preceded out and the checker didn't see that I was charged for eight items, not seven. At this point I told her to count again, she was wrong. The attitude that I received was, its ok for Costco to overcharge."
Costco,2019-03-25,1,", Needed new laptop quickly. Since I pay to shop at Costco, but live 47 miles away, I went on line. Ordered, paid, started tracking my laptop since buyer must be at home to take delivery. Three days later, JUST as the laptop was shown on tracking to be about 40 miles from my home, I saw an alert message on the UPS website: Package RECALLED by SELLER (Costco). I watched with a sickening feeling, as my new laptop ""traveled"" back to each shipping point from which it had just come! Called Costco, rep was VERY nasty, said ""well the 3-5 day shipping is ONLY an approximation. I tried patiently to explain AGAIN that Costco had recalled my package just as it was almost at my home. Long hold AGAIN, rep comes on and says (big sigh) well they could not deliver it because ""YOU cancelled your order"". NO WAY I replied politely. Kept me on hold 17 minutes, then came back and said, ""I found the problem, you never TOLD us you changed your address"". (Have had same address for 18 years with no changes). Finally called UPS knowing they had no responsibility to me. But an EXCELLENT UPS employee offered to ""get to the bottom of this for you"". WOW, Costco is their customer, not me, but much more willing to help me than my ""member reps"" at Costco. Seems a COSTCO employee made out the label incorrectly: Put my name and address on the label and then put Costco's zip code on package instead of mine! Never called me, never emailed me, nothing, just pulled my PAID FOR laptop and had it returned to them while I stayed home the ENTIRE day waiting to sign for delivery. Called them when it never came. They continued to blame ME. When I asked HOW I was going to get the laptop I ordered and PAID FOR? Yet another ""NO customer service rep"" replied, ""well, if you want it you could go to the website and order ANOTHER ONE. Really? How many do I really want on my credit card? She went on to say, THIS TIME mark express delivery ($39) and you'll get it only one day after you SHOULD have received the first one you ordered. I asked if they thought that was ""being fair"" to a ""member"" of long standing. Another LONG HOLD. You could tell the next to come on was startled, never thought any member would stay on phone that long. Explained all AGAIN. He said I could ""call them and ask for the $39 to be credited back to you card after delivery"". I calmly and politely said I had a better plan, one that would give them an opportunity to demonstrate ""we CARE for our members""; their motto, is not empty words. Suggested they send me the laptop I ordered and paid for, and they, not me, send it express over night. LONG hold again, and then ""ok"" but I'll need some additional information"". Why I asked, all my information is in my member file. ""Not, all, we need your cvv code and expiration date of your card, we do not keep that on file. Ok. Gave them that information, and NEVER HEARD FROM THEM AGAIN, it's over a week later, no laptop, and certainly no help from Costco. My BANK is wonderful, helping me protest the charges and monitor for credits from Costco. So much for the NO laptop, NO apologies, NO responsibility, and NO customer service company that charges YOU to shop with them! I quit my executive membership for this same dysfunctional kind operation, tried being a ""regular member"" this year. Never again will I renew either membership. Once can be a mistake, but here you PAY to be insulted and accused because the people in customer service simply can not bring themselves to say: ""So sorry, WE put wrong address on the label of your shipment, and WE recalled the order just as it said on UPS website. We ARE sorry for accusing YOU of cancelling order, and then when that was disproved, accuse you of MOVING after placing the order! Unbelieveable. One ""so very sorry"" to save a good customer, too many great places to take my business, with the reply "" We will send your order out overnight delivery today, you will get it tomorrow!"". But no, could not care less that it was 100% of their fault for putting their OWN zip code on the ""Deliver To"" label. Update, never did get an apology, had to ""fight"" through my credit card company to get my money back, but once it was proven through USPS that they ""delivered"" my paid for computer to COSTCO instead of to me, the customer, I was able to get my money. Absolutely the worst company I have ever dealt with... pay for a laptop computer and they sent it to... THEMSELVES! Amazing! Believe all these reviews warning you people, unfortunately I didn't!"
Costco,2019-03-22,1,"DON'T EVER BUY ANYTHING FROM COSTCO ONLINE! I purchase a bed set from Costco online, the set was over $1000. 00. The coordination of the delivery was awful. The first time I received an email on Sunday night saying they were going to deliver it on Monday sometime between 7 am and 5 pm. I work, who can take a day off without notice. I tried calling to reschedule and they never answered the phone. They would show up at random days and times at my house saying they were there to deliver. Finally I got a hold of the company and arranged for delivery. The night stand was busted. So now I have to spend an hour on the phone with ""customer service"" for them to tell me that I have to take one day off for the delivery of the new night stand and another day off for the pick up of the busted night stand. And for my inconvenience I need to once again pay someone to come and take the stuff upstairs because they will only deliver it to my door."
Costco,2019-03-19,1,Ordered a freezer online. The receipt said it would come on Friday. I stayed home from work Friday and it didn't come. I called and they said sorry it is actually coming Tuesday. Tuesday came around and it didn't show up. I called and they said they don't know where my order is. No one at the store can help me with online purchases. Called the online numbers and they tell me just to try back the next day they don't know what is going on. The website claimed 3 day delivery that is lie. The website promised communication the day before the scheduled arrival date. That is a lie. Never again Costco.
Costco,2019-03-19,1,"Trying to register and it rejects both my valid email addreses as ""invalid"". No explanation. Bizarre. Trying to give bad review of HP 7858 printer that scans And spits out blank pages. Very frustrating."
Costco,2019-03-18,1,Costco had a promo to buy 2 select patio furniture pieces and get $750 off. I put my 2 qualifying items in my cart and it was valid on both items. The next day went to the store to see them before ordering. Went to order and now the second item is no longer eligible. After 45 min on the phone with chat service they said it was a glitch and won't honor the promo. When this membership is up I'm switching to Sams Club. Feel this was poor customer service to a loyal customer.
Costco,2019-03-02,1,"I just spent two hours between chat and on the phone with a manager for something that should have been quite simple. Costco.com and Costco are quite separate and therefore, their customer service suffers greatly (thus the 2.5 stars out of 5 on this site). I will shop at Sam's Club.com and Sam's club until this changes. Costco wanted to charge me $800 to ship laminate flooring. Sam's club has almost exact flooring and they offer the Click and Pull offer. I let them know that I just had surgery today and didn't want to have to run around to various clubs to pick up 60 boxes of flooring. They didn't even empathize... not that I wanted it but just as a courtesy. Sam's club employees shop for you and everything is ready for pick-up and you can pay online or at the club. Costco... you will have to step up your game pretty quickly to keep up. Manager called back way after the allotted time and really offered nothing to help. I am all about good reviews and kudos to those that deserve and rarely write bad reviews but I expect more from Costco and Costco.com. I am off to shop at Sam's Club, contact me if your customer service improves."
Costco,2019-02-16,2,"Do NOT buy appliances at Costco their delivery services is HORRIBLE! We spent 1,300.00 for the worst delivery experience. Late, no phone calls or delivery windows, took off work(2 days 1 for delivery and another to have them fix our dryer door) to have them tell us ""we can't solve your issue. We will need to come pick up the dryer, then deliver again!"" So I need to take 2 MORE days off!?!? No thanks! This delivery company has dozens of complaints on them WHY WOULD COSTCO STILL USE THEM!?! No help, answers, or any consideration from Costco either! Pretty much ""you can have the SAME idiots pick it up OR use LG's warranty!"" Thanks for nothing Costco."
Costco,2019-02-12,2,"Do yourself a major favor, check the price online first. Just purchased a Samsung 82 inch TV for $2,999.99 Costco Burbank, the online is $2,579.99, price difference of $420.00. The major agony, they would only price match if I had bought it online. Now I have to pull the 82 inch TV off the wall, put it in the box drag it back to the Costco Burbank get refund and order another one online. Same Tv, same brand and all under one roof called Costco. Zero common sense."
Costco,2019-01-11,2,"I went to Costco to get turn in my certificate of purchase and get my membership card. The register clerk, Kristen, wanted to explain the card membership to me, I said "" oh that's okay, I know about it"" and she proceeded to be nasty to me because I didn't want to hear about it. I did not appreciate this and than she was comparing a sick patient telling a nurse about him being sick to her explaining the membership to me is the same thing and i shouldn't have dismissed her from telling me about it. I will not be going back to that Costco location."
Costco,2018-12-31,1,"As a Costco member I got quote for Auto insurance on Costco website and was redirected to Ameriprise, Effective date: 09/17/18,6 month policy $2,947.00 and was charged $616.40 on same day, few week later i received a letter stating that they reviewed my policy scheduled to expire on October 25,2018 due to driving history not meeting their guidelines, after that another letter came stating that there will be charge in the amount of $965.14 on 10/17/2018 for policy term 9/17/18 -3/17/19, then I got another letter stating: ""You recently received a notice of pending cancellation of your policy. Please disregard that notice. Your policy will continue in force with no lapse in coverage."", So I called Ameriprise and asked them to cancel my policy because their new price is way to high and I've got a quote from other company and will switch to them. I called them on October 16 and asked to cancel policy next day, than I received notification that my Credit Card was billed by Ameriprise in the amount of $965.14, so I called Ameriprise again and asked about a charge, and their customer service rep told me that it's a valid charge, and they are not going to refund it, so I was disputing this and in the end they told me that they will refund me $290.63. So for one month of coverage they charged me $1,290.91 Shame on Costco for helping Ameriprise to SCAM their members! Will never believe Costco again!"
Costco,2018-12-27,1,Worst experience ever with costco or any other on line retailer. Ordered & paid for a bed 4 weeks ago. Bed moved from Washington State to California (not towards New Jersey where I live) 22 days ago. It has now sat in California for 3 weeks with no movement and a lame excuse about it being the holidays. This has nothing to do with the holidays and everything to do with costco.com having no service level agreement with their vendor and a lack of interest in trying to expedite the shipping.
Costco,2018-12-22,1,Received a call to scheduling a delivery date. Item never arrived. After a week i called they said order was lost and would resend and expedite. After another week they still cant give a tracking number.
Costco,2018-12-21,1,"I purchased a Business Member Card for the company I work for to buy office supplies and such, thought it would be a great beneficial idea. WRONG. I used the card a total of two times, the second time I used it was the experience that did it in for me. I was there to buy supplies and food for an office Christmas party, I walked up to the checkout counter where I was not greeted or acknowledged, the cashier was chatting with another employee. He scans my card and proceeds to tell me my card has been canceled. No explanation, no assistance, just shoved my groceries to the side and called a manager over and told me to explain to her. She asks me what the problem was so I explain, she takes the card to the back office and leave me standing there for 30 minutes with no answers or anything. I eventually leave because I cannot wait any longer and keep the Christmas Party waiting, I call and tell the customer service desk and tell them I want a full refund for the whole year we paid for and for the card to be officially canceled. The customer service manager explains to me that there is not anything she can do over the phone that I would have to come in, she proceeds to tell me all of this while laughing and using terms such as ""literally"" and ""like"" as if she was a high school student, very unprofessional and as I could see I was not being taken seriously. Not only did I keep the Christmas party waiting for an hour and some odd minutes we also had to find another resort for food since Costco was an epic fail and disappointment. Worst experienced ever, definitely my first and last. I would not recommend any other business or person for that matter to use the store or give them a penny. Very unprofessional and poor customer service."
Costco,2018-12-18,1,"I noticed after 3 weeks I did not get my items, so I checked online and it said cancelled... never received an email about this. So I called. The representative told me there was some incorrect info on the credit card, so I asked him why I didn't receive a notification. He cut me off and started giving me an unrelated answer, so I asked more sternly, ""why did I not receive a notification that this was cancelled?"" he then said ""If you raise your voice at me I will hang up"". I then said in a somewhat stern voice (definitely controlled and not yelling, ""I think you should be a little more nice to someone who is upset about purchasing goods form your store>: he hung up before I finished. Worst service ever."
Costco,2018-12-17,1,"IStart out by saying we have never had any problems when we have bought stuff at Costco and returned it to the store, I will never ever recommend to buy anything from them that you cant return to the store. We bought a washer and drier set from them and it started out bad took 8 days to get and after they installed them tried them and the drier wouldn't heat up, so we called them and it took them 10days to get the second new drier to us. A week later the washer started acting up so we called and said come get them, they came out with in 5 days to pick up, that was Nov 17 2018 and on Nov 21 2018 we got part of the refund back? It is now Dec. 17 2018 AND WE STILL haven't got the total refund. SO I WOULD SAY DON'T EVER EVER BUY ANYTHING FROM THEM THAT YOU CAN'T RETURN TO THE STORE. We are beyond frustrated, This has been the worst customer service we have ever had anywhere. We have been lied to at least 3 times they tell us we will have someone call and follow up and no one has called yet. Update 12 19 18 after getting off the phone again yesterday they are hopefully going to credit us the rest of the refund. So I hope its all taken care of. I still say don't buy anything from Costco that you can't return to the store."
Costco,2018-12-15,1,"Bought a HP Envy recently form Costco.com. It freezes so frequently, so badly. 10+ times in an hour. Freezes even when no applications are brought up. Worked with Costco concierge and HP for months. Spent so many hours, in trouble shooting along with them on the call, then downloading and installing the softwares they ask us to reinstall. Though it is still within a year warranty, they don't want to take it back/fix it. I think they are trying to drag it to go beyond 1 year, so they can say it is out of warranty. I asked HP person if my particular model known to have issues. She said yes. I asked her, if the new software/image that she gives me, is same as what it came with or it is an upgraded one, that known to have fixed the issue. She said it is the same version as it came with my laptop. For a given firmware, if a baseline of software/image doesn't work, there is no point on keep on reinstalling the same baseline and expect for some miracle to happen. When I call Costco.com after all this, for a warranty/return, they ask me to contact Costco concierge. Concierge says they don't process return. They ask me to call Costco.com. When I call Costco.com, after they read through case notes, they just ask me to call concierge, then goes on in circles. Or some agents say, go to Costco store. I even went there. Costco store says, if you bought it online at Costco.com, you have to call them. I think their tactics is, they try to pass it to different department of theirs. Each one does same in turn. And also they can't access case notes across divisions. For their convenience, it's been setup that way I think. So we have to retell the whole story every time. I have been with Costco for more than 10 years. We are executive member. I haven't even tried to return even a single product all these years. I think IT IS TIME TO WALK OUT OF COSTCO. WORST CUSTOMER SERVICE, WORST CUSTOMER SERVICE TACTICS"
Costco,2018-12-12,1,"Ordered a 4 piece appliance package from costco.com in November. Four days after my confirmation email, I received an email that the order was cancelled due to ""system error."" Seriously? All November appliance deals are now over at any other appliance store and costco.com says, ""sorry, we messed up and don't have appliances for your zip code?"" After weeks of calls and emails with the ""resolution team,"" advising me they would see when the package would be back in stock and offer to me at the same price, or when the brand would have a similar package, they send me an email tonight, ""sorry, we messed up, you will receive NOTHING... GOODBYE"" BUY your appliances from Home Depot. They never would treat their customers like this. Unbelievable. Worst experience and worst customer service! DO NOT BUY APPLIANCES FROM COSTCO.COM!"
Costco,2018-12-11,1,I bought this product after coming home when I open on the next day morning everything inside has fungus this is not at all fair Costco is cheating customers now a days with this kind of products...?
Costco,2018-12-07,1,On Nov 21st I purchased a $3000 OLED TV set from COSTCO. Scheduled delivery from Costco. Costco uses a 3rd Party delivery service called CEVA. Long story short I was scheduled on 12/1 for a 6 hour window for the delivery. The TV was never delivered. No one from COSTCO or CEVA ever Called to follow up. I told them they can keep their TV to refund my money I will never step foot in COSTCO the rest of my life. What a complete Unprofessional joke of a corporation.
Costco,2018-12-07,1,"I purchased a television and scheduled for it to be delivered on my husband's birthday, was given a tracking number with detailed updates (or so I thought) and despite being given a delivery window and seeing ""out for delivery,"" the television was never delivered. When I called Costco, they stated that the delivery office (CEVA) had closed and they had no way of communicating with the driver. I spoke to a supervisor by the name of Robert J who promised to follow up, but never did. I finally got a hold of a CEVA representative the following day... they informed me that they can only deliver the following Tuesday(which was 7 days AFTER their initial scheduled NO-SHOW! I was then given a delivery window for the following day and guess who NEVER showed up! Never again Costco; I don't care whether it was you or CEVA (which you claim has nothing to do with you, but is a 3rd party agent; that you contract with ;)"
Costco,2018-12-06,1,"Costco seems to be going down in quality and customer service, especially their tire centers, and, I realize now, their website. I canceled an order 3 weeks ago, and have unsuccessful to get anyone on the phone who gives a crap about me not receiving my refund yet. They all just keep giving me the run-around. I may even cancel my Costco membership over this. Amazon only from here on out."
Costco,2018-12-06,1,I placed an order online and Costco charged the wrong card. I called and was told the order would be cancelled and to place a new order with the correct card. They then emailed me and said the order could not be cancelled so I would get double or everything I ordered and would have to take it all to a store to return. I also got spammed with 15 emails from this order alone. They are way behind other online retailers
Costco,2018-12-05,1,"I placed an order on costco.com and received an order confirmation minutes later. I noticed that the order had my old address so I immediately called the customer service number and told them about the problem. They said they would take care of it since the order didn't ship and wouldn't ship until the next day. Unbelievably, they didn't relay the error to their shipping customer service until 2 days later -- after the order had shipped, then, nearly a week after I placed the order I get an email saying nothing that they can do about it. I call up the customer service number and after the woman who says she is a supervisor tells me that all they can do is cancel the order and have me rebook the order. I said that this is ridiculous because now I do not have the gift that I ordered. She says, that's what her supervisor said, so I asked to speak with him. She says ok, then I'm placed on hold for 30 minutes. I finally called on another line and the customer service person says that she reached out to the prior agent and that no supervisor had been contacted. Unbelievable. This is not an on-line system, its a throwback to the stone-age. Gene Yamamoto"
Costco,2018-12-03,5,"I killed my battery at Gulf Coast Town Center in Fort Myers. I was on the opposite side of the mall from Costco. I thought maybe I could buy a jumper there to start my battery. The greeter directed me to the Tire & Auto parts. There an associate grabbed a jump starter, walked across the mall with me and jumped my car. He refused a tip, and stated that's his job. Best Customer Service, as always! I am and will remain a loyal customer!"
Costco,2018-12-01,1,"My wife currently holds an executive card (black one), she happened to go to seattle for the weekend and left me the card hoping i could use it to buy some groceries which my parents need for the weekend, i went to costco in union gap but when i was about to pay for the items i want to check out the cashier noticed the card is on my wife's name, he asked for my license for them to check if i'd pan out as a member to see any connection with the current card, i obliged because i know if they check their database i would be in it because the card used to be in my name, only that when we renewed this year i asked that it be named after my wife, with the inherent understanding i could use the card in her absence, my name indeed appeared on the previous card ownership but still i was denied to use it, i felt humiliated... so with that my wife and i decided not to renew our membership next year, anyways, WinCo is just across the street and all we needed are in that department store so why go to costco where they charge an annual membership fee and has a more expensive price scale... actually the overall rating wouldn't even go for a star,,, it's actually naught on my standard... ciao costco that's the last time i would ever step into your store..."
Costco,2018-11-30,1,"I bought a 75 inch TV from Costco thinking it would be more convenient to have them deliver to my home than buy it at the store and have to move it myself. Big mistake! They were going to deliver to an incorrect address, when I call them to rectify the error the lady on the phone stated they couldn't change the address so I asked her to cancel the order and placed a new one, she ended changing the address after she told me it was not possible and I asked her to change so they changed me for two TVs after I placed a second order to replace the one she was supposed to cancel. It took me 3 hours on the phone and half a dozen phone calls to have them stop one of the order so they can refund my money to the CC I used to purchase. To top it off CEVA logistics is a horrible company that does not answer any phone calls, I have called them multiple times and have spent hours just waiting to talk to someone without an answer."
Costco,2018-11-30,5,"The Wilsonville, Oregon Costco Optometry department and doctors are great in my opinion. My family has received fabulous service. They can get busy so sometimes you have to be patient and wait your turn, but the service I receive is always professional, helpful and courteous. The prices are very fair and the turn around time on glasses and contacts is short and timely with a courtesy call when ready for pick up. So much better than our old clinic and lens store/ dispensary"
Costco,2018-11-22,3,"https://www.trustpilot.com/review/instacart.com I have attached a link to several reviews on instacart. But from personal experience they are horrible and I have no idea why Costco has decided to associate themselves with them. My daughter just had surgery so I decided to try them out instead of dragging my poor baby around knowing how she felt. They upcharge everything! They replaced several of my items to higher priced items. They just did not want to get several items. They spilled soup all over the other food, I made a complaint online and asked for a refund, never received one. When I called to check status of refund they said it was past 7 days so I couldn't have a refund (on the 7th day!) Not to mention I was only following up on my refund. I only post this here in hopes that Costco kicks them to the curb!"
Costco,2018-11-17,1,"I just spent almost an hour on the phone with Costco Online again. My current password would not work again... this has happened several times in the past. I am so tired of having to change my password and not being able to use previous ones every time I place an order online. Also, the system will not let me delete my dead mother's address or change to my current email address or delete what they're calling a duplicate address in the address section. I cannot make changes at all and customer service was of no use. It is the most unfriendly user website I have ever used and I dread having to use it ever again. Also, they could not find my account... I had no problem this morning getting gas at the Costco store or shopping there two days ago. Costco online will be my last resort in the future even if it costs more."
Costco,2018-11-14,1,"We purchased a Whirlpool refrigerator and the manufacturer warranty was for 2 years, and the ice maker broke on the 27th month, 3 months after warranty. I contacted Costco and there is nothing they can do about it. We have never purchased any appliances that would broke down within 5 years, and it makes my family lost confidence in buying large items from them. My family and friends will not buy any more appliances or furniture from Costco ever again. Very disappointed!"
Costco,2018-11-12,5,"I ordered a 6 foot long folding table to add to our 6 foot long dining room table to accomodate the 15 people I invited for thanksgiving. The table was delivered by UPS with a small nick on one of the ends. I did not want to hassle with sending it back (it weights 65 pounds) as the box was ripped and torn and i was concerned about getting a replacement by Thanksgiving. I called customer service, explained the issue and asked for a rebate. The table cost $70 plus tax, they gave me $25. Needless to say I was pleased. If I had seen this table for sale in the store, with the same nick on sale for $50 I would have snapped it up. Yep, good customer service, saved me hassle and stress, saved them postage"
Costco,2018-11-10,5,"Great service they have. Easy, great variety to chose from and not bad customer service. I'm satisfied overall."
Costco,2018-11-04,5,"Directions with pictures made it really simple to put the gutters up, would highly recommend them to family and friends"
Costco,2018-11-02,3,"It's alright to get some random stuff when you don't really care much about the quality, but I think its only good for groceries and food, everything else has been somewhat disappointing."
Costco,2018-10-27,2,"I purchased online at Costco on September 13, the item was in stock with delivery time of 1-2 weeks per the website. So I sold my current unit to match the delivery timeline. After 3 weeks have past I called Costco for an ETA, the rep told me that I was backordered. I said there was no backorder mentioned when I purchased and I didn't even get a call or email notification from Costco. The rep said a handful of people didn't get a notification. So I don't have a washer and dryer now, have to drive to a friend's house to use their W&D. Also, the warranty that I bought has already started it's time on me and me without a Washer and Dryer. After delaying again my next estimated date is October 29. I have been with Sam's club for over 20 years and my first year with Costco, they drop the ball on me Big time!"
Costco,2018-10-26,1,"I worked at Costco La Habra for 7 months and it then was the worst place I have ever worked at. The scheduling is so messed up, at least in food court. They always mess up on my days needed off for school. They would schedule me off, then I get a call at 3 telling me I'm late for my shift. Even though I was scheduled off I still got written up for not showing up. Management is terrible. There is zero trust in employees and little mistakes turns into meetings and recorded written reports of detail. Pay is 13 a hour but how much they work you is insane. I was working 45 hours a week, not bad, yet I would work on things not on my beginning work contract. If I worked hard to get out of work at 10:30 instead of scheduled time 11, even though I did everything correctly, I would be FORCED to work inside the warehouse doing tasks that they couldn't finish. You might be saying, well it's more hours=more money. Yes your right but read it again. I was FORCED to work even though I finished my daily tasks. If I denied I would be written up or scheduled less next weeks. Most food places employees can get a drink without paying while working. At Costco it's a huge no. You cannot get anything for free or even at a discount charge. You pay full price even for drinks. There are MANY hidden cameras inside food court. Even though they say there for security reasons and they only check if there is a issue, managers have told me in secrecy, that they use them to see if we're doing our jobs correctly. AKA spying on employees. Once, a fellow employee was sick throwing up. He left to used to the restroom which was inside. I was by myself with a manager and on the phone he said, ""check the camera and find ******. He was gone for less then 5 minutes. Once my manager knew I heard, she quickly laughed and joked around. Most co workers are terrible to one another. There are many rumors of employees having sex with managers to get more hours or faster raises or just every day perks. I know at least 2 people who have sex and messages of them having sexual relations with a manger. This is a big no no in any work environment. A close friend showed me messages and photos of her and the male manager doing sexual things. Him asking for sexual favors and in exchange she would get a 3 dollar raise and more work hours. This is a huge deal and sadly it's the truth. I'm not using any names to protect identities. The work place is rigged also. If a manger didn't like you or you didn't do something correctly or are just on the managers bad side, she gets what she wants. She'll schedule you less and say we won't be busy certain days. Yet every one else has 40 hours. Many issues here at this specific Costco. Would never go back or work there in my life. I consider this place the worst place to be as a employee."
Costco,2018-10-23,1,"I have been months online with all relevant departments with Costco online. I am not able to see member pricing at Costco.com because there is a problem with their ongoing updates to their site. They admit there are changes going on but cannot figure out why I'm not able to use the site. They have looked at my account and in the end said it must be a problem with my internet provider. This problem happens on all devices, all internet providers. I no longer live close to a store and have to order online. Sorry Costco, you just lost a member since 1998."
Costco,2018-10-22,4,I rate Costco overall rating of 4 star except of a Cashier whose name is Trish who was rude and arrogant. It is recommended that she should review customer service ethics.
Costco,2018-10-20,1,"Filed a complaint with Costco as I found big paper clip in Spinach box. No action taken from them, no proper response from Managers when I followed up. Very disappointed after seeing that they are not focusing in Product quality."
Costco,2018-10-19,4,"Decent store, good prices and satisfactory quality. Customer services do their job efficiently. I have no complains."
Costco,2018-10-19,5,I purchased a Blendtec total Blender with Wild Side +Jar twister. Loved it and used almost daily. BEST out there. Today it overheated and started smoking! I look it up and noticed it had a 8 year warranty. I dread the call fearing the worst. I found all the information on order history and used the concierge service option via their 800 number and was so surprise the ease of it all. Jaime (Concierge) took basic info and passed me to Costco.com dept and just like that I was able to get a brand new one! BEST$400.00 investment ever. I definitely will purchased other appliances in the near future. LOVED and HIghly recommend Costco.com
Costco,2018-10-13,1,"We had a flat, Costco tire repairman claims to fix 10 flats a day but claims our nail is in the sidewalk and thus the tire cannot be repaired. This is a lie, I have pictures showing that the nail could not be more centered in the tire."
Costco,2018-10-10,1,"This is how Costco bullies its members (see photo attached) of letter I received. Another customer complained that I went to the cashier at the food court after the cashier waved me to step up several times. I explained my side of the story, and this is what I got."
Costco,2018-10-05,1,My very recent ordered item was confirmed and then cancelled by Costco with out reason. This happened to me 2nd time already
Costco,2018-09-27,1,On 09/01/18 I purchased regular gas at the Myrtle Beach location. I don't drive my car everyday so a full tank of gas will last me a week and a half maybe 2 weeks. Saturday 09/08/18 I was driving down to the Myrtle Beach mall when my car started smoking really bad. I had to pull over and called for a tow to my mechanic. They had my car Saturday afternoon till Tuesday. Monday they couldn't figure out the problem with my car. Tuesday they decided to test my gas. Kerosene was in my tank. Now I have my receipt for the gas I purchased and Costco has cameras at the gas station. I filed a complaint with Costco to take care of the bill but the refused stating that no other complaints were filed with them so it couldn't have been their location. Now how am I suppose to know if other complaints were filed? They don't make that information available to the public. Plus don't try to leave a negative review on their site. I received a email from them stating that they would not be posting my comments. I am out money for my tow and 2 days worth of work my mechanic did. I will be cancelling my membership with them.
Costco,2018-09-25,5,Why bother wait in a long line to get their good food..the samples in this store are endlesss you can make a whole meal for free jist by the endless amount of samples
Costco,2018-09-23,1,"Bought a refrigerator everything went smooth. Notified it would be delivered in one week. Then get email that it would be delayed one week. Finally get a message from delivery service to contact them. They informed me it would be an additional week and a half. I called, on hold 52 minutes. Finally a very nice CSR who tried to call the delivery service but they were closed. Went to online chat and got complete run around. Price was same as Home Depot but thought I'd give Costco a chance. No more. They do not provide quality customer service."
Costco,2018-09-18,1,"Ordered a GE Fridge Aug 28th and scheduled delivery for Sept 10th between 2-6pm. After waiting until 6 no one showed up or called. Called the number for delivery support and was told that they only schedule the delivery they dont actually deliver the item. After calling costco the next day, I was told that the delivery guys ran out of time and couldn't deliver it the night before. Rescheduled for Sept 12th and the exact same thing happened again. Called costco the next day and they said they weren't responsible for delivery since it was coming from GE. And offered to reschedule delivery for the Sept. 19th. At this point I had no faith in whoever was going to do the delivery and decided to cancel the order and buy from someone else who would actually take responsibility for something they sell. 4 days later got another call from same ""scheduling company"" telling me the fridge was going to be delivered on the next day. This had to be the worst example of service I have ever seen. Costco blamed GE for using a bad delivery company and said that there was nothing they could do. GE just didn't care when I called them. So if you dont care about wasting your time or if you are not in a hurry to get a product go ahead and roll the dice. Just know when you get a bad roll there is no help coming so just cancel the order and go through someone else."
Costco,2018-09-09,1,I went to Costco at 1120 Washington D. C. 2441 Market St. NE and the customer service there was horrible. The employees would not answer my questions. They would ignore me and answer with responses that had nothing to do with my question.
Costco,2018-09-08,5,"I want to officially thank Patrick and his manager Mike for the seriousness, professionalism and courtesy they have shown. Companies are composed of people and you with your contribution make your own excellent! Thank you"
Costco,2018-08-28,1,"Costco sells this product knowing that Lorex has a D rating from the Better Business Bureau. They do nothing for the Costco member who has to deal with this corrupt company they, but there is a money back guarantee ""Costco and Lorex get your money and you don't get it back"". Camera stopped working under warranty and Lorex will not replace and Costco is no help."
Costco,2018-08-27,5,"I joined Costco for home purchasing services, which didn't worked for me so tried to return the membership within a month. Customer service told me to use it for one more month and if not working then I can return. So I kept and used it. Now I spend 86% of my monthly expenditure at Costco. Not only their quality is superb, their return service is legendary. Bought stuff online, which was a backordered item. They were super informative at every step and made me happy by giving me an option to buy something available for the same price. Now I know why there is backorded item all the time at Costco. Bought a Microsoft surface pro4 for almost 20% less online with extra bells and whistles. Almost out of stock item delivered in 5 days, can't beat that. I am very happy customer"
Costco,2018-08-26,4,The traffic is horrible there needs to be other options for entrance how could emergency vehicles enter Costco with that cluttered roundabout Also the food is cold and taste was stale like it was reheated sad as the old Costco was perfect in food management this is a Ramsey dream: cold stale food. The kioske needs work as well as the counter people who are not up to speed the kioske needs a visible display like Starbucks
Costco,2018-08-22,1,"As someone on a restrictive diet, they literally never have anything I can actually eat in stock. Useless to pay for something when you can use it 0% of the time."
Costco,2018-08-22,3,The white women in front of me. Had a very large amount of items and the checker. Looked very quickly over the items and let her go. I'm next and 7 items and the checker was moving things around made sure i wasn't stealing in my mind. The men behind me had 2 carts full. She looked very quickly and let him go. I feel like I made a mistake joining Costco now. This was my first time visiting and maybe my last. Every other employee was very nice.
Costco,2018-08-21,1,Ordered bed frame. Started in May. First one had oil stains on fabric. Second one received again oil stains on fabric. Third one dropped at Amazon not our house. After two weeks received it again oil stains. Try to call Costco wait on hold forever. Call back option doesn't work when they call back. No one in line. Trying to get shipping label for return. They don't sent enough label. Done with Costco online shopping. Never again.!
Costco,2018-08-21,5,"The people are #super #terrific. They are always so helpful and kind. The techs are always letting me know the best product for my health, and that is so special to me. These are the best kind of people. It's too bad we can't get this kind of service from everyone."
Costco,2018-08-16,1,"Bought two garage doors from The Door Company through Costco Co. Oshawa Ontario. After one season one of my doors is rusting from inside and seeping through the folds in the door. Called Jerry Ross about the door, he came and took pictures and said would get back to me. He got back said they couldn't do anything for me. Can't believe they don't stand behind their product. Trusted them through Costco and my four neighbors had doors done to. Single woman. Betty Fraser"
Costco,2018-08-15,1,The 1st set of appliances for my kitchen that I was going to order from Costco I added to my cart online and within 2 days it was no longer available even though their website said it would be available for over a month. So I ordered another set of appliances that were supposed to be delivered within 2 weeks of the order. I look online and their website says I already received them. Then I called Costco and they told me that the order was canceled. Then they figured out that their system was indicating the wrong information. They told me that my appliances were back ordered an additional 3 weeks. This puts me out of my new house for another 3 weeks. They were not willing to do anything for me. They barely even said that they were sorry. Where is the customer service? Don't order from Costco. They are terrible.
Costco,2018-08-15,1,"AS A VISIBLE MINORITY, BE VERY CAREFUL BEFORE YOU PURCHASE ELECTRONICS. THEY WILL REFUSE TO REFUND THE ITEM, AND LOUIS (manager of laval store) WILL MAKE YOU FEEL AS IF YOU STOLE IT, EVEN WITH THE BILL."
Costco,2018-08-14,1,"After being a BJ's member for over 18 years, I decided to switch to COSTCO in 2015 reason being BJ's level of customer service has been in the declined for the past 5 years. BJ's Membership is much cheaper than COStCo, so I ended switching and paying more at COSTCO. I have to say COSTCO produce and overall shopping experience has been a knockout since my very first day. This past Sunday at the Miami Lakes, Florida store I had a very nasty experience by the front end manager Conrad. I needed help loading and transferring a dining set to the front end cashiers. I asked Mr. Conrad for help as he was standing in the front by the cashiers. His response? You need to get a CART and load it YOURSELF. I was stunt by his response, I explained it was bulky and heavy and again he referred me to self service That is the way everyone does can't help you. I ended getting help from Luis and Robert, the dining set was taken to the rear of the store I paid for it and picked up at the rear of the store. Mr. Conrad needs remedial training on Customer Service, I called COSTCo Headquarters this morning and explained the experience. The person taking the call appeared to be nonchalant and did not offered any reasonable resolution other than to write a complaint to the store manager which I respectfully declined. This is a prime example as why stores like Woolworth, Eckerd Drugs, ZAYRe, K mart, J Byron's all disappeared POOR CUsTOMER SERVICe. My membership # is ************** this took place 8-12-2018. I will be going back to BJ's tomorrow. D. Cisnero Hialeah, Fla."
Costco,2018-08-12,1,"Dirty over priced store. More expensive membership than Sam's Club, and no military discount. I'd just go with Sams."
Costco,2018-08-12,1,"At Morganville tire staff James who broke my wheel studs intentionally because he supposed to apply lubricant before he unscrew the wheels, instead he broke it. It cost me hundreds of dollars. When I asked him why not applied lubricant before unscrewed the studs. He denial he did wrong, but I observed the other staffs who applied lubricant before unscrewed the wheel studs when they found difficult to unscrew the studs. I was there to see the manager, he would let me then he found a assistant manager and he was trying to cover up. I will not given up to complaint him because he was wrong."
Costco,2018-08-09,1,"Horrible experience. It has been over 4 months and they still have not finished the job. They have repeatedly lied about when it would be completed. Have complained to Costco several times still no resolution. Additionally, flooring is cheap, more scratches on the partially installed flooring that the stuff already in the house 10 years old."
Costco,2018-08-08,1,"I ordered a phone, they billed me for it and took the money out of my account, after they got the money they cancelled my order and then did not refund my money! They basically gave themselves an interest free loan at my expense! Any lawyers out there? Is that even legal?"
Costco,2018-08-05,1,"Bought a Sony TV and having issues, Sony no help. Looking for Costco to step up and make exception and allow me to simply exchange since same TV still available online. No go,,, Costco refuses. I have spent 10s of thousands in online orders at Costco in the last few years, and that does NOT include my warehouse grocery shopping! I have never asked for anything and the one time I ask Costco to step up and help me as a solid customer, they fail big time. I am done. I will continue to buy some grocery items as required, but never ever buying any big ticket items from Costco online again. I will go to Best Buy or other retailers."
Costco,2018-08-03,1,Tried calling them regarding them not unsubscribing from emails and they just act stupid! Can't believe they don't care about the consumer! Shame on you Costco for not paying attention to the people who make you rich!
Costco,2018-08-01,1,"I ordered a Maytag refrigerator approx$1600 on July 24. My order stated 1-2 weeks till delivery, and as soon as the order was received I would get a conformation email. In that email they said I would be receiving a tracking email in a few days, and do not respond to this email'. I watched my email and spam for 8 days. Finally spoke to a very sweet helpful person named Helena. Long process with many holds and her talking to supervisors the answere is It MIGHT be here around Aug 31. That's 5 WEEKS! Who takes 5 weeks anymore to deliver something that isn't custom made. A family of 6 using a small fridge and coolers! 2 weeks was pushing it. There has been NO ATTEMPT at communication. The price difference isn't good enough for all this headache! SIGH..."
Costco,2018-07-31,2,"I bought the laptop online. I wait for a week, I see they upload the tracking number, but the tracking number not update at all in another week. After waiting 2 week tracking number not moving at all, I try to call Costco customer service: waiting on line 30 minutes, still no want available. Chat online waiting over 20 mins. Every bad customer services"
Costco,2018-07-29,1,"So I don't usually write reviews unless I'm extremely satisfied or dissatisfied. I went to the famous Costco in Altamonte Spring (436 & 434) today and of course I was under my younger brother's membership and we haven't been using it much since I have a BJ's and Sam's Club membership as well. Apparently our Costco membership has been inactive and I was honestly unaware. At the self-checkout when I scanned it and automatically says, ""old card"" so the manager came and took the membership card to check and told me that it was inactive and in order to check out those few items I need to sign up for another card and that was it. I said No thank you, I did not plan to sign up for a new membership today and he said I had to leave the store and there wasn't much he could do. I was in shocked and asked him if he was seriously not letting me check out those 3 items, his reply was YES, there's no way. I guess I will never sign up for a membership at Costco again. I completely understand, but that was the worse unhuman customer service in my entire life. He left a real bad taste in my mouth. I will stick to BJ's and Sam's."
Costco,2018-07-26,1,Don't buy extended warranty! We bought a TV and extended warranty and now need a repair and we have been sent parts to fix the TV but we can't get anyone to come out now to fix it. Costco keeps telling me how much they appreciate my business and then transfer me to Square Trade (warranty company) I started this process 2 weeks ago and just got off the phone with them again and i get the same bs that someone will call me in a couple of days. DO NOT BUY EXTENDED WARRANTY!
Costco,2018-07-26,4,"The instruction were very detailed and easy to follow the installation was relatively was easy installation, it was great that the driver for the self tapping screws came with the package."
Costco,2018-07-24,1,They lost my order July 5th but billed my credit card. Order cancelled but its July 23 and still no credit to my card. Customer service people talk in circles. Versus Amazo its a 3rd world operation. Stay with the local buildings not the on-line group in my opinion.
Costco,2018-07-24,5,"We purchased a Kale Pesto Pasta w/Rotisserie Chicken (#*******) at the Raleigh NC Costco on Sunday, 22 July. It turned out to be a very unusual dish, in that it contained no more tha 3 pieces of chicken, the largest strip being maybe 2 inches long. However, the pasta was so good that wed buy it again without hesitation. The question iswhy is it labeled With Rotisserie Chicken?"
Costco,2018-07-23,1,Do not buy this tv TCL Brock down after 4 month Of course I cant return it TCL send technician to my house they couldnt fix the TV and I am Waiting for replacement three weeks and now they told me that I have to wait till the end of the month so almost 5 weeks really bad customer service I will never buy TV in Costco any more
Costco,2018-07-23,1,"I placed a 2 day shipping order with Costco. Only a few of the items arrived within 2 days. I did not receive the bulk of the order. Costco did not communicate any delays. I disputed the charge on my credit card. The remainder of the order arrived weeks later (they had been damaged or lost). I reversed the dispute on my credit card. I received an email from a Costco employee asking me to prove the dispute had been reversed. I provided a screen shot of the dispute reversal from my account statement. A couple of weeks later, I received another email asking for a copy of my credit card statement with account number threatening to block the membership if I didnt respond. I declined. Costco blocked my membership treating a 13 year member like a delinquent. Unacceptable customer treatment. Will be sending my business elsewhere."
Costco,2018-07-22,1,"I purchased about 5-6 items and the total was 150$ and then and another thing is that I went to go checkout, and there was a problem I then had to wait about less then a minute. The cashier glared at me after I told her what the ""wait"" was. The other person who packages the grocerys was also talking behind my back when he spoke in a language he thought I did not know and said to the cashier "" I think they don't have a card..."" and said some other stuff that I didn't want to waste my time in, I could not believe that he actually said that! I then went to my car to unload my groceries and then realized that mu bread was all squished up because he decided to be rude and put my fairly heavy loaf and clothes on top of my bread and then my groceries were packed unorganizinlgy! I would give it no stars but that's not an option here on this website. Do not waste your money or your time here cause the people are mean and the prices here are CRAZY!"
Costco,2018-07-21,1,I did have Costco for 2 years only after that I cancel my membership. I realize the price is not so cheap even it's more expensive than other store. The place not organized I got tired walking the whole store to find the product I needed. If you need help no one around. I want to the store last time when i have membership i had to stand one hour in line to check out that to long. And why i should have a membership do my grocery shopping really Costco is not worth it anymore.
Costco,2018-07-19,2,"Honeydew I bought from Costco was so bad that even after 8 days of attempting to ripe it in garage, it had no sweetness. I often buy Hoody's shelled peanuts and they are bad 50 % of the time. They were over roasted. Peanuts are great when they are still white or slightly brown when roasted. I never took any produce back because of time and gas spend was not worth the cost of produce or peanuts. I have often bought produce or food which has been poor quality 50 % of the time. That does not mean Costco should not monitor quality of their produce and products."
Costco,2018-07-18,2,"Two incidents. One Costco.com shipped to an old address from ten years ago on a long closed account. Operator said I'd be credited and could re order. No credit ever happened. I drove to the old address and found the residents had received and just held onto it! Next problem with a price, I know now that phone help is useless, so I tried chat. No response. Tried again. No response. Bottom line. Costco is just too much trouble to do business with. My last membership, I went to the store one time in the whole year, as I rarely have an extra hour to stand in line. Store takes too long. Online can't ship and has no usable CSR."
Costco,2018-07-17,1,"My experiences with Costco online have been a nightmare. First order sent to the wrong address in some other city. Second order wasn't delivered because they sent it to someone else's name at my address. Third order took a month to be delivered because they sent it to ""Bill to"" address, not ""Ship to"" address. Then, made an unauthorized charge to my Visa and said they do not issue credit card refunds for online charges. I would need to dispute it with my bank. How is this possible? Actual Costco Warehouse shopping is just the opposite: easy, quality, friendly, fairly priced. But, their online function is a nightmare."
Costco,2018-07-16,1,"I cancel my membership since about 1 year ago. Today I just renewed because my son want to buy something he need and he think was a good price. After paying 60 dollar for the membership and walk the store both of my son want to buy some item. The younger one is in the membership with me and the older one dont. The younger one paid for his item and went my older son was going to paid and my younger son provide the card the rud land unprofessional lady working the register decline him from buying because he was not a member. For this and many reason I dont buy at Costco and cannot believe that a Lot of people still supporting this nasty and rud bussiness. Costco you got my 60 dollar and I now I will not get it back, plus I will not buy nothing from their. But my personal negative campaign for Costco will continue... you gain 60 dollar but lost 4 customer, family and friends"
Costco,2018-07-16,1,"I placed a order for a set of tires (staggered factory size) on 7/3. I was informed on 7/5 they were delivered to my local costco. I made an appointment to have them installed on 7/12, only to find out half the tires were shipped. I was told that because the 4 tires were in 2 sizes (yes, they are staggered size), costco only shipped 2 tires. I have been contacting and waiting for an update since 7/12. Today is 7/16, i am still sitting here with bad tires on my car that i can't drive. When i went to cancel my order, i was told Costco never charged me. I clearly have a charge my credit card statement dated 7/3, and i was told by the Chat tech ""I"" need to contact my own bank to resolve this issue, because its not costco's problem. I waited for 2 weeks, and its my problem now. Just wow. Needless to say, i am extremely disappointed in Costco online/tire service and will take my business elsewhere."
Costco,2018-07-17,5,I am once again impressed with Costco and its employees. I just got off the phone with Jamelle in the Vacaville store who bent over backwards to make sure I would be credited for an error that a 'road show' supplier made yesterday. It was not Costco's fault; it was totally the person selling bamboo sheets and robes. Jamelle worked on my problem - probably for 10 minutes - resolving the problem completely. Congratulations Costco! Congratulations Jamelle! And thank you.
Costco,2018-07-16,3,"We bought a new refridgerator and delivery was scheduled on a Saturday. We contacted Costco to see when delivery would be there and they said sometime between 2:00 and 6:00, so anotherwards we were waiting practically all day for delivery. The delivery guys finally showed up about 4:15. We prepared to make their delivery easy by clearing out the old fridge and moved all our furniture in the hall, livingroom and kitchen. Once they unloaded it was discovered that the box had already been opened and there was no styrofoam packing around the fridge. The fridge was damaged in four different spots and the box had another customers name on it. Why was the product not checked before loading especially if box had been opened already and another customers name on it? If this had been discovered why didnt they call and tell us it was damaged and they would have to reorder instead of making us wait all day for delivery? Now we have to wait another week (maybe, who knows?) Ive been very happy with Costco in the past, but this really pisses me off. Weve always bought groceries and clothing products from Costco, this is the first big item we have purchased and probably the last. Well see if they come through next weekend, if not Ill get my money back and go elsewhere."
Costco,2018-07-16,3,"I, a 17-year-old, was getting a sample and the worker asked where my parents were so then I pointed to my mother who was on the other end of that section. She then told me to put the food down in a very condescending tone because my mom wasn't with me. I told her I was 17 and she gestured for me to take it secretly. I agree that I don't look that old, but I think I look old enough to know what I can/cannot eat. I hope you knock some sense into your workers, or even better- fire the ones that are dumb as $#*!. But other than that, I absolutely love everything else about this fine establishment."
Costco,2018-07-14,1,I returned items that is not good per Costco return policy and got banned from buying items online. Double edge saw! If Costco continue to block customers from buying because of their return policy they will lose customer and business and bottom line Costco will be closing soon! Dont punish your customers that follow your return policy but change your return policy!
Costco,2018-07-13,3,"In the past, we have been pleased with the quality and price of foods we have purchased at Costco -- both in their Naperville, IL and Columbus, OH stores. However, we recently purchased a two-bag of Kirkland brand shredded sharp Cheddar cheese (2.5 lb/bag) (marked best by 08/12/18) that had green mold growing deep inside the bag. We did not see this mold when we purchased the bags, and the bags were both kept sealed and in a refrigerator from the time of purchase, so we did not introduce the mold into the cheese. It had to have been contaminated bags at the time of purchase. Be forewarned about this problem. We are very disappointed in this product from Costco."
Costco,2018-07-11,4,"Found out today Costco stopped selling their Polish dog. (Tasted much better than their bland hot dog.) They also stopped selling the chocolate and vanilla swirl. These are 2 of the 3 items I regularly purchase. (Combo pizza is the third.) What they replaced the irems is not appealing to me. I don't believe that they want to offer ""healthier"" options. I am sure it is all about money. Probably losing too much money on the items they discontinued."
Costco,2018-07-10,2,"So my family struggles right now and just fair warning if your on ebt the cashier will let everyone know. And as far as them taking all the classics away from the deli like the polish hot dog, chocolate ice cream and berry sundae. Sams club here I come."
Costco,2018-07-10,2,Every time I go to Costco I get a very berry sundae but l went today they were no longer advertised on the wall. Can you please bring back the very berry sundae.
Costco,2018-07-09,4,I've purchased 6 of these chairs and love their comfort and convenience. BUT... the seat on ever chair has ripped in 2 or 3 years... please strengthen the SEAT! I only weigh 140lb... John
Costco,2018-07-09,5,"I have been a loyal Costco member for nearly 20 years. They offer good sales in bulk so I go to their local store about once a month to stock up household goods like paper towels, detergents, cleaning supplies, etc. The return line is usually long (depending on what time you go), but its always easy to return your item once you reach the counter. Their gas price is probably the cheapest compare to others. I have not tried Costco travel services, but I hope to use it soon. They seem to have good deal there. I have not had good luck on using their car rental discounts though. Even with the discounts, I still pay more than if I were to book the rental through AAA. But overall, Im happy with Costco and their services."
Costco,2018-07-09,5,I was shopping with my 2 girls the time to load my stuff in my car. The very nice guy come and start helping me and that a second time happen to me. I see a best customer service on this Costco. While this guy helping me a manager come out and checking on there employee if he is okay because it was very hot day. Thank you! You guys make a difference.
Costco,2018-07-05,1,"Bought a refrigerator on June 4th. No problem, smooth and easy purchase... 2 weeks later Innovel Logistics rang my doorbell and said ""We noticed heavy damage to the box containing your fridge, so we took it out if the box and yes, it is damaged i the front pretty bad. You need to refuse delivery and irfwr another one"". This was on my porch, not at their warehouse by the way. Why even bother coming... so on Tuesday 2 weeks later, Innovel Logistics delivers no 2 reacemenr fridge, and guess what, you guessed it, damaged AGAIN. Ok my porch... AGAIN... Hello Cotco, when can I get my third refrigerator, they say ""another 2 or 3 weeks "" I said hello Lowe's, can I get the exact same model? They said ""yess sir, see you in 3 days"" Done, do not trust Innovel Logistics to delivery anything, unless it's a mattress. By the way, I am dreaming of an ice cold beer out of a new refrigerator, and not out of a cooler, lime I have been doing for the last 4 weeks..."
Costco,2018-07-01,1,I went into Costco today tonlook at a couch for 899.00 they had no set up one and I just wanted to fill it to see the f it was soft or firm we prefer firm I ask a gal walking by she said she had no radio a worker that was sitting in the recliner next to the couch in the box told her to go back to the register I look at her and said just wanted to know if this couch is firm or soft she aid usually there is a display there was none I asked her if she worked there she said yes she was on lunch - Hello worker on Lunch sitting in a display chair where Costcober cant try because she is on lunch sitting in the recliner reading a magazine ok! If the couch was firm we would of bought it but they said come back when the display is out we will have it set up after July 4th why would I do that when we are looking now Poor customer service and lady take your break in the lunch room not in a display we want to try to see what f we like the fill Thanks Costco of West Vancouver wa A lost of 899.99 for you today thats alll we went there for
Costco,2018-06-28,1,"I bought a Surface Pro 4 from Costco because it has an extended services to two years. The problem was the Surface Pro would not turn on. It has been about a month and Costco has not successfully fixed it. Then I was told they should send me a replacement (Microsoft Certified) and a packing for me to send the defective Surface Pro back. The day the replacement supposed to arrive, I received an empty box. I called and the guy said that's for the packing and another box of containing the replacement should arrive on the same day. Nothing came. The next day some one else said I had to send the defective in first before they can send me a replacement. This in itself is a very poor management and services from Costco. When asked how long it would take, Costco said there's no time limit for them to inspect the defective unit to make sure I am qualified for replacement. Apparently, Costco does not care about how this impact the customer. No apology from the person on the call. This is not the kind of service I expect from Costco. This is not driving customers to Costco. This is not making my buying stuff from Costco again."
Costco,2018-06-27,1,"I went to Costco yesterday to become a member and was treated abominably! I was shocked. First of all the customer service woman eavesdropped on our conversation and made us show two forms of ID because she heard us talking about addresses. When we produced the ID's she was mad because she wanted to turn us down. She proceeded to try to sell us a membership that was double the price, we told her we didn't want that one and she said that we have to listen to her 20 minute speech about it anyway or we couldn't join. We said forget it and she said ""okay bye"" and we left. I wonder how many other people didn't join because of her. I still want to be a member but don't want to put up with abuse. This is the Costco in Wharton NJ she is an older woman with blonde hair. I wish I had gotten her name. Any way if you want to join Costco in Wharton, wait for another rep - don't be run off by this woman."
Costco,2018-06-24,1,The employees here are not kind! They are incompetent! They cannot even get the right size of cigarettes!
Costco,2018-06-20,1,"This store used to be one dedicated to customer support and kindness. As long as you are there to get your goods and pay your money, it's fine. If you have any needs, it quickly becomes not so. Their managers (old enough to still require braces) have no experience in working with people, nor do they care about anything but the bottom line their told to. Save your cash and go to Sam's Club."
Costco,2018-06-20,1,"I wrote a review for Costco to tell the truth about their customer service and they refused to publish it here is what I got in an email from them Your opinion is very important to us and the Costco Wholesale community. We appreciate you taking the time to write a review on Urban Star Men's Relaxed Fit Jean. Unfortunately, your review did not meet our guidelines for posting on our site. While your review has not been published, please know we take into consideration any issues and suggestions that you may have Thats what they do to keep their reviews so perfect amazing"
Costco,2018-06-19,1,Costco will literally treat u like a criminal if you lose your reciept. We were forced to go back from the door to a Supervisor and then told where to stand and where not to stand by other employees. It was a terrible experience and kinda ruined the mood of our Fathers Day. Will not be renewing membership!
Costco,2018-06-19,1,"Opened an account today and even informed the lady that Im adding my sister in law which she said all she need to do is provide her phone number to pick up her card since I have already added her. She came to the store an hour and was Informed that we have to be in the same household to do that. None of our families and friends that I know all live in the same household that are members. Due to bad information and customer service I received today, I cancelled my membership and renewed my Sams membership. I informed Costco staff that whatever policies they have is nonsense as now Ive saved $60, but my sister and Uncle whobwill just take me if I want to buy anything there as well as my sister-in-law. If I can rate the service I received today, I would have rated this guys -5."
Costco,2018-06-18,1,"Recently bought the 2.5 lb sliced Tillamook medium cheddar. We used to buy it regularly. The new package contains the slices not separated by pieces of wax paper but each slice encased in plastic. Not only looked like American cheese which I hate but TASTES like it and cheap generic at that. No cheddar flavor whatsoever! Tillamook cheese used to be amongst the best, adding another brand to my list of intolerable ones to NEVER waste $ on again."
Costco,2018-06-17,5,"Mike was exceptional he has very good customer service and very patient with Every customer. You dont see that often, I was Impress... im very satisfied with Mike, He took care of his customer!"
Costco,2018-06-10,1,"Today I reviewed a product that I purchased online from Costco. It was thoughtful and very useful and carefully described the problems I had putting the item together. It also gave the product only two stars. A couple of hours later, I got an e-mail stating that Costco does not allow reviews that ""direct business away"" [their wording] from Costco. Which logically would mean ANY review that wasn't glowing and positive. To me, that's admitting they don't post negative reviews. Nice to know. Thank you for the information, Costco. I will now no longer bother to read any of the reviews on your products, because they are admittedly geared toward positivity and do not reflect any negative features."
Costco,2018-06-10,2,"I like the relaxed atmosphere, spacious aisles, attractive display of products, variety of food tasting stations. I've been shopping at the Appleton, WI location now, monthly for going on 2 years. They were selling overstock of muffins and other bakery in good appearing condition due to outdate by the next day or 2 at a good price. I was there on a Thursday, usually I shop there on the weekend, when I haven't seen this offer before. This time they were selling the same lot of bananas for the same price as I saw and bought only 5 days earlier, but they now had so many brown spots that they appeared 1/2 yellow, 1/2 covered with the brown. 5 days earlier these looked fresh-mostly yellow with a little green at the stems. They had fresh ones selling at a higher price this time. I had a bad experience on check out. I had mentioned to the register people I wanted to check out my selections in the order I wanted them to appear on my receipt-asking I could group and place them on the counter accordingly. She said that would be fine and she told her helper to allow me to do so. They proceeded to go against my wishes, unloading the cart the way they wanted to do it instead. I wanted all items other than foods first: beauty, then clothing for my grandchild, then clothing, then health, then gifts for others, then home, lastly foods. So my receipt got those categories all mixed together. Instead the receipt reads the order of what they took out of the top of my shopping cart, then bottom of basket, then 'BOB Count 4'. (I don't know what this last category means). I wanted it my way because it makes it convenient for me filling out my budget sheet at home to total prices and to identify what the abbreviations mean on the receipt. I was very offended."
Costco,2018-06-06,3,"I am disappointed i like shopping at Costco and with most things their return policies i have had no trouble with. I bought my first TV at Costco. Im afraid it will be my last as long as they use square-trade as there warranty company. They took a week to have someone come out to put the new parts we had wait to come by mail. The tech was clueless at best. He was unable to get the tv to work. So you have to wait possibly 2 days for them to research and then send you a list of possibly new or refurbished tvs to choose from(but you hurry cause there are limited availability of the recommended best available tv replacements so please select today) then they will ship it to you. First fill the order then 7-10 days to ship. What do i do with the old tv... see the frequently asked questions. My TV is under warranty by 3 years why do i have to get a refurbished tv? Mine shouldn't have broken you are guaranteeing my tv and if it doesn't work you give me a new one. Why can i not just take my old tv back to the store to be properly disposed of? Then i can pick out my new tv same day? I realize tv isn't the be all and all but we have no been with our our tv going on 2 weeks will be at least 3 by the time they ship the tv to us. We will be left with a tv that still has to be properly disposed of at a cost were i live. Best buy, the warranty dept emailed us a form, that said what we paid for the tv we took that to the store picked our tv and they schedule a time to have it shipped to us. they installed and then picked up the old tv at the same time and took it with them. Had our new tv with in 4-5 days. In closing for me in the future i will go to Best buy for my Tvs."
Costco,2018-06-05,1,I just wanted to share that today I been in pacoima costco and Jacob the cashier was really rud with us he provided the bad service never I saw he refused to do a separed receipt we just asked for that he sent us to the line again I we did it when we was ready he just close the register and left us so who hired this employees or who give the training this is unseptable I hope you do something to provide training in hy to do the customer service because this is really bad remember you sale experiences no items
Costco,2018-06-01,1,"Took the day off, unloaded the fridge and freezer, moved heavy furniture etc. to accommodate easy access for refrigerator delivery. To my unpleasant surprise the delivery folks were unloading a refrigerator that we did not order. Apparently Costco loaded the wrong refrigerator in New Jersey for our delivery. Spent one and a half hours with Costco on the phone trying to straighten this out. No resolution other than to start over and order again. The supervisor was useless. Just repeated a prepared speech with lots of ""have a fabulous day"" and ""it is my pleasure to assist you"" thrown in for good measure. Compensation? The supervisor said they will not talk about it until after the refrigerator is delivered. The original person said possibly a $100 credit but no promises of anything. This is in no way compensation for a lost day of work etc. Now to put everything back and do this all over again when the correct refrigerator arrives (hopefully). Really disappointed with Costco! I expected better."
Costco,2018-06-01,1,"Personally, i love costco warehouses but their website leaves a bad taste in the mouth. I ordered 1800 dollar laptop and it came faulty out of the box. Ordered a return on website just to know that they wouldn't send me the ups label but would order pickup by ups which would not come for next 10 days, whereas on the ups tracking, it is consistently being put that package was not ready... meanwhile costco warehouse wouldn't take it back as it has a scheduled pickup and call to customer service results in an advice to wait only... ultimately succeeded in returning but have never faced such an issue with any of the online retailers... wouldn't dare to buy from there again."
Costco,2018-05-31,1,I'm writing because my TV broke I got the run-around for several days from the warranty company I wish Costco would come up with a better plan I spoke to several supervisors and one was very disrespectful to me and at the end of the day they did nothing about my TV yes they replaced my money but I have not seen it yet but I feel that I was treated unfairly and disgusted Costco is one of my favorite stores but the appliance company they have for warranty is disgusting this is not the first time I had a problem with them you should do investigation this company and come up with a better suggestion I plan on writing to the Better Business Bureau about this company and Costco
Costco,2018-05-25,1,I used to be a member for many years but I didn't renew my membership because I got tired walking the whole store to find the product I needed... How a nasty way to make customers buy more... it didn't work for me. Now I go to BJ's and Sams
Costco,2018-05-23,1,"Ordered a recliner, which arrived without legs or a manual. Called and was disbelieved, lied to and put off. After a month of effort on my part in trying to get the situation resolved and continuing to be patronized, I decided to return the legless chair. I don't know why I tired so hard to resolve the issue, I think that it's because I had faith that Costco would do the right thing. They did not!"
Costco,2018-05-18,1,Ordered a Dining Room set in February which took 4-6 weeks to get but the problem started when we received it damaged. Three out of the four chairs were not level and when looking close the corners on some were left unstained. The table had a dent on the top that looked like someone jabbed it with a screwdriver so I am thinking where is the quality control? Started claim on March 22nd and was not picked up and credited back until May 3rd. This is after maybe 20 calls with shipping four different shipping companies and Costco. Nobody would ever follow up on the shipping companies as they didn't offer the services we needed until we had them check with the company that delivered it. Who would have ever thought of doing that? Polite on phone but did nothing to solve the issue.
Costco,2018-05-15,1,Costco has the worst customer service I have ever experienced in my life. They constantly treat us like criminals and have on multiple occasions accused us of theft with no evidence on their part.
Costco,2018-05-13,3,I always liked Costco and still do. Never had any issues until certain circumstances have me ordering online because it is hard to get to the warehouse. After a few orders I went in the warehouse one day to find the online sale prices are higher than inside. I just have to say I was not very happy about this and will not be ordering online anymore.
Costco,2018-05-09,1,"First time shopping at Costco, I was yelled, screamed alound in public just because my membership was expired: ""it's no good, do you understand?"" and he broke the card and threw to trash can right in front of me. (Costco at Avon Ma), oh man! So embarassed, I would never ever going near by any Costco again..."
Costco,2018-05-08,5,"From gas to clothes to food to hardware to electronics... I shop here once a week. I've returned several items over the years and never had any issues. I can't complain about anything really... parking is nice and wide, staff are courteous, products are great for the most part. Employees are free to unionize."
Costco,2018-05-02,1,"Since the nearest Costco store is 45 minutes away, I decided to try ordering online. Big mistake. I ordered 3 bags. Costco plastic wrapped each bag and shipped UPS them separately (Three tracking numbers). One bag arrived more or less ok. One bag arrived 1/2 full. One bag went missing alltogether to the point that UPS declared it too damaged to deliver. No response from Costco. So out of 3 bags, 2/3 of them were severly damaged in shipping. Great puppy food. Costco packaging and shipping sucks."
Costco,2018-05-02,1,"Ordered a foosball table for my husband for his birthday, they also had a shuffleboard table that matched on sale, so I ordered that too. On April 4 Costco charged me and scheduled Ceva to deliver both items. I got a recorded phone call with a delivery date, accepted the date and had my daughter stay home to accept the delivery. Ceva delivered the shuffleboard table, the driver said the other item wasnt on the truck but he would delivery it the next day at the same time, not optimal, but stuff happens so no worries, someone will stay home the next day... but, no one showed the next day. Tere was no number to call Ceva, but they had a contact us on their website, so I sent them the issue... no response. Then I called Costco, they said that they had to check into it and they would contact me in two days(?), obviously not Amazon, but ok. Two days come and go, but no contact from anyone. I call again, this time they call the shipper while I am on the phone (why couldnt they do that the first time?). The shipper says, oh yea, its on our dock. Costco says they will deliver it immediately, but I am going out of town so I need them to call me in 5 days, they say no problem. The next day Ceva calls me en route and wants to schedule for time that I am unavailable and I tell them that we have already wasted two days waiting for this and they should accommodate me a little, she says I dont know why you waited for two days I told her that I wanted to talk to someone else and she told me that I could look it up online and hung up on me. I called back and asked to talk to a supervisor, I was transferred to voicemail, left a message, never got a call back. Called Costco, told them that I was not dealing with the shipper anymore, that they could have the item shipped to the store and I would pick it up or they could have another shipper pick it up from them and deliver it to me. They said, they had to look into it and they would call me in two days. Two days later... no call and the shipper sent the item back. I called Costco they said they would look into it, I wanted an answer that day... they sent me an email saying they reordered it but they couldnt control the shipper. I waited to see who the shipper was, when it was Ceva, I cancelled the order and told them to pick up the shuffleboard. It took 20 days to get a refund on the item that I never received and I still have not gotten a refund on the item that they picked up. Customer service says the will try to expedite it, I said dont try, do. They didnt, I called corporate and sent me back to customer service... really bad. I plan on pushing this in a regulatory realm, they shouldnt be allowed to hold our money indefinitlely."
Costco,2018-04-28,1,"The say 100% satisfaction, but the reality is something else. They will NOT honour written statements for their return policy."
Costco,2018-04-23,1,"A week ago I went to Costco Tire Center in Norfolk VA to have the tires that I had purchased from them put on my late husband's '93 garage-kept Miata. When they completed the job I noticed a huge hole in the driver's side upholstery. The manager came out and took a picture of the hole (as did I) and I filled out an incident report. 3 days later I was contacted by a ""customer service"" representative. After some discussion she informed me that they were not responsible for the ""wear and tear on a 25 year old car."" I responded that it was a 25 year old car with NO hole in the upholstery. Her response was tantamount to ""too bad."" If you use these people, take a picture of your seats before you hand your car over. NEVER AGAIN FOR ME."
Costco,2018-04-19,1,"I made the error of using the Costco online service. I didn't realize they didn't take responsibility for the things they sell on the website. I purchased an outdoor patio set made by RST Brand on March 10th. It was delivered on April 10th with a shattered top to the fire table. I purchased it specifically for my wife's memorial service we held at our home on April 14th. The shipping company blamed RST, saying most of the stuff shipped to them for delivery is broken or missing pieces. I called Costco and they told me ""its an RST item and not a Costco problem, that's how it works"". I called RST and have not had any luck getting the replacement piece for the table. Its April 18th and I am left with 6 huge boxes sitting on my patio. I didn't have comfortable seating for the older people who attended the memorial service. Worst of all during the worst and most challenging portion of my life, they have given me a part time job of trying to get the broken piece of the set to my house and assembled. Its heartless. I explained it to one Costco employee and she said ""people die, not our problem... call RST and tell them about it"". April 18th - I called the delivery company today, they have contacted both Costco and RST several times and received no response from either. I called Costco and they said it is an outside vendor and they cant and wont do anything to help me (but she did wish me ""good luck"". I called RST and the women who answered (Jessica) said her records show the item was delivered without issue and showed no notes in my account. I have spent easily 3 hours on the phone with RST from April 10th to today. Costco sells items online they don't stand behind, the companies who are third party vendors blame Costco and disappear and the delivery company is stuck being blamed for everything but are powerless to do anything. I have called everyone... I don't know what to do. I would never buy using Costco online again. They have made the most difficult part of my life and time my family should have to grieve into a part time job of trying to get a patio set I paid for in early March."
Costco,2018-04-18,1,"I used to like Costco until my last order. I ordered a Dell computer for $1900 and it was never shipped. I called them after 3 weeks had passed by and they said Dell never made the computer. I said how come you charged me $1900 and never issued me a refund, they said it was an oversite. Costco is terrible now!"
Costco,2018-04-19,3,"Rotisserie chicken at the Christiana store in De. Is not nearly as good as it once was. Seems that the flavor used to permeate the chicken, but now the meat is bland, as if it used to go through a brine process but now doesn't. Why did you change it? It WAS excellent chicken... not anymore. Go back to the old recipe or you'll lose me as a once avid Costco chicken fan."
Costco,2018-04-10,1,"The price we pay for gas as Costco is cheaper; however, for all the hoopla around customer service is non-existent. Literally Costco only have pump lines going one way, so if the gas tank is on the driver side you always have to wait in a line Even though there are pumps open! Is maddening so I turned around and the gas nazi told me I had to move my car around. Im not sure who developed the pump system or trained their employees but so not customer friendly. I was told the pumps stretch over the car and Costco will pay for any damage caused by the hose hitting the car. Wouldnt it just be easier to make it two way pumps. Needless to say Im less than impressed with Costco and will continue with sams club."
Costco,2018-04-06,4,"Love having one nearby to my work and I get gas there almost exclusively - always cheaper than anywhere else! Can't shop for everything there, but once I find out what I actually use a lot of, can save some good money by buying in bulk and Kirkland products are great quality as well. The best is the guacamole small 80-calorie packs! Vegetables and fruits are a little more expensive and go bad fairly quickly, Sprouts is better for that."
Costco,2018-04-04,1,"Costco pays a firm to write false articles that are presented as fact to our leadership to make another dollar. Look up Buzzfeed, "" This Public Relations Firm Has Been Secretly Placing Articles In Conservative Publications"" SHAME ON COSTCO executives to allow such crap so they can make another buck. I am enjoying watching amazon take this company down. ""What comes around..."
Costco,2018-04-02,1,"I gave it one star because it did not have anything worse. I bought a 75 inch tv and it has been screwed up now for over two weeks. The Ceva company that makes the delivery never received the tv, not once but twice. So if you buy a tv, never have it delivered, just send someone to the store to pick up. I now have over $4000 on my charge and not one tv or one credit for the first one that I never got"
Costco,2018-03-30,1,"This is the worst service ever, ordered the four piece appliance set, the microwave was dented, contacted online service they sent another one and attempted to deliver it to my contractors house because they did not relay the address change to the delivery service the delivery guy was real rude, told me that they had come to my house and rang the doorbell, told him I didn't have a doorbell and my daughter was there all day, he said well its yours daughters fault. I went off on him, turns out that they did go to the wrong house, contacted Costco, they arranged another delivery and these idiots are saying they came again today! Do not use innoval delivery ever again! Costco needs to fire this company!"
Costco,2018-03-28,1,"Worst possible tire shop. Rude and discourteous staff. Over inflated tire which is a safety hazard. Multiple time, since I bought the tires there, same rude people. The black guys are the worst. The little midget manager is obnoxious. Please management do something. Please."
Costco,2018-03-27,1,Awful experience... Not only are the online customer service team so rude as if you don't count for nothing. Everything is out of their hands when it comes to deliveries. Expect anything delivered to take THREE WEEKS TO A MONTH. My tv I ordered took a month and now my washer won't be here for a month... best to just go buy it else where than here. I recommend dont waist your time
Costco,2018-03-26,5,I bought a cyberpower pc and it is the best purchase i have made it runs smooth and very fast if your looking for a great pc for a good price you can rely on cyberpower
Costco,2018-03-26,5,Costco probably the best option out there. As always great prices and huge no of products and trustbale brands.
Costco,2018-03-21,2,"Costco used to be OK in the 90's when you got some good deals for buying in bulk and good quality products too. Fast forward 2018 all those corporate behemoths figured they can borrow cheap money and flip their stock, buy it back and do better than to rely on the average Joe who is just about broke. Costco now sucks all the way, save the convenience buying in bulk for a large family with a little concern for quality and service."
Costco,2018-03-19,5,Costco only have wide range of products and also cost efficient. Everytime i save some bucks when i purchase here. Thanks
Costco,2018-03-16,1,Most Family-unfriendly company. If you ever read their policies you would be shocked. Fruits and veggies are old an often expire within days of getting them home. I have been a member for over 15 years and can tell you the company is really on decline. I've already joined BJ's and they have FAR BETTER produce and selection at the same price.
Costco,2018-03-08,1,"I would not recommend going through costco for shutters, they contract you out to a company who is horribly rude, the shutters are very expensive, but made cheap, the don't even fit my windows right, and you can see screws from the outside. I have pictures to show how crappy my shutters look. I have tried to work with costco, but they keep sending me to the company they contracted to, which they said the shutters look perfect."
Costco,2018-03-05,3,"Recently let me Sam's Club membership expire from all the hype I had heard about Costco. While I the variety of items is fantastic and prices are not bad. The checkout lines are absolutely horrible, lines running half way the store. It tempts me to cancel my Costco membership and go back to Sam's Club. Recently they (Sam's Club) developed a ""Scan & Go"" app for android (maybe IPhone as well) where you scan the items barcode you want, and when you are finished you pay on your phone. Then show e-mailed receipt to individual that reviews receipts as you are leaving and you skip the horrendous checkout lines. Costco, you need something like this, sooner the better."
Costco,2018-02-27,5,Only $60.00 for an eye exam done right on premises is convenient and fast. Glasses are always perfect and on the rare occasion there is a problem they will make it right for 30 days after you receive your glasses
Costco,2018-02-26,5,"Costco, specifically Manager Ted Giesy, brought my installation damages to a close and fairly reimbursed me for damages incurred. I will buy major appliances and other large purchases from Costco going forward. Elizabeth Woodford"
Costco,2018-02-19,1,"I purchased a costco rotisserie chicken on 1/13/2018; had it Home 1hr after purchase and immediately cut some shallow bites off for my 2-yr old and poured some juices into our family dogs dinner dish. Began to slice deep into the breast and saw GREEN! Made another deeper cut into the center of the chicken only to find a massive amount of blood and coagulated blood balls all throughout! I was absolutely disgusted with what I found inside that chicken. My daughter and dog were both ill the next day, both had the same symptoms of food poisoning. I sent the chicken to Pilgrim where it was tested and found positive for green muscle disease. Costco and Pilgrim claim that this is fine and that it wont make anyone sick. Complete lie! The Costco Claims representative laughed during our discussion. I am very lucky that my 2-yr old daughter has recovered. WARNING: CONSUME COSTCO PREPARED FOODS AT YOUR OWN PERIL! I have pictures & It was disgusting."
Costco,2018-02-15,2,"Ordered tires on Feb 7,2018 and patiently waited for confirmation of delivery. Never received and went online on Feb 14 to confirm my order to find that the order was delivered Feb 8. Very poor communications between Costco online and the purchaser."
Costco,2018-02-13,2,"Ordered 4 piece kitchen appliance suite that includes ""white glove concierge service"" i. E. delivery and installation. Several weeks later I got a delivery appt. Waited around most of the day. Finally delivery service called and gave me an arrival time of 30 min later. Delivery man came to the door and said he forgot his ""straps"" so he couldn't deliver the appliances. Said he would be back at 9:30 following day. 2:30 the following day all 4 appliances were delivered but only fridge (damaged) and stove could be installed. Microwave and dishwasher had to be installed by separate company. Called Costco.com customer service to set up install appt. Soonest available date was one week later; meanwhile microwave and dishwasher are parked in the garage. On the appointed day waited most of the day with no call from the installers. Found one place on the Costco.com site where my phone number was incorrect. Made the correction and called Costco.com to find out where the installers were. Customer service rep told me that the delivery company was saying that company doesn't install. I reminded her of the big sign in Costco warehouse saying appliance price includes delivery and installation and that she needs to figure out who the installers were and where they were and I would hold while she did that. Customer service rep came back on the phone after she finally did her job and figured out what was going on to report (as she talked over me) that of course the whole thing was my fault because I didn't provide an updated telephone number. We are now scheduled for installation ""sometime"" tomorrow and company will call ""sometime"" tomorrow to let us know when they can get here. This is ""white glove concierge"" service? From now on, if it isn't available in the warehouse, I'll buy it someplace else."
Costco,2018-02-07,3,"My opinion is that Costco is falling behind. Their swich away from Amex was the first straw. I can get another VISA card anywhere and CItiBank's customer service is way worse than Amex'. I appplaud their accepting VISA now, however. Secondly their delivery service has gotten worse. I ordered two-day grocery. It comes 6 days later in a beat up box. Probably third party, but still. Amazon and others seem to be able to do it. Finally, their brand isn't what it was. I've tried several Kirkland Brand items and some are fine and some aren't - do now always expect the best or the cheapest. Add in the hassle of parking, the checkpout lines, the non-existent in-store customer service, and you are looking at a 3 tops. In fact, I have lowered my membership status to regular after years of going executive. If you spend something like 200 - 300 average monthly, the executive executive membership might be worth it. Otherwise, to me it is't the only game in town and honestly, the just don't try as much as they used to"
Costco,2018-02-02,2,"Folks - This is NOT Amazon, and clearly there are a lot of issues. I ordered a 60 inch illuminated mirror and returned it 1 week later because it did not fit. Instead I ordered 2 smaller mirrors. After returning the product as instructed, I have called 5x and have been provided the same useless information - they confirm product has been returned but cant figure out why my refund has not been processed. They promise to escalate and resolve in 3 days (same comment last 5x I called). To date I am not refunded $646.68 and I am mad. Therefore, I will continue posting negative reviews until someone figures out a viable solution and also thanks me for the hours of wasted time! David S"
Costco,2018-01-31,5,I've been a member for years and they have great products and customer service. I just don't go on weekends because it's crazy crowded.
Costco,2018-01-30,1,"I ordered a floral piece for a sick friend who lives in another state. It was supposed to be sent ""next day"". After waiting 6 days, I contacted Costco.com by phone. The wait time was 80 minutes. Then I tried the live chat option. I ""only"" waited about 15 minutes for an agent. Found out that the vendor hadn't even scheduled shipment for my order. The agent said he'd have someone call me or email me about the problem. I told him to just cancel the order as I wasn't going to wait another 6 days for a response. My friend is very sick, after all, and I just wanted to cheer her up. The agent then became somewhat rude, never apologized for Costco and the vendor's lack of service. I will never order from Costco.com again."
Costco,2018-01-20,1,"Tried to purchase gas today, but my Costco cad would not work. Received a message to check with the membership desk. Membership told me my card was blocked for lack of ID provided when I signed up. I signed up in person last year and provided ID. They blew me off and told me to call the corporate office. After waiting an hour on hold I spoke with someone who said my card was now unblocked and they would send formal complaints to the store. Membership is not worth the hassle... Im going back to Amazon"
Costco,2018-01-08,4,"Since my review of Costco customer service, I have been contacted by the company. The TV has been delivered and Costco has acknowledged their shortcomings and have offered a satifactory resolution to my problem. As a result I have given them and improved rating and will give Costco online another shot."
Costco,2018-01-08,5,"I feel safe and secure I brought a sofa worth of 2000$, after a year I have some scratches, I contact Costco members they are really very nice without further question the gave my money book and I returned sofa."
Costco,2018-01-06,1,Never buy a major appliance from Costco. They claim to provide a two year warranty on major appliances but it does not exist. My LG fridge died a year and a half after purchase. I spent hours on hold and on the phone with LG and Costco and after almost a month I gave up and bought a new GE fridge since. My family went almost a full month without a fridge so two days before XMAS I went to a local appliance company and got a new fridge for $3500 plus. I am a long time customer of Costco. I am so disappointed in them.
Costco,2017-12-30,1,"I will no longer be shopping at Costco. I purchased an LG TV from them 4 years ago and it went out (black screen) after 2 years, however we purchased the extended warranty and the company sent a comparable Vizio tv as a replacement. When my son was looking to buy a TV 9 months ago, I purchased from Costco because I had already experienced TV issues and was pleased with the warranty at Costco. His went out (lines) in NINE months. I purchased an extended warranty for his as well, but since it had been 90 days since purchase, Costco sent me to their concierge service who helped very little and just forwarded us to Vizio who basically called us liars and said there was nothing they could do because the TV was damaged. The TV was not damaged, only watched which is what I assumed was a television's purpose. So, I'm done with Costco... will be paying my bill and asking a refund for my membership as there is a sign hanging by the customer service desk guaranteeing this. We'll see."
Costco,2017-12-30,3,Laminate flooring installed in our home started to separate and would not stay locked into adjacent tiles. We were told warranty was void because it was installed in rooms with sunlight and flooring was not to be subjected to direct sunlight. Never buy laminate flooring from Costco; its crap. I will never set foot into another Costco. I would rather pay more somewhere else where they will stand behind their products.
Costco,2017-12-27,1,"We purchased a large game table from Costco.ca that was to be a Christmas present. Costco's shipper scheduled a delivery date prior to Christmas... we waited all day... they didn't show up or call us to reschedule. It is now Dec 27th and we are still waiting. Costco.ca is basically throwing their shipper under the bus telling me to deal with the shipper and taking no responsibility for this. This is unacceptable... I purchased from Costco, not the shipper, and I am frustrated by how Costco is handling this. Beware and avoid purchasing from Costco.ca - I wish that I had seen the rest of these reviews before I purchased from them. I am done with this immature organization. They should get out of the online business and leave it to Amazon and other competent vendors!"
Costco,2017-12-26,5,Great store and web site. So easy to order anything. Customer service is friendly and quick to respond. Thank you Costco!
Costco,2017-12-13,1,"Did not have Costco card and proceeded to treat us unkindly and all we wanted was to check out store. Not even great sales, ugly store, ugly mannerisms. Not going back, I will shop local. Not kind or friendly or Canadian."
Costco,2017-12-13,1,"Ordered a electronic gift card online. According to my account- card was sent, but never showed up in my email. Currently waiting over an hour to speak to customer service. Will likely cancel membership."
Costco,2017-12-08,4,Have ordered numerous products over several years. Prices & selection are strong points. Deliveries have been good - within 24-48 hours of estimated delivery date.
Costco,2017-12-07,1,"Its been three weeks now since I ordered from Costco 2-day delivery service. I received half my order but not the rest. Costco blames UPS, UPS blames Costco. Well I didnt order from UPS. Have been a Costco member for 20 years they can stick my membership."
Costco,2017-12-06,1,"I ordered a Nikon camera prior to Thanksgiving and it has still not arrived. Try to get information? Not a chance. 71 minute wait on the phone. Even then, no dice. The only thing that has happened quickly is the charge on my VISA. THAT has been in place for more than two weeks. Inexcusable service for a company that prides itself in service - and one that I have been a member of for more than a decade."
Costco,2017-12-05,2,"Did not receive the stylus with my Microsoft Surface Pro. Tried to call customer service several times and the wait times were always 45-65 minutes. Finally waited on hold today-- 70 minutes for someone to answer (estimated wait time was 50), was on the phone with her for 20 minutes more and no resolution. She has to submit to her team and someone will call me within two business days. This customer service does not live up to Costco's image of being customer service based and easy to work with. So frustrating."
Costco,2017-12-05,1,Bad customer service for several reasons. Ordered a TV online. Several orders cancelled and could not tell me why. When I finally got an answer they state that they could not verify the address. My daughter has lived there for several years. Also another order wdtates it was shipped but Ups could not give me information. According to Costco the order is lost. They said they could reorder but I requested my Money back
Costco,2017-12-04,1,"My experience with Costco.com has been limited, but I find myself not wanting to deal with them ever again. I ordered a winter coat on 11/17. On 11/22 they sent me a notice that it was shipped with a tracking number. However, each time I looked at the tracking there are no updates and its just the label has been made no package has been handed over or scanned by UPS. Here we are and its 12/3 and 9 business days (not counting weekends or thanksgiving. Seriously! So disgusted with the customer service I have received. I have waited an hour at least to talk to someone and they have been unhelpful. The first call he turned it over to another department and told me they would call within 24-48 hours. The second call I made because no one called me back I was then told that weekends doesn't count (in the 24-48hrs). Basically, I wont have my coat by the 6th and I desperately needed it. So disappointed with the lack of customer service provided by Costco.com. And disgusted that they billed my account on 11/22 and now 12 days later the coat is nowhere to be found? I would save yourself the headache and only buy directly in Costco stores. Their online warehouse, Customer Service, Etc. is a JOKE!"
Costco,2017-12-02,1,"For 3 days straight, I have been trying to get ahold of Costco CS online to check my online order that I placed 9 days ago. They originally processed my order/payment and then after a couple days my money went back into my account and they still haven't ""re-processed"" the order. All I wanted to know was why that happened and when they will process the order again. In 3 days I have called 7 times (all at separate times of the day). Each time the call says the same thing, ""we are experiencing longer than normal wait times as the call volume is higher than normal"" Each one of the 7 times I've called, I have been given the option to leave my phone number. I do and they indeed call back after a couple hours but when I answer, a male recording comes on and says, ""we are experiencing problems with our phone, please try your call again later""! Absolutely TERRIBLE customer service, I hope I NEVER have to order online from Costco again! Buy it in store if you have the option!"
Costco,2017-12-02,1,How long does one have to wait for an online customer service? I tried to call by phone and they said the wait time is 63 minutes! Worst CS ever!
Costco,2017-11-30,5,"On 11/30/17 I wrote the review Verizon's Qmadix Screen Protection Are Nonsense. DON'T buy this product. And included that i'd bought this product at a Costco through the Verizon Wireless kiosk. Verizon and Qmadix did not contact me, but Costco did! They helped me problem solve the issue and get my phone fixed. Thank you Costco for excellent customer service and being interested in helping."
Costco,2017-11-17,1,I am not renewing my membership as they advertised an item and didn't have stock and refused a rain check.
Costco,2017-11-16,1,"Falsely advertised a 5 burner BBQ as a 7 burner unit. Below i a copy of my email to Costco. Walmart, Home Depot, Lowes etc, all advertise the same model as a 5 burner unit. You falsely promote it as a 7 burner unit. I had many choices of 5 burner units and all were at a similar price. I chose Costco because yours was supposedly a 7 burner unit, more value for the money. Unfortunately, the reality is that your advertising is false. It was the same 5 burner unit I have been a Costco member for more years than I can remember. Please do not insult my intelligence with your contrived response suggesting that this is indeed a 7 burner unit. Same model number is advertised by all your major competition as 5 burner. Just admit your mistake and let's move on. To summarize, Costco would not admit their mistake and continued with a lame cover up story. Shameful, unprofessional, and surprisingly beneath them. I truly expected more from Costco."
Costco,2017-11-14,1,"I cancelled an order and I supposed to receive the money back next day, this according one of its CRS. I chatted the next day as I did not receive the money back. I was told the process is slow, it takes 5 business days. How come their system is fast to charge you immediately, and it takes 5 business day to refund your money?"
Costco,2017-11-13,4,"We purchased EasyOn Gutterguard... My husband and I installed on our gutters. It was very easy to install, directions were great! We have a rubber roof so we did have to make a bend like instructed to attach to fascia. It looks great... cant wait to see how they work. Didnt give 5 stars because we need to see how they work first."
Costco,2017-11-13,3,"I shop here a lot, for work and for personal needs. Getting tired to not find foods (b/c they stop selling them) after I get used to them. That happened to 10 lb organic carrots, organic cheese sticks, etc. I like to try little samples of foods while shopping. However the food reps are not always nice. They are welcoming in the day time, and rude in the evenings. I happened to hear one lady presenting iced coffee making sarcastic jokes about some spanish looking girl who tried that coffee. She was then laughing and talking loud with her coworker who was presenting pieces of taco. Think that was super not nice and unprofessional. Some workers are just ghetto..."
Costco,2017-11-10,1,"COSTCO apparently does not care about their customers. I was filling up my car with gas@ Costco in Katy, TX and had an over-welling need to use the restroom. At 65 yrs old, I know when it's time to go, it really is time to go. The store had just closed (stopped letting customers in but there were still a lot of customers in the store. I left the car with my wife and ran across the parking lot to hopefully use the restroom. When I got to the door, I explained my dilemma to the door employee. She asked the floor supervisor if I could use the restroom but the floor (door) supervisor declined to help me. It's embarrassing enough to have to ask permission to use the facilities but to get turned down on top of that... Chances are I will not be renewing my membership."
Costco,2017-11-07,1,"I showed up to Menomonee tire center location to buy/change a tire since got a screw on it by the shoulder and can't be fixed but replaced... this was last minute emergency with my tire deflating and they told me I would have to wait 2-3 hrs since had no appointment. And asked me to move over to the food area or wait in my car...(they guy had no interest to help me and open appointments in 2 weeks!) meanwhile I found an appointment available online in pewaukee location which I booked through my cell phone before leaving but would be 5 hrs later... so I left Menomonee location and came back 3 hrs later and he told me.""well. You left and didn't sign you in and we are still pretty busy you'd have to wait another 2-3 hrs"" since I had made an appointment in Pewaukee, I just went to that one after and oh surprise... same waiting time plus the girl was surprised that ""their system"" let me make an appointment since they had any available... plus they din't t have my tire in stock (would take 3-5 business days to arrive) so I asked what are my choices for now? I can't drive with my baby in the car like this. And she said... oh well we can put your spare one on... and I said... ok... then she said... but you will have to wait 11 cars that are in front of you. I mean. Wait 2-3 hrs... to change a spare tire that takes you 10 min?. Really? My tire is deflating... I explained them that it was dangerous for me to drive with my baby in like that...(not to mention that i was driving for 50 min to get to Pewaukee location and had an appointment online which they ignored) and still had to wait another 2-3 hours? Your customer service sucks!"
Costco,2017-10-25,1,"Why can't a simple order be just that? A simple order? 2 6-packs of lights due 2 weeks ago, can't get a customer service rep on line, should have just gone to Loews and picked through their end of season sale. After 2 calls, they still don't know what's going on - oh but yes, they charged my account! So done - NEVER again!"
Costco,2017-10-23,4,"Well I am a member went to retail shop I was so excited about the price, when I got to the till wow,, I believe Costco is for a big family or group of friends where you buy in bulk and than split up. It would probably make sense. Still its a great store with nice produtcs"
Costco,2017-10-22,2,"I was logged in and shopping at costco.com and wanted to check out their jackets in menswear, but, to get the price on the jacket, they wanted me to key in the membership number IN ADDITION to the log-in and password. WHY? It's a double log-in system that is just garbage, and for what? To get a price because I wanted to SHOP on their site and possibly SPEND money? You know what the effect was? I abandoned my cart with the items I already had in there. What kind of harebrained, way-to-turn-you-off shopping system is that? Which marketing genius thought that was a good idea for costco members?"
Costco,2017-10-21,1,"We bought a GE washer a month ago and paid for it with a cash card. The day it was delivered, we visited our local Costco store and discovered that the same item was available there for $100.00 less! I called Costco's Member Call Center, explained the issue and was assured the refund would be processed immediately. It is now nearly a month and every time I call to determine the status of the matter I am told precisely the same story: that the matter is marked as ""completed"" in their records, that they don't actually know what ""completed"" means, that they don't know who marked it as ""completed"", and that they are ""very sorry"" for the delay. I am then told that the matter will be ""expedited up to their supervisor"" and that I can expect the refund with a week. Needless to say, we are still waiting. And this after being talked into the ""Executive"" membership just prior to purchasing the washer. Worst customer service I have EVER encountered."
Costco,2017-10-20,1,"I m member since 10 months and not looking to renew it. Most items are over priced and quality is very poor. For example organic brown eggs, each week I get one or 2 eggs bad. What kind of supplier they have arrangement with. Is it acceptable. I have stopped buying eggs. Other items has similar issues. That's why wondering the stock for Costco is going up and up. They making money from memberships plus selling over priced poor quality items. Moreover staff is very rude and unprofessional. Checking on you as you are here to collect free items from them. 3 times card membership checking and then on the exit final checking your cart with receipt. I wouldn't recommend anyone to pay membership fees for this kind of attitude and service."
Costco,2017-10-12,3,"Good website, you can buy everything you bee delivery, buy your glasses and less, all your grocery. Easy to used, many choice, and many warehouse, available and line and in shop."
Costco,2017-10-12,5,I'm not one who looks forward in buying tires or getting air for them. It's truly a chore I never look forward to. Today was completely different. Andrew was so helpful in making this task so enjoyable. He knows tires and he knows how to treat people with his kindness and patience. I left feeling educated on tires and learned for myself how to save money when purchasing. I Would also like to give a shout out to Ryan who had a delightful personality with his greeting and attitude when in fact these guys stop what they are in the middle of working on only to have to walk around a car to squat down and add air in tires. I left the store with such a great feeling that Cosco service people love what they do and know how to make a customer feel happy! Thank you Plano East Costco! You guys rock!
Costco,2017-10-04,1,"I purchased a mattress set and Costco's white-glove delivery from Costco.com on June 23. When the product finally arrived on July 27 it was severely damaged, so I refused it. The delivery people also saw the damage and made a note of it on their paperwork before putting the damaged mattress set back on their truck. On August 3, I received an email from Costco.com saying they would begin the credit process. It is now October 3 and I still have no refund. I have complained several times in the last two months, and each time they reply that it will be 3-5 days before I receive my refund."
Costco,2017-09-17,1,We ordered the kitchen suite for our new home. August 19 ordered August 28 notified by delivery company August 29 two emails ignored by delivery company August 31 call delivery company set up delivery and install for September 2 September 1 delivery company calls and to say sorry they did not schedule an installation September 2 refrigerator and stove delivered and placed - dish washer and microwave sit in boxes in living room September 6 installers place dish washer but discover that the micro wave is broken September 6 order replacement microwave September 13 8:06 PM call delivery company phone call is disconnected after 6 minute attempt to set up delivery time September 13 8:17 PM second call and representive talks to supervisor wants to call installers and promises to call back in 20 minutes September 13 10:32 realize the representative is not going to call back September 14 get a phone call from delivery company to ask how the installation of the microwave went (the broken one is still in a box) September 14 call third time for delivery and installation earliest date is September 23 September 15 get call from delivery company they have to change the delivery date -changed to September 26 September 16 we are in the fetal position September 17 go to Walmart and purchase small microwave to get us through September 17 Costco has had my money for a month I do not have a microwave September 17 write a review - never dealing with an online order from Costco ever again
Costco,2017-09-12,4,"WE purchased the 6 inch EasyOn gutter guards to use on our Church Sanctuary, the product is easy to work with and I was pleasantly surprised at how well the product was made. Definitely a good product that works well."
Costco,2017-09-08,2,"I shopped at the new Costco on Churchill and 75 in Dallas, TX this week and was so surprised at what Costco has done with it I felt I must share this review. First of all, the dyslexic store designer set up the store. Everything was set up totally backwards from all other Costco stores, so heading for a certain item was futile. For instance, I spotted pet food stuck in the middle of housewares, the aisle that has bagged bread, hamburger buns, etc. that is normally by the bakery, I found only by accident somewhere around wine. This brings me to that topic. The wine department is a joke. It is disorganized, and there was not one wine there that was listed on the internet. I finally found two choices of beer (nothing I ever heard of) over by toilet paper. If there was alcohol it was hidden. I spent over two hours there until I was so frustrated, I just quit. My experience at checkout was no better. They need to hire a few adults to train the kids. When I got to the checker, I was holding both my Costco card, and my Costco Visa. By the time I finished checking out, the Visa was no where to be found. I feel certain that card must have gone somewhere. I finally left without the Visa card and ended up cancelling it. I can only say the only reason I would shop at this store again is because it is a block away from my apartment."
Costco,2017-09-06,1,"If you decide to buy online hope you don't have any issues. Ordered a $2000 gazebo, it was lost, took almost 2 months to finally get, no one would call back, finally got one phone call and they left the 1800 number to sit on hold for an hour to call back and then they offer $75 for inconvenience when you get $60 just for buying. Have gone up the chain through costco wholesale and everyone says' their margins are less the 3%. Maybe if the count write downs etc. Guess what, i work in the insurance industry and we lost money last year... dont believe it, because the accountants can make the numbers say what they want it too. Maybe its because they cant pay for customer service. Just brutal"
Costco,2017-08-31,1,Received the $1500 laptop I ordered today in an unsealed box with very little packaging material. The box containing the laptop appeared to have been previously opened and taped over. It looks like they sent me a unit thatvwas returned or on display in store. Imwas so disgusted that I didn't even open the box. I have purchased $15 items from Amazon that are superbly packaged. That's where I will be conducting all of my online from this day forward.
Costco,2017-08-28,1,"Beware buying anything on Costco online. It can take a week or more for costco to even get your item ready to ship. Then, as far as shipping, it takes forever. I bought a laptop on 8/17, more than week later on 8/25 if finally left the warehouse. Now, it's been sitting with the shipper, in China, for 4 days with no end in sight. Who knows when I'll finally get he thing. Really terrible service and compared with what I can get from Amazon or Walmart, not even close."
Costco,2017-08-22,1,Costco in their great corporate wisdom in brilliance decided to change over there Pharmacy computer systems. Not only did the pharmacy not have a prescription filled several days after I called it in they completely missed filling one of the refills that had been called in. Consequently I had to make a separate trip all the way back just to pick up the second prescription. Furthermore on my subsequent visit a week later two weeks after their new computer systems went into effect my doctor electronically sent one prescription and three and a half hours later during low season the least busy season of the year the prescription still wasn't ready. I'll never go back I'm taking my business to Walmart or Publix.
Costco,2017-08-16,1,"So, I was not told that you had to be 18 or older to shop there and you can't use your parent's membership card. I turn 18 in like a month and my mom was working late so she couldn't go. All I wanted to get was some dog food and milk and coffee. After I spent all the time finding the items and get to the checkout, they say ""is mom with you"" I told the lady that she couldn't come. So that lady called another lady over. The 2nd lady again asked ""where is your mom?"" I told her she was at work (not that it's any of her business) then she said ""ok, Costco memberships are non transferable. So you can't use your moms card) then she asked how old I am. I said 17 almost 18 (again not that it's any of her business). And she said ""ok see you can't shop here until you're 18"" so apparently even though I am old enough to drive a car and I have my own credit card, I can't buy some milk and dog food at Costco. And even if I was old enough, I can't buy my mom groceries while she's at work. Oh and did I mention I've shopped for my mom there before when I was 16 and nobody said anything?! So after all of that I had to walk out empty handed and the ladies I talked to were not very forgiving about the situation. Also my dogs have food allergies and they do well with that food, so it was a real bummer not being able to bring the dog food home at least."
Costco,2017-08-16,1,"My husband and I have my 8 year old grandson every summer for a few weeks where we take him on a trip. So this year to my delight I find out my favorite place to shop Costco sells discounted tickets to Canada's Wonderland. Normal tickets start at 65.00 per person per, us 50.00 for parking. That just gets you in the door! They were selling for 40.00 per ticket. Great this was awesome our two weeks vacation will come to a end with a fun filled day at Wonderland for our grandson who's 8. He would have a great story to tell his friends Right? WRONG! So I we jump through all the hoops to buy 4 tickets online which means getting an online account for Costco and doing all the info entry to make sure we've got everything entered correctly. Awesome I get the email stating my orders been processed. Tickets will be arriving in my email for entry to the park, just show the phone and we are in for our fun filled day. WRONG again. We make the 2 hour hot as heck highway drive to which we are all great full Wonderland has a water park. We stop at the en route across from Wonderland to verify tickets and grab a bite to eat. No tickets, I've gotten an email stating Costco has cancelled my order and to which the email doest even tell me why. My husband freaks calls his Mastercard company, to which they say Costco got the money and the payment was made to them. We call now to Costco, they make us wait 35 minuses to even talk to a person, who I can say knew nothing. She couldn't even tell us why the tickets were not processed. So after all she could say was I'm sorry, we asked for a manager. She was all to happy to out us on hold for another 15 mins. Great now I've got a manager, wrong again. The manager tells us she's check with the processing and frauds department to what's happened. She informs us that they cancelled our tickets because they couldn't verify our email address. What, wait, are you kidding me. Our email Address? Let's see if confirmed my personal info with the online account, I reverified it with all the credit card info, the credit card company verified our information and paid theme, they sent anot order processed email to us and also sent personal info back to us to the very same email stating they cancelled the tickets. So if they couldn't verify the email you'd think it would have been before all that Occurred! So the manager says we can get our money back that yhey hook as payment but it would take 48 hours to 5 days to give it Back! Are you kidding Me! So after all this they don't even offer to process our order for us so we can keep our promise to our Grandson! The manager says she couldn't process tickets for us because the email was not verified that they had been using to send us ticket info all day prior to this.so I asked wouldn't you using the unverified email address to send us ticket information that they said was unverified against some serious privacy laws. To which she said Yes! Are you kidding me! Our whole day was ruined, a promise broken to an 8 year old boy, and a 5 hour drive home in insane highway traffic. Thank you Costco. To anyone who plans anything special, do not use Costco for anything important."
Costco,2017-08-15,1,"Purchase island grill... Costco falsely misrepresented the delivery service. Sent contract for me to sign for delivery. I successfully fulfill my requirements and Costco was totally incompetent. Grill was damaged by delivery and had to be reordered. Second delivery, again a incompetent crew sent. Delivery not successful. I hired my own crew $250 and delivery successfully in less than 10 min. Costco would not reimburse my expense. Just apologized for my inconvenience. Contract( that Costco sent to me) clearly listed all their responsibilities on delivery. None of which were fulfilled. Costco could careless about the incompetence and was totally disconnected."
Costco,2017-08-15,1,"This is the worst wholesaler that I have ever seen in my whole life with the poorest customer service. Low quality and unskilled staff with unethical behaviour toward customers are disgusting. They are checking your membership card picture with you at entrants then need to be checked again at the till by the grumpy cashiers and eventually, your shopping trolly is being checked to match your receipt with shopping items at the exit by other staff which shows Costco negativity and untrustworthy view toward its paid customers. It's really humiliating and disgusting policy. Above these things, we need to pay annual membership as well. This was my last visiting although my card has not been expired yet. The products prices are not at all also competitive so I believe very soon or late the most businessmen will be boycotting Costco... Shame on the board of directors who have forgotten the real objectives of the company and obviously their shareholder's strategies which should be maintaining customers with good customer satisfaction to maximise profitability. But with this poor customer service that they are following the future of the company will be miserable and eventually will be collapsed..."
Costco,2017-08-05,1,"I have been a Costco member and going since it was Price Club, so many years to say the least. Today I had a full carts worth of stuff at my local Costco in Alexandria VA. At the register I was told my card had expired today. Since it is a business card the company takes care of paying the membership for many employees. There must have been an oversight with the accounting department and told the manager I would rectify it Monday morning. He said it had to be taken care of right now or I could not purchase any products. Since I am not the owner, I was not prepared to absorb this cost. Manager told me then you cannot purchase these items so I told him I will never purchase any items from Costco again nor my company and I went to Walmart and spend $300 that I would have spent at Costco"
Costco,2017-08-04,1,"The supervisors and management are not helpful to new hires. They expect someone that has been on the job for less than two weeks to know where everything is and be able to put away everything quickly and then give complaints that the work wasn't done with a ""send of urgency"". This is management's favorite phrase. Additionally, there are employees who push 5-10 carts and walk their entire shift who are treated as if they are perfect employees, while employees who push between 15 to 20 carts while running to and from that are drenched in sweat that are looked at with disappointment that they ""don't have a sense of urgency"" and find surprise when another employee tells the supervisor that that person is working quickly, doing well, and being helpful to customers. I am appalled that this is how Costco treats select employees. Those that do their very best reap negative reviews and attitude from supervisors while people putting in minimal effort are treated as star employees. You need to fix this issue because that is not right and no one should be working in that environment no matter ""how great the benefits are"". I witnessed these incidents and conversations on multiple occasions and was stunned that this occurred. From my point of view as a customer, it is unacceptable to treat an employee like this."
Costco,2017-08-01,1,"The store is great, the online department is a whole different story. Inept, incompetent staff who just dont care. Each time you call, you're on hold for ONE HOUR. At minimum. Still dont get the job done after that. Just embarrassing especially for a company like costco. What is going on with your online department?!?"
Costco,2017-07-22,1,"I ordered a microwave from Costco,; the idiot repairman dropped it out truck onto the dolly and damaged its side. When I called to order a new one, I was kept on indefinite hold. Very poor service. Go to Best Buy."
Costco,2017-07-18,1,"Customer service is awful. I bought an air conditioner from Costco.ca online. After 2 weeks when I didn't receive my order, I sent an email to them and I asked to refund my amount, they accepted. But after 16 days from that time they didn't refund my amount yet while they told me it takes 7 to 10 days so I sent another email to them but nobody don't answer me. Online Shopping from Costco is the worst experience for me. If your time and money is important to you, do not shopping online from Costco."
Costco,2017-07-16,1,"Employees always look unhappy never smile, never act like they appreciate the business of their members. Employees will walk by you and never ask if you need help when they know you do. Floors often have empty boxes and debris on them. Employees often never ask if you want your items in boxes and just put your items in the cart w/o asking. So many other Costco stores treat their customers with a smile and outstanding service but Store Manager Dave just does not care enough about what anyone tells him."
Costco,2017-07-10,1,Had a Gazebo that was supposed to be delivered on Wednesday between 8 and 12. They never showed up. Got a phone call late that afternoon that they will be there the next day. Next day came and they called and said it was to heavy for them to deliver and will have to figure something out. I called Costco and they got them to deliver next day. Got a phone call and they said they would be here between 12 and 4 on Friday with two people. Next day got a phone call they would be here between 2 and 5. Waited and got another phone call and said it would be between 3 and 6. They never showed up until 6:20. Took three days of Vacation for this idiotic company that when they came for the delivery it was a young guy and old and the young guy got it off pretty much buy himself. Stay away from CEVA LOgistics. I can't get my 3 days of vacation back!
Costco,2017-06-27,1,Costco has let us down really badly this time. We ordered an outdoor patio set on May 31 and it was arrive in 15 days. The set is still not here and the worst part is that no one will tell me what the issue is. I have contacted CEVA logistics the company that was deliver it and all I hear from them is that someone will call you back with an update. We have family arriving from out of town tomorrow and we really needed this furniture but we are so disappointed. Big let down
Costco,2017-06-22,4,"Are you buying avocados from Costco and they were always top notch; however, over the last three months I've bought two bags and they were so green, I couldn't ripen them up in a paper bag. The last bag I bought was last week and they've been sitting inside a brown bag for seven days and are still green and hard as a rock. 6-21-17"
Costco,2017-06-18,5,Can not beat Coscos deals & always interesting at the new products they are promoting. Love the organic choices.
Costco,2017-06-15,1,"I AM VERY DISAPPOINTED FROM HOME SERVICE IMPROVEMENT, CALL THEM EVERY DAY TO REQUEST A CARPET REP IN MY AREA AND NOBODY CALLS BACK SERVICE IS SUCKS STAY AWAY!"
Costco,2017-06-14,1,"Trying to oder luggage for Father's Day gift; keep getting ""Invalid Credit Card Information""; same message with my VISA and my husband's, although different financial institutions; customer service guy insist that trouble is with card(s). He finally got it to go through, but now three days later, THEY EMAIL MY DAD, SAYING MY CARD WAS REJECTED! Telephone wait time +20 minutes. UGH!"
Costco,2017-06-07,1,"Bought a $2000 laptop that is barely functional and Costco's warranty service keeps telling me that I am not calling them. I guess it's time for attempt #3, this is a scam."
Costco,2017-06-04,1,Very bad service at costco in van nuys i was here today and they charge me for something i did not have with me when i told the cashier he sent me to the merchandise return i waited like 40 minutes in line I try to make a conplaint with the manager but nothing happened
Costco,2017-05-15,1,"I was waiting for my cashback from costco for 3 month. I was driving there every month trying to figure out where is my money. Finally, I received it but they refused to redeem it without my husbund. They send coupon under his name although we have one account and the same rights. I am totally dissapointed with you guys!"
Costco,2017-05-14,5,Recently we mad a huge purchase for my sister wedding. As-usual the pricing and the quality top notch. Thank You Costco!
Costco,2017-05-10,5,Rob and Mario of COREAIR came though with an superior installation and follow up from them and their office was very timely thanks to Destiney.
Costco,2017-05-09,5,Gigharbor Costco. Thank you. If you are thinking of buying furniture. Or a high priced item.do it). Only store I know of that stands behind there product and gives excellent service.
Costco,2017-04-15,1,Costco sucks $#*!. I tried buying a toolset that they had on sale like a week ago they had a whole bunch of them. Now they're telling me I can't even buy it online. The place is $#*!ing bull$#*!
Costco,2017-04-11,5,"When my kids were at home I did a lot more shopping for bulk items, but since they have moved out, I go in for the jars of nuts, protein drinks, pharmacy items, books, kids gifts and wine"
Costco,2017-04-08,2,"You would think that when this company purchases overstock from other stores at Pennies on the $, that they would pass the savings onto consumers. They do not. I have found most items cheaper elsewhere."
Costco,2017-04-08,3,"I like Outrageous deals, manly deals, as I walk into the store. You should have Vuarnet sunglasses right there. Best lense guaranteed in the mountains. Meat deals are good. Personally, I think any electronic computer, headphones. IPad, phone, is a gimmick or clearance item, along with your equivalent of as seen on TV items. When I think of the things, I feel I don't need Costco as much as Costco needs me. OMG, I haven't been there in over 3 months."
Costco,2017-04-07,4,I enjoy going in there. You can find anything from groceries to laptops and tablets at fantastic prices. On top of that they have kiosks set up all over with free samples. It's a fun time.
Costco,2017-04-04,4,"All American products are within reach at no cost to our daily living and my business, We travel to new york city in our local Costco here in London and yet still get to hold onto our house key without a boarding ticket in our Local Costco Store"
Costco,2017-04-04,3,"I ordered pizza and waited for an hour. The guy didnt bother showing the pizza which the people who worked there usually do so. Since I didnt have any problems, i just took and they gave us pepperoni instead of cheese. I cant eat meat and clearly they need to check their order more carefully."
Costco,2017-04-02,3,Costco never answers my call I leave messages and call multiple time they never anwser. Eventually I get frustrated and annoyed.
Costco,2017-03-31,2,"I recently purchased a refrigerator from Costco.com and had it delivered to my home last week. I have been a loyal Costco customer for decades and enjoy shopping at their store frequently because of the outstanding ""Customer Service"". Truly a great company. That being said I must say I have had one of the ""WORST"" experiences ever when dealing with Innovel, the logistics company that is contracted to deliver products purchased over Costco.com. My advise, when placing an order with Costco.com is to request any shipping company other than Innovel to manage the delivery. Innovel overbooks their drivers schedules causing late delivery times, they struggle to confirm appointments, but most of all some of their drivers have absolutely horrible customer service skills and should really be fired from the company."
Costco,2017-03-30,5,I bought my Costco membership for one thing and one thing only. I buy movie tickets from here. That alone saves the cost of the membership.
Costco,2017-03-24,4,They check some peoples card but not all everything's buy-able in bulk and more affordable though. Overall it's really good but could be better...
Costco,2017-03-23,5,I have been a member for many years. The bulk pricing and selection is amazing! I prefer it to the other warehouse in town and the people that work there are awesome! Thanks Costco for many years of greatness:-)
Costco,2017-03-22,5,"I don't think I have a single gripe about this place. FAMILY of 5! Diapers, wipes, snacks are top of the line for the most amazing prices! Their employees are super nice, probably because they are appropriately compensated! Keep up the great work!"
Costco,2017-03-21,5,"Always happy to shop at Costco! Their service is out of this world! Recommended. The store to many people. Great for food, clothes, jewellery and household appliances."
Costco,2017-03-16,1,"I ordered a 2000. 00 + wood swingset by Yardline (Yardline Play Systems Ultra Fortress II Playset - Installation Included Item #*******) On 3/9/2017. I was happily surprised when the COSTCO WEBSITE asked if I would like to have installation for 200.00! Wow, I thought, I don't have to find someone to put this together for me, after all, being a 47 year old woman (with a heart condition) who is getting this for her 6 year old granddaughter, this is wonderful! So yes please, add that! Order went thru and money is taken from my bank to pay for it. Imagine my surprise 5 days later when I get a confirmation email that I have cancelled the order? What? Why would I do that, I have told the 6 year old little girl it is coming and she will be able to play on it in about a month! So I ASSUME it is some kind of mistake. I call Costco customer service and a very kind lady informed me that the offered installation is not available in Spokane so COSTCO cancelled my order. No phone call to see if I possibly wanted it without the OFFERED BY COSTCO installation. NOPE, they just cancel it. Oh and even better, I get to wait at least 3 days for them to return my 2100. 00! Seriously, Customer service is not even capable of reinstating the order they cancelled without the installation. I guess its time to get a Rainbow system, or Home Depot! Costco should fix the website to NOT offer things that they cannot provide, at bare minimum, make a phone call!"
Costco,2017-03-17,5,"I've been a Costco member for 17 years. In fact, I'm an executive member. My membership is FREE after I receive cash back for my purchases. Their customer service is top notch. I can return any item at any time even after you have eaten half the chicken or used up half the salad. If you purchase a tent and put a hole in it, you can return it, no question asked... well, they ask what's wrong with the item but they will not point fingers if you said there's a hole in the tent. (This was a real scenario that I witnessed as I was in the return line to return a different item that I no longer need). You cannot go wrong with a Costco membership."
Costco,2017-03-14,5,I have been a Costco member for 15 years and cant say enough about the warehouse. I recently bought furniture online and had the best white glove service. I have bought from high end such as Restoration Hardware and paid for the white glove service that still could not match Costco.
Costco,2017-03-14,5,Sans préjudice je vient d'être choqué par la façon dont Costco protège les compagnies de cell mobile sous leur parapluie. Je vous raconte mon cas que je donnerai en publication dans les prochaines 48 heures. Je me suis abonne à Fido chez Costco et jai eut 2 téléphones que j'ai payé avec abonnement finissant et payant jusqu'au dernier jour de mon abonnement laisser à part comment Fido a essayé de charger des frais en mon absence. Bref à la fin de mon contrat un représentant de Fido m'a faite une offre de geler mon compte ét bien entendu avec un forfait ét en revenant de mes vacances forces en Floride puisque je suis apres une chirurgie cardiaque coeur ouvert et mes 74 ans et ma femme de 69ans. Voici l'offre que le représentant de Fido m'a faite pour 2 iphone6 plus de payer 110dollars pour les tél et un forfait avec 2 Gigs pour 50dollars par moi pour chaque jai accepter ét jai gelais les comptes avec leur promesse que le deal est fait aujourd'hui en revenant pour appliquer le deal ils ont refuser en disant que c'était bon pour décembre 2016 mais pas pour aujourd'hui mais eux meme ils m'ont proposer de ne pas prendre ca en décembre 2016 mais le faire à mon retour puisque jai gelé mes comptes aucun problème aujourd'hui ils ont changé leur deal ét ont décidé le forfait serai de 67 dollars ét le prix de chaque cell serait de 100dollars chaque je ne connais pas beaucoup de retraités ou aînés qui peuvent se permettre une lâcheté pareille. Jai fait appel aux 2 directeurs de Costco au club price de lAcadie qui au lieu de voir l'injustice commise par Fido ils ont sauvé leur paroles en connaissance des causes. Moi j'irai plus loin jusqua publier tout sans préjudice. La comédie de labsurde est que des choses pareilles se passent sous le parapluie de Costco dont on fait confiance en temps que membre privilèges. Vous avez 48 heures de régler à l'amiable avant publication. Et de la je me sentirai libre d'actions à ma façon. Les directeurs étaient Stéphane ét lautreEricbien merci amar David *******947
Costco,2017-03-14,5,"I love this store, usually I but kirkland nuts from here. And I buy many other snacks and litte things here. It's convenient and reasonable price."
Costco,2017-03-14,5,"Began shopping when they first opened and been faithful since. I love the surprises when I go in, i. E., top of the line sports socks cheap and when they're gone they are gone. But when I happen upon a deal for something I need, great warm fuzzies take over and you absolutely love the store. Fortunately staffers are paid well so they are pretty happy and willing to help out though you don't need them often. If Costco doesn't have it then I have to go shopping around, something I loathe. Did I mention they stand behind what they sell? Fabulous!"
Costco,2017-03-14,5,"Costco and Costco.ca offer the best quality stuff, their customer service is amazing. Their return policy is just out of the world. Use you Costco Platinum card for best offers."
Costco,2017-03-10,1,"Your service is really bad and I didn't like shopping in Costco, the prices are very high. Sorry but you need to keep it down"
Costco,2017-03-10,5,"I love Costco, love their prices an product selection. I have found their in store customer service is great. I have nver tried the online store yet"
Costco,2017-03-09,5,Great prices but I wish they would carry more variety on their brands as far as produce goes excellent value packs are the best.
Costco,2017-03-08,5,I have been a Costco customer for five years and have no complaints. Exactly what you expect in the store and their car buying service sent me to a terrific deal on a Toyota Highlander.
Costco,2017-03-05,5,"Honestly I must recommend Costco for everyone, there customer service is definitely great, can't believe that I was treated like a king on my first visit to get somethings for myself. Highly recommended for everyone out there."
Costco,2017-03-01,5,I do not buy a lot at Costco but I do like going and finding things I need. I look through the sale flyers every month and that determines what I buy.
Costco,2017-02-28,5,"Best prices ever for Meats, do you like guacamole? I do I do!... Best guacamole ever! Very flavorful chunks of avocado in it, it's worth the trip and it's worth the crowd."
Costco,2017-02-27,5,We need more in North Carolina Please. That would be great! A lot of folks tend to shop Sam's Club & Bj's because they are a lot closer to us than Costco.
Costco,2017-02-27,5,"Costco is just awesome! Customer service is top notch and products are high quality for the most part. Then if something is not up to par, they accept returns no issues! Just a great place!"
Costco,2017-02-25,4,"I have had Sam's club most of my adult life and recently moved to an area where a Sam's club isn't convenient, but there is a Costco. I signed up for the Plus membership and the Costco Visa. Instore purchases allow me to double dip with 4% cashback (2% Visa/2% Costco). Gas purchases are also 4% off which is great considering their gas is cheaper than most and is a top tier provider. Sam's isn't classified as a top tier gas. The quality of their merchandise and stores is so much higher than Sam's as well. It's like the difference between a Walmart and Target. The only thing I don't like is they are always packed compared to Sam's. I am sure it's because there are far fewer Costco in the DFW area and Sam's clubs are all over the place."
Costco,2017-02-24,5,"Costco is the best! Great products, great prices, great return policy, great food but most of all great service!"
Costco,2017-02-21,5,"Costco is an experience which you have to visit weekly to really appreciate. The only thing is not everything can be displayed for sale in even the gigantic stores they have- ""warehouse"" as they call it. So some things have to be bought online, when possible."
Costco,2017-02-19,4,"Customer service isn't great but I like my membership. They have good products but watch out for busted up, moldy onions, lemons, and oranges."
Costco,2017-02-16,5,"The best of best stores. Right from their discount, customer experience to return policies. Truly awesome experience and works well within budget."
Costco,2017-02-16,1,"Costco had a special with Kelsie Blinds. Bryan came out, measured my blinds and sent me an estimate... which did not include all blinds he measured. I replied he was missing a breakfast side window which was one of the smaller ones and he replied back that t was wrong. I replied with description of all blinds. I did not hear back from him until I called Costco directly. I then received an amended estimate. It went from $1,922.60 to $2,735.80. That means one of the smallest windows cost $813.20."
Costco,2017-02-15,5,I would definitly like to order them again and use their great services. I am happy that i found them
Costco,2017-02-15,5,I do spend most of my living expenses at Costco. I get almost everything that I need in day to day life at Costco. I love their selection and sizes. They are cost effective. Their return policy is one of the best.
Costco,2017-02-14,5,Great product and the people truly care about your customer experience. Don't forget about getting product online or looking at them for travel.
Costco,2017-02-13,5,"The return policy is wonderful and despite being very busy at the return line, they staff was fast, professional and happy to help."
Costco,2017-02-13,5,"Hi, I love going to costco. Every week we spend almost 100$ in this store for our grocery and stuff. The prices are really low compare to the market price. People who want to buy in bulk should visit costco. Also its recommended for the Auto Services. Thank you Costco, Cheers"
Costco,2017-02-12,4,"My sons love to govto Costco and my husband and I as well. Wgreat price and high quality products. The demonstration of products are always nice and kids enjoy a lot. The only thing the should have its a plan to pay wich xould give you more time. And i have a suggestion, once its a family place they must have a breastfeeding place. Once i needed to breastfeed my baby and that was a headache."
Costco,2017-02-07,5,"As if Costco isn't awesome enough already, now you can return things without receipts because they have your account to look up everything on. If only other companies were this on top of things."
Costco,2017-02-07,5,"I shop at Costco regularly enough for the ""executive"" program to be worthwhile. Gas prices are close to unbeatable - and I use them around the country. Meat and fish are top bargain if you can use (or freeze) the quantity. Other products are typically best price, but it is important to do at least some price checking. Ultimately, even when quality control issues raise their head the liberal return policy provides solid foundation for customer confidence."
Costco,2017-02-03,5,We love Costco. We get everything from gas to food to home goods to roses. Always satisfied. Return policy is excellent. Great company.
Costco,2017-02-02,3,I just don't like going to my local Costco which is an extension of a busy mall. There is very little parking near the store and it is ALWAYS full. Don't go anymore because of the parking issue.
Costco,2017-01-31,5,This is probably one of my most favorite stores. They sell nice quality items. I can go in there for one thing and come up with a huge cart full. We got great pricing on our tires and they fill with nitrogen. I can't say enough about this store.
Costco,2017-01-30,5,"It started off very bad when my tire went flat a on highway 410. I had to drive almost a half mile to get off the highway to safely change the flat. After I changed the tire I drove to Puyallup tire center and they quickly replaced the damaged tire, rotated the tires at my request. Since the tire was almost new they did not charge me anything. The attitude of all of the everyone in that tire center was so great. They also put the spare and jack back in the trunk were it belonged, Thanks Costco for the great service. Bob"
Costco,2017-01-29,5,I always feel that Costco is honest and offers the best deals available. Customer service is crowded but once you get in front of an individual they attempt to handle every issue with a smile and efficiently.
Costco,2017-01-28,5,"Our family uses our costco membership for GAS mostly, but just found out today that they have a very generous return policy. Bought a vacuum and used it for a few months before it broke. I took it back to costco and they refunded the money right away. Surprised."
Costco,2017-01-25,5,"Costco has much more food items than Sam's; their hearing and ophthalmology clinics are better, and they treat their employees better, that is important to me."
Costco,2017-01-25,5,"I've been a loyal Costco customer for 17 years. No other retailer stands behind what they sell as good as Costco. Their easy return-policy ""unfortunately"" encourages impulse buys, but more often than not, the quality of most merchandise is so good that you end up keeping it. When it's not, easy-peasy returns. LOVE COSTCO!"
Costco,2017-01-25,5,"How many toothbrushes does one need? True it's kind pricey, also are almost forced to buy more than is required (guess that's why it's pricey?) but in the end, very good shop, both online and brick and mortar."
Costco,2017-01-24,5,They never cease to amaze me as to how flexible they are with purchases and returns! Love them and have been a member for over two decades. Never once have they made a situation right for me!
Costco,2017-01-23,5,Awesome products Always check price and against quantity The Kirkland Costco brand is very high end. Stores are always clean and well run Check out is smooth even when long lines
Costco,2017-01-19,5,Just because they have great prices on some items don't believe that they are all better then you can find elsewhere. Be a smart comparison shopper and you'll be rewarded and get the best prices you want!
Costco,2017-01-19,5,I love online Costco shopping. So consistent and easy to return things. You just can't go wrong shopping here.
Costco,2017-01-17,5,I'm not a big fan of big corporation but I have to confess Costco has a different story. I like the quality of products and you get what you pay for.
Costco,2017-01-16,5,For those bigger items they ship to your door - great service. Good price as usual and no worry of how to have items delivered to my home. Great job!
Costco,2017-01-14,5,"Had difficulty with online order, was delivered to the wrong address twice! However, COSTCO Customer service took care of all, and I got the order within two weeks. They took care of the shipping, credits, and all other issues. I will use them again! GREAT SERVICE!"
Costco,2017-01-13,3,"I like to shop at costco wholesale, good products in family pack, but I do find some products available online a bit expensive."
Costco,2017-01-11,5,My wife calls me Dr. Excess Costco is perfect for me Buy largest quantity of items Lower to Reasonable prices Excellent customer service/ return policy
Costco,2017-01-11,5,"Going to Costco is an adventure each time. You find great deals, really cool products and the best folks in the world work there they become your friends and it is always a pleasure when a return is needed."
Costco,2017-01-09,5,"I always find so much every time a go to Costco! Everything from food to furniture. Also, I love the free food samples to try!"
Costco,2017-01-08,5,"When i need to buy in bulk, Costco ain't no joke, such a large inventory and really good prices."
Costco,2017-01-07,1,"MANAGERS AND CORP DON'T CARE! They allow rude and unprofessional people to work in departments where their employees constantly interact with customers, this is a big problem in the return department. About a year ago, I had an issue with this store. After my complaint, this employee and a ""supervisor"" mocked me because I had complained about their prior rudeness. I called Corp but Corp showed how much they care about their customers because these women are still in the same department. What's worse, these bullies now have other, rotten employees who follow their unprofessional example. Yesterday at this store, Twyla S. Was lecturing me about returning an item. I had purchased 2 of the same items in the same week, but had paid an extra $3 on one item. I decided to return the one I paid more. I had my receipt and the item was unopened. After my transaction, I asked the manager about the return policy and the managers did not agree with what Twyla S. Told me, yet they didn't inquire further into the situation. After 18 years of membership, I am considering to cancel it. Do I really want to pay $110 in exchange for nasty service? All I ask is that I receive decent service with respect, nothing more than that. COSTCO, you need to consult with those who train Nordstrom and the Dollar store employees. It's unbelievable that a high and low-end store treats their customers with a better attitude and service than your company does - without paying a membership fee. I strongly believe these employees have a problem with me because I don't let anyone walk over me. It seems like the problem these fools have with me is that I know what is right and don't allow anyone to mistreat me."
Costco,2017-01-07,5,Even though we are not a large family the savings you get@ Costco are amazing. Food is always fresh and quality excellent. Variety of items always changing and extensive. Return policy unequaled.
Costco,2017-01-04,5,Good customer service and quality merchandise at affordable prices.
Costco,2016-12-31,1,"Got charged twice for membership plus computer cut off my 2% rewards. Horrible customer service! HORRIBLE! NO CARE FOR THEIR CUSTOMERS! Representative kicked me to the supervisor. Supervisor kicked me to the Costco store. Costco store put me on hold for forever... Finally, issue was resolved. But... no apology, no compensation. I am very disappointed."
Costco,2016-12-31,5,"You get great quality, and fabulous prices. They stand behind their merchandise."
Costco,2016-12-31,5,"Best prices on merchandise you can touch, feel and pick up same day, especially if cannot wait to get the product /merchandise and use it the same day! Beats online shopping by a long shot. Thanks Costco you saved me from being the Grinch who stole Christmas to being the best Santa Claus ever! Thanks for having everything I needed for last minute Christmas shopping including the food and pies, where would I be without you!"
Costco,2016-12-28,3,I kind of like Costco because my dad goes there and sometimes me too!
Costco,2016-12-28,5,We buy all our bulk items here like paper goods and meat
Costco,2016-12-25,5,Great selection and price. Staff are helpful and friendly.
Costco,2016-12-24,1,"When not all of it is. Not happening today, not next week, not next month, never."
Costco,2016-12-22,5,"The SKU is limited, and you need to get there wright when it opens, and you have to buy a lot of most things. Doesn't sound like a recommendation, does it? But yes, the prices are great, the people are well-paid, and so happy and friendly (where else in Atlanta can you find that?), and their fresh-made food in the meat dept. is excellent."
Costco,2016-12-22,5,"Pretty good variety of items, with a great return policy"
Costco,2016-12-22,2,"I had a membership for a year and cancelled it because the one I shopped at sold outdated food. I got food poisoning from eating one of their frozen pizzas. I turned them into the company that made the pizza and got my money back. Bulk is fine for large families, but if it's just for a small household it doesn't do much good because the food will spoil faster. With the store I shopped at it was already expired when purchased. Other Costco's I shopped at were pretty much the same. I bought a computer from them and it was a piece of junk that didn't last long. Cheap products for cheap prices."
Costco,2021-01-18,3,"I love shopping at Costco. The thing is though I have only shopped at Costco once with my friend. Why is that you ask, because you have to get a membership. They are quite expensive if you don't go there much. Does coles and woolworths ask for memberships no. So why does Costco have memberships"
Costco,2016-12-20,4,Your portions are huge your prices and employees are amazing!
Costco,2016-12-20,5,Their furniture is very well built and high quality for the price when compared to most furniture stores.
Costco,2016-12-18,5,Always great prices and quality. There's never a problem returning something. Highly recommend.
Costco,2016-12-14,4,Exactly what you need in terms of large amounts. Bring a car with a lot of space.
Costco,2016-12-14,5,"Whether you're buying beef or planning a vacation trip, Costco has it all at the BEST prices you can find. Their quality is fabulous as is their customer service. Something goes wrong after your purchase, just take it back. I love their eyeglass selection and they adjust them as often as you want. The only problem I have is when I get hooked on a product like their Parisian Salad and then they discontinue it. I wish there was a way to beg to bring it back."
Costco,2016-12-09,4,Been a member for many years. Very happy with their products and services
Costco,2016-12-07,1,"Went to use our card said was expired which we were not aware as is a gift from son, girl at customer service great, called manager for help and he could not help, we asked if we could have a one time pass as we had things to purchase and the manager says we don't do that, I knew our card would be renewed by our son but he didn't care and was very unpleasant, just no we don't do that. This is a newly opened store in Allentown Pa and we were so anxious to shop. Other employee pumping gas was exceptionally nice and let us get gas one time. We are senior citizens, was just disappointing with the whole thing as we normally love Costco, was in a Costco when visiting family and experience there much better.."
Costco,2016-12-05,5,"Ideal. Cheap, quality, quick, convenient, dependable, consistent."
Costco,2016-12-04,5,"I love going to Costco, it's like a treat. Everyone's always nice and helpful and smiling and product knowledgeable and fast and efficient which is probably my favorite part. So what if I have enough saran wrap for the next 3 years? It was like 2 dollars. I got an amazing Levi's jacket there for real cheap and the only thing I'm upset about is they are gone and I can't get another!"
Costco,2016-11-30,1,I ordered a computer on line for cyber Monday and was all excited as got a good computer with $550 off and got confirmation of my order. I then got a email saying my order did not go through so called customer service with a 20 minute waite time. Finally got some young girl on the line and she said it did not go through because of the credit card did not accept it. She also said I would not be able to get that computer as it was no longer available. She told me to call my bank to see why they did not accept my transaction. So did that the credit card company said the transaction was on our bill as pending. So called Costco customer service again and got another young sounding girl after a 20 minute waite. I told her the whole story and was put on hold then she got back on and said the reason it did not go through is because I used my husbands credit card instead of mine which is the same card just different name and my husbands name was not on the account so would have to add him for $50 and get my mom to call membership so she could switch my name to my husbands name on the account as my Mom was the primary account holder of the Costco membership. So call my Mom she calls Costco membership department and the lady says she can not switch the names as I and my husband would have to give permission or my Mom who lives 80 miles from Costco would have to go in and do it at the store. They could not take care of the problem over the phone and if we did a conference call and got my permision they could maybe do it on the phone but would take 10 days to process and by then the computer would no longer be available. So I call Costco back and waite 9 minutes and get another young girl tell her the whole story and I ask can you just put my name on the crwdit card as they are the same credit card just different name and she said she could try but a lot of times does not go through so she tried and could not figure anything out or how to change it would not allow her to do anything. So the only way we could get that computer and for that transaction to go through was to add my husband on for $50. Just because I typed his name instead of mine. That computer is no longer available and the sale on the computers is over. So I will never order anything on line from Costco again as the customer service was just a bunch of young girls who did not know the answer and would send me to a different department or pass the buck on to my credit card company and were not willing to try and help me or make it right. I just am out of luck and waisted a whole morning on the phone getting the run around and never any answers.
Costco,2016-11-29,5,I love photography and I have found no better place to print my photographs than at Costco. They r beautiful. Good ppi and there never distorted and there just great! ;) Thanks.
Costco,2016-11-24,5,"I was shopping one day randomly getting regular things when I got to the register and got this (gorgeous) girl named Amber. I love those employees who can relate to things you say! She was so kind and helpful! Costco is a very friendly, low priced place!"
Costco,2016-11-23,5,"We appreciate you as much for your goods and services as for using sound, sustainable business practice (i. E., friends who work there can afford to live?! Right on!). Carry on, and we'll keep on shopping with you. Much love."
Costco,2016-11-21,5,World's can you get your electronics perishables and bakery Goods all at one stop just have a membership card and you're in thank you Costco
Costco,2016-11-14,5,"I buy what I can from them. The prices are great and the returns are super easy due to the fact that they enclose a prepaid return label. Rarely do the charge for shipping and it's indicated when they do. Sizing is consistent more often than not. They mainly have basics like jeans and solid color shirts. They have some good plus sized items and also great boots similar to uggs, but much cheaper in price."
Costco,2016-11-14,5,I simple cannot be more happy with Costco and the level of product and service!
Costco,2016-11-11,1,"Costco is a wonderful place to buy. Yesterday I bought starbucks dark roasted coffee beans. I know when coffee is dark. When it says dark, I thought it was darker brown. This was real black. When I test the coffee, it was such the worst coffee I have ever sipped. It is over roasted. I wish could bring it to Costco and get refund."
Costco,2016-11-09,5,"In General I've been a Costco fan for an very long time! This is where you can go and buy a lot of stuff for a cheap price, they have a food court with amazing food and I absolute love it. The Workers are very friendly! They deserve more than a 5 star!"
Costco,2016-11-07,5,"You get some great deals, great quality products and usually with a good warranty and a no quibble return. Same online purchases can't be picked up and returned to the Costco shops though."
Costco,2016-11-06,5,"Many positives; worth admission price; quality products, helpful staff"
Costco,2016-11-04,1,Appalling offensive insulting coplike follow me around employees aren't cool nor professional. Ima 50 yr old highly educated person. Im so angry at being watched it ruins my time. Bardstown rd Louisville ky store-- losers. The $125 mbrshp wont b renewed. You have poor management
Costco,2016-11-04,4,Of course the most important thing for us is the savings we realize shopping at Costco / the one flaw is that on occasion there will be an item that is a once only item never to be seen again - just like at the Dollar store / Dwight N.
Costco,2016-11-01,5,"I absolutely love this store. You can't beat the reasonable pricing and their return policy is awesome. We buy all of our meat here, it's amazing. Congratulations to Costco for being our number 1 store!"
Costco,2016-10-29,4,"I ahve been shopping at Costco since the 90's so I have seen Costco go through a number of changes. Some of those are good and some not so good. Lately, I have noticed that at my regular store in Wilmington, NC, they seem to be intent on constantly moving things around. I am not sure why they have done this but it is annoying and frustrating to go look for things that have been in a particular location forever, now suddenly you have to walk all over the store. It's not easy finding store employees unless you walk to the front by the registers. The other thing I noticed about Costco is in the area of clothing. I remember back 15 years ago you could buy a Cutter and Buck shirt and it would be of the same quality as you would find in a Belk or Macy's. Now the name brands use thinner materials and they just look like the same quality you might find at a Walmart. Basically I have quit buying cloths there for this reason. It is also aggravating to have to show a card to get in but you can't make a purchase without one. The in bound control is useless and dumb. I understand why they have a outbound control but if I wanted to steal from them, I would not have too much problem doing it. I won't say how because it may give some people the idea and then suddenly people are walking out with goods. So enough of the negatives. There are many places you can save money at Costco but you need to shop them like any other store. Some of the best deals are milk, the hot dog special in the food court, cereal, breads, organic Blue Agave sweetener, butter, the $5 broasted chicken is a nice quick pick up if you forgot to defrost something for dinner, and Kirkland batteries are just a few. Another nice perk is being able to buy prime cuts of beef. That is not available in most grocery stores. Gas is always the cheapest around at Costco. It is also very nice to get a check back from Costco once a year if you have an Executive membership. My last check was $187 and change. Costco obviously has a winning business model and it is wildly popular for that reason."
Costco,2016-10-21,1,"NOT the great prices they used to have. Tried to add my student daughter who lives with me on another card and they wanted 2 bills under her name. All she has are e-bills (who gets regular mail these days?) and I pay the household bills anyway! Printed an email bill of her cell and after much fuss they finally gave her a membership card. Lousy attitude not to have an express land for few items... ""we want you to buy more"". Psshhh, how about I go to Walmart across the street then to buy less then 10 items at a better price?! Wont be renewing membership next year."
Costco,2016-10-22,5,Their house brand Kirkland is excellent. Everything of that brand that I've bought has been excellent from sneakers to peanut butter.
Costco,2016-10-22,5,"The only advice I have is if you get your tires done, make sure they tighten all the screws. I lost 10 nuts off my Lexus because they either didn't tighten them or tighten them at all. What a joke. I got to check my tire nuts now?"
Costco,2016-10-18,5,My husband and I have been members at Costco for a very long time. They are essential for getting toilet paper and paper towels for us.
Costco,2016-10-19,5,Costco is awesome in prices when you have a big family here is where you want to shop. You will get your money worth.
Costco,2016-10-15,4,"Great store for prices more reasonably than what you'd get at, say, Whole Food, or even regular supermarkets. Its meats are really good; my husband gets all his steaks there. And its canned crabmeat prices beat just about anyone else's. It has lots of other stuff like electric toothbrushes and clothing and paper goods. We use it as our go-to food department store."
Costco,2016-10-15,3,"Costco its a great wholesale place to come for great merchandise. Its good for those business owners for Bakery's, Restaurants, Cafeteria, Bars Etc. they have great deals on whole sales its much cheaper than buying something one by one. They have allot of great things here T.vs, Cellphones, Dvd's, Radios, Furniture for your home. At very affordable prices they have allot of things at fine prices you wont be disappointed with the deals they have going on"
Costco,2016-10-13,5,Love costco! Their products are awesome and of course eat my pizza after the shopping is a must!
Costco,2016-10-10,2,"No longer paying to be treated like crap by spoiled employees, or run down by obnoxious crazy shoppers. Anyone w/basic math skills knows you are not saving money by providing Costco storage for their excess and very perishable goods. P.S. Trader Joes has samples that don't make you wanna wash your mouth out afterwards."
Costco,2016-10-05,1,"I was shop at Costco in Sunnyvale, California location on October 3,2016. So I decided to order a large pizza to take home. The server was very rude to me. She handed me my pizza without giving me plate and small packages of cheese and pepper. So I asked her very politely for a plate. She simply told me that my order is ready and she walked back to the kitchen. While I waiting at the counter to speak to another server for a plate. A lady next to me who is Caucasian also ordered the same thing that I did and the server gave her plate and small packages of cheese and pepper without asking her did she or not. At that moment I realize that I was being discriminated. So I asked another server for a plate. She handed me my plate with an attitude. I'm very sad how I had been treated by Costco employees. I'm thinking not to renew my membership next year."
Costco,2016-10-01,5,Costco is well worth the membership fee.The well-curated collection of consumer goods offered make this one of the first places I check when shopping.
Costco,2016-09-27,5,"This is the ""top drawer"" of shopping clubs. They have EVERYTHING of quality plus some! Fantastic prices on most things!"
Costco,2016-09-24,5,Prices are very good and the quality of their store brand is always excellent when tested by Consumers Reports magazine. Good to have independent verification of the quality of the products they market. No problems with exchanges or refunds in the few cases where that situation arises. Can't complain!
Costco,2016-09-22,4,I ordered a bed and bedding and had it delivered to my house so I didn't need to load/unload from the car.
Costco,2016-09-22,5,I have ordered lots of things from Costco and have only had to return one item and I was given a full refund at the warehouse.
Costco,2016-09-22,5,I always shop Costco for big ticket items simply because of their return policy.
Costco,2016-09-21,5,I saved a lot of money for the same coverage I had with a national insurer.
Costco,2016-09-19,5,They have a great return policy. They have good quality products. Their sale people are friendly and hard working. This is the way stores should be! Kudos Costco!
Costco,2016-09-19,5,Shop a lot and like finding things I could not find else where. The products are good the produce very good.
Costco,2016-09-19,5,"You have to have a membership ( it's a MUST if you want to shop there), but other than that, the prices are great and the place is huge!"
Costco,2016-09-18,5,Excellent return policy and they buy quality stuff!
Costco,2016-09-08,4,Because they have such a great return policy they better quality merchandise. This does make their selection more limited but if you find in on COSTCO you know it is good at a reasonable price.
Costco,2016-09-05,4,To be able to shop using a motorised vehicle within a massive area is terrific. Almost everything one would ever need under the one roof helps enormously.
Costco,2016-09-02,1,"Thank you for contacting Costco.com It is our mission to continually provide our members with quality goods and services at low warehouse prices. As a wholesale company already offering competitive prices at the point of purchase, Costco does not price match with other retailers. We apologize for any inconvenience this may cause you. Thank you, Becky R. Member Service Center Costco Wholesale Corporation Customer By Service Web Was looking at one of your treadmills to buy. Item #******* This is the proform 800i treadmill. Saw it was $1099 at costco. Looking around, it is way cheaper other places, in fact your about the highest around. Walmart has it for $675 https://www.walmart.com/ip/FAST-TRACK-ProForm-Performance-800i-Treadmill/******* Everywhere else is well under $1000. So I have to think that the online price has to be a mistake. I have never seen your price that much higher than even walmart. I even looked up the price history and you used to sell it for $600. Help me out here. Want to buy one but my membership isn't worth it if the price is so much higher. Let me know."
Costco,2016-09-02,5,I find Costco to be one of the few grocery stores that provides provides both great products and customer service. They do a great job with handling large number of customers and I can always get in and out in 10 minutes on the days that I need to.
Costco,2016-09-01,5,"If you can find one that has gas, worth the membership as you save on gas also."
Costco,2016-09-01,5,"Being a family of 4, it is really expensive to just go for groceries at regular stores, so Costco is the saver. Now i can actually buy all i need for the month and more in just one trip and spending way less money than what i was used to. Thank you Costco!"
Costco,2016-08-30,1,Why would anyone want Costco for anything of the so called fresh foods they promote and sell. Costco continues to sell carcinogenic treated foods. Costco sells Propylene Oxide treated foods that are known carcinogens to humans. Banned in even lesser developed countries. Unforgiveable.
Costco,2016-08-30,5,"I've bought big and little items off of this site, everything from a Wallbed to exercise equipment. I've been happy with what I've received but if I have a problem, back it goes to the store with no hassles. Other stores should treat their customers as well."
Costco,2016-08-29,4,Try to by the least possible as it can be very expensive.
Costco,2016-08-29,5,Amazing savings especially for big families deals are great!
Costco,2016-08-29,5,"Costco is rated one of the top employers in the US. They pay a living wage, have great benefits for their employees so they don't have to be on welfare (ehemm Wal-Mart...). They save us a lot of money! Thousands of dollars per year saved and we eat all organic all natural everything! Thanks Costco! We heart you!"
Costco,2016-08-23,5,I recently ordered eye glasses and then I became ill and could not pick them up I called the optical dept and asked it they could mail them to me well they arranged for an employee in another dept to deliver them to me on her way home. Two hours after my call I had my glasses. I was just astounded with the service. Thank you Costco
Costco,2016-08-22,3,"I still like the store, but they have continually increased the size of packaging, like that of fruits and vegetables and they have very little selection of healthier foods. Try to find a low fat soy milk, or pre-made dinners with even reasonable amounts of salt. The cost of the membership goes up every so often and, for me, it has outlived it's usefulness."
Costco,2016-08-20,5,"I've never had a bad experience with ordering from Costco. Always on time, always what I ordered, and easy! Best quality and good value."
Costco,2016-08-20,4,"Costco pizza is wonderful, I love it! Great other options for food as well. It has to be one of my favorite places to eat. I have heard great things about shopping at costco but I am not a member myself so I would not know. Just by browsing the site right now, I see that they have a customer service link and I really like that about them. It helps to answer questions and to get additional help in case you need it. Seems like a great site to me."
Costco,2016-08-20,5,I was a member of Sam's Club for years! I had a friend convince we to switch to Costco. Boy was he right!
Costco,2016-08-18,5,"COSTCO is great on all fronts. Great products for each category, a business running on all cylinders because the owners care about their customers, care about their employees and the consumer benefits. What I don't find on the site, I find at one of their locations and I always see happy faces."
Costco,2016-08-16,4,Love going there to shop the goods they sell are topnotch they also take things back even if used over 30 days and the samples aren't bad either just got to remember two thing one don't go over budget and two and this is recent they only take VISA
Costco,2016-08-12,5,I come here once a week. I shop for the entire week or two for a wholesale price. I save time and money.
Costco,2016-08-11,5,I'm in love with their chocolate chip cookies and croissants. I have a big family so buying our grocery in quantity but for less expensive is great.
Costco,2016-08-10,5,Costco is the best and only selects the best of the best products. Love Costco :)
Costco,2016-08-10,5,I love this place too much lol! The employees are so helpful and they are clean and they check you out fast! Great fresh pizza too!
Costco,2016-08-09,3,"First, finding a place to park, next wading through the crowds and the aisles requires a new level of patience. The membership itself is a process which I could live without but since Costco does not accept credit cards there leaves little choice. I think Costco is ok but for most people, the savings are not so great when you have to buy bulk items which require time and space to use if it doesn't go bad first. For the electronics, again, the savings are there but the choices on makes and models are limited and seldom relate to the best models or products that the manufacturer has which brings me to the not so great. I would recommend you visit the store, inform them you'd like to see before you buy a membership. They do accommodate and you'll get a better idea of what is there and what to expect without taking my review to heart since not everyone would agree with me on it."
Costco,2016-08-07,5,"They get better and better. You need to be able to buy larger quantities, but i. E., I just freeze wild salmon that I can't use right away. I can pay $36 per pound at the harbor, or $10 per pound at Costco. A great shopping experience for the health conscious shopper."
Costco,2016-08-05,3,"I find that you have to know your prices when you shop here, because you will be gouged if you are not careful. Paying for a membership, then paying for the items, then packing all your own stuff, is it really saving any money? You stood in line for a long time & sat in their traffic even longer... no it wasn't worth the few pennies you saved."
Costco,2016-08-05,5,"Good quality clothes, shoes, household, furniture and really good prices! Love CostCo"
Costco,2016-08-04,4,Good if they have what you want' Do not tell you if other stores have it?
Costco,2016-07-26,1,"Unless you have a big family, its not worth shopping here. My opinion.."
Costco,2016-07-25,1,"No one wants to help you, hard to find things. To us they just not that good"
Costco,2016-07-23,4,May be cost to cost price. For a large family of 4 adults and kids the shopping is family saver.The quality of merchandise is exemplary and staff are helpful.
Costco,2016-07-23,5,It just has everything you wand and it has amazing food as well! Also really good service
Costco,2016-07-22,5,We buy in bulk have some home storage. With 6 adults in the family we plan the meals for the week. It's a great cost saving. They always seem to have something different and Yummy. We I visit the store I love the sample nibbles. We regularly shop there. Many of my work colleagues shop there as well.
Costco,2016-07-21,5,"Purchased Bathroom floor tiles, 2 tiles were faulty. Costco not only refunded me for the total cost of the floor but thanks to the excellent service from Maxine they found me one further box in another store in the UK. The service offered by Maxine in the Haydock Branch was superb, having worked in a Management Role for a large retail company in the past, I would say she must be an asset to not only the Store but to Costco's name and reputation. Well done Haydock customer service. Well done Maxine."
Costco,2016-07-17,1,"I placed an order for a TV on 7/6 and received an email from CEVA that it would be delivered on 7/14. On 7/13, I received a call from CEVA that it was delayed and would be delivered between 4pm and 8pm on 7/15. I went home early to receive the delivery and it never came. CEVA did not contact me to let me know that it wasn't coming. I contacted CEVA on 7/16 and was told that the earliest that they could deliver now is 7/20. This is terrible customer service and COSTCO should not use a company that acts in this manner."
Costco,2016-07-15,5,"I've been a member for 20 years, and I have never failed to save more than the cost of my membership. I save the cost of membership on gasoline alone!"
Costco,2016-07-14,1,"Losing my confidence in Costco. I've had several disappointing experiences lately. They are not demanding quality customer service from their vendors like they used to. Currently, I cannot get resolution from Sparklets water system (purchased at costco). I returned the unit in 2 weeks, I keep getting calls saying my payment is past due. I've talked with 3 different reps who say everything is okay, then I get another call. Wait times for the phone exceed 35 minutes."
Costco,2016-07-15,5,"Costco is great but it is just too crowd when you go into their store. Just overly crowded. Good thing they also sell online, just not everything you see in the stores but it serves my needs. Also, shipping is like extremely quick. I choose standard shipping and it came the NEXT DAY! Talk about quick service!"
Costco,2016-07-15,5,I love Costco. Good products. Good prices. Best hotdogs and pizza Even better: free food samples while shopping
Costco,2016-07-14,5,Costco is a great place to shop. They have everything that I could ever want and even got to use their services for flooring. Great company.
Costco,2016-07-14,5,Costco is heaven on earth. I go with my family once a month to stock up on groceries and home goods. Their prices are unbeatable and when those coupons come in the mail I'm sure to use them each and every month. Thanks costco for the savings!
Costco,2016-07-12,5,Best decision ever to get a membership lol go down every month love it
Costco,2016-07-06,4,"Some things just aren't available online but of the things that are, the shipping to my home saves me time and gas. I still get more at the store."
Costco,2016-07-06,5,The best QA company they check the product. I trust the product that I find in Costco. Also the return policy that encourage you to try new product that you are not familiar with.
Costco,2016-07-01,5,Been a Costco guy for years. The customer service is the best. Never shopped online with them. Too bad they got rid of AMEX I liked their customer service too. I'm not too fond of Citibank.
Costco,2016-06-29,5,I ordered an item that was available at a local retailer a few blocks away. A big heavy safe. The local store was 200 dollars more and delivery was not included and would be another 200 dollars. This was not installed just for delivery. The very same safe I was told by a friend was at Costco online. The same safe was there for 200 less than the sale price at the other strore and included delivery. The delivery was prompt and the truck driver wheeled the safe into my garage when all he was required to do was drop in in the street behind his truck. If you want the bulk pack this is the place.
Costco,2016-06-26,5,"What's not to love hear? Great selection, prices, policies!"
Costco,2016-06-23,5,"Other than I call this place the $100 store... I love all the great things I find at Costco. I also like how they ship free too. They have by far the best return policy ever known to man, they take back ANYTHING which is why I love knowing I can buy anything from them and no matter what, I'll either love it or can return it hassle free. :)"
Costco,2016-06-22,5,It's a great store to stock up on your food and paper products.
Costco,2016-06-21,4,"Quite often, I'm unable to find what I'm looking for. However, when I do, the price is excellent. Their house wines are an excellent buy. Very good ""table wines"" for a discerning palate."
Costco,2016-06-20,3,Frequently I have bought an item online only to find it at the Costco store cheaper. They are very good about refunding the difference however its inconvenient to stand in line forever to receive it. I stick to their store which I love but limit my online Purchases.
Costco,2016-06-19,5,Great premise and they're stringent enough with checks that not just anyone can get a Costco card. It's simple and straightforward.
Costco,2016-06-19,4,"I like to shop at Costco for the fresh produce such as fruits, vegetables, eggs, milk, and wine. They also have the best laundry detergent, dish-washing liquid, and bath-tissue at an affordable price. Costco gas-prices are the cheapest."
Costco,2016-06-15,4,"Costco.com accepts all credit cards online but not in stores:-( The online selection is larger than in-store selection for electronics, bedding and other things (except alcohol, veggies, frozen and some other things). They offer free shipping and same generous return policy. I shop here often and most items arrive in 2 days."
Costco,2016-06-10,4,"I really like their groceries etc, I get twice the size of things like that addictive sweet kale salad for the same price as in my grocery store. Their electronics always seems slightly past their sell-by date--everything I look at, there's a newer model coming out."
Costco,2016-06-05,4,"Good quality, some of their items are not cheap. You have to be careful when shopping."
Costco,2016-06-03,5,Great company with great policy's. They are very customer orientated.
Costco,2016-05-24,5,I like shopping in costco because they carry a lot of the food i buy and their prices are very low. What i also like is that tvey pack your cart.
Costco,2016-05-22,5,"I have been shopping at Costco since the 90's. The reason, good selection, good prices, and excellent customer service. If you have yet to shop Costco, you are missing a treat. The only thing that a new Costco shopper might feel weird about is no shopping bags to bag your purchases. That's not a problem for me however since I can back up to my door and unload. They do have card board boxes from stocking for those that want something to carry groceries or other items but I hate having to break them down at home and putting them in my garbage. They have a liberal return policy. I am not a big returner of things I purchase but I did return a TV and a few other things and there was not a problem at all that I experienced with the returns. Same with a few produce items such as a water melon that was way past ripe and therefore uneatable. I just told them about it and they refunded me without bringing it in which would have been a major pain. They accepted the TV I returned without boxing. I did not like some of the TV's features and returned it about a month later and got a different TV from them. Their extended warranties through Fair Trade are excellent and I have had to use that once for a cell phone and - again - no problems. Given the return requirements of some other stores, I am very favorable impressed with Costco's."
Costco,2016-05-22,4,"You can always get a good price on electronics at Costco, but the selection is very limited."
Costco,2016-05-16,5,I can't get enough of their yummy New York Strips Super good! I go sometimes just for the steaks.
Costco,2016-05-16,5,"Always have new items, some really tasty food products and many items you don't see elsewhere. The staff is always very pleasant and helpful."
Costco,2016-05-14,4,"Biggest complaint is that families seem to treat Sunday's as a family outing, bring the kids, bring gramma with her wheelchair, and grandpa with his cane. What? Is this feed the fam free day? Business owners have limited time to ""shop"" and the lines are insane on Sunday. I think they should have an 18 and over policy and a restriction on how many can come through on one card."
Costco,2016-05-12,5,Awesome store. With a very friendly and helpful staff.
Costco,2016-05-09,5,We are a regular buyer at Costco for certain items and are the best comparable price... We buy are paper products. Their meat is excellent and great to buy in quantity for those big bashes. Easy in and out... better not to go on prime times if you are in a hurry or thought check out is fast.
Costco,2016-05-09,4,Pretty good prices... but i dread going there due to the long lines!
Costco,2016-05-05,5,"Super good prices, best customer service- love Costco"
Costco,2016-05-04,4,"They have great deals, good deals and deals you can get anywhere. They do offer many areas of opportunities and do communicate with their feedback by trying to give the customer what they want. They aren't any better than Sam's club or other discount wholesalers and certainly no worse."
Costco,2016-05-04,5,Always satisfied! Excellent! Excellent! Excellent!
Costco,2016-05-02,5,I have always had great luck ordering online from Costco. Once I got the wrong color for an item that I knew was shipping direct from the manufacturer. I called Costco and they took care of everything. The difference between a good retailer and a great one how well they handle problems.
Costco,2016-05-02,5,This store is great! I just wish they sold more stuff like Sam's after all they are compatible.
Costco,2016-05-01,5,"I love going to Costco when I can. I love their samples, family-size bigger products, shop for the whole family there. Try them out"
Costco,2016-04-28,2,"I'm skeptical of any ""warehouse club"" that charges a fee t shop at their store. You have to carefully calculate the amount charged to join vs. the savings you're getting to make it worth the time & effort to shop there."
Costco,2016-04-29,5,"I can always count on Costco to be the same, I have never had a bad experience in this store and have always been greeted with awesome customer service!"
Costco,2016-04-27,1,"Another antiquated business that needs you to create yet another marginal internet account instead of using top-level single sign on SSO providers e.g. Google, Facebook"
Costco,2016-04-27,5,"I remember the first time my Wife and I visited the new Costco that had just opened in Anchorage, Alaska - many, many years ago now. We were amazed at the number of products, shelves of tools, stacks of new books, and tons and tons of food and supplies available for our choosing - all at a price way below what other stores in the area sold them for - or even had available at the time. Now, that Costco is visited at least once a month by my wife or myself - sometimes once a week. And while there, I always see at least one or two huge orders being processed for an Otter Aircraft Flight leaving that night or the next morning; a massive amount of goods piled high on several carts, being maneuvered through a check-out station - destined to fill a ""Fly-In Only"" Bush Community's shopping list. The town's ""Designated Shopper"" or local Supply Store had phoned in an order. Or a town representative had flown in to obtain what the Village required for the next month or two. Costco, over time, has become an Institution in Alaska - the one stop Warehouse Shop - designed for the local Family, Home Owner, or a remote Bush Community, to obtain what ever is needed at that moment, or for the next quarter."
Costco,2016-04-26,5,"I like coming to Costco, you can find quite literally anything here and in bulk."
Costco,2016-04-21,2,"If you make a large purchase online with this service. Be careful. They put a hold for the Full amount. Then, a couple days later they charge the Full amount... So, if you are on a budget. And... You are making a $650 purchase online. Expect to be temporarily out $1300... Until they fix everything your bank gives back the money CostCo placed a hold on. And, expect them to say it's no big deal. Because, everyone has that kind of money to spare..."
Costco,2016-04-20,5,"I'm always satisfied with the products and services provided by Costco. You get high quality items at a low price, generous return policy and you can't find almonds at a better price than at this store :D"
Costco,2016-04-19,5,"Costco - this says it all, total customer service."
Costco,2016-04-18,5,"Well there is not enough to say about Costco, quality, price and customer service. And themes important of all they will exchange whatever you have bought even it the reason is that you did not like it."
Costco,2016-04-18,5,"Many orders placed and received without incident, and good customer care. One exception: I ordered a 53"" flat screen TV that did not come. I followed up to learn that it was on a loading dock in NY (I live in the SF Bay Area, and the shipment came from the San Diego area, so this made no sense). When the TV finally arrived, it was a far more expensive model, and it was clearly addressed to a person in New York! Ultimately, I got what I had ordered and the poor customer in NY, hopefully, got his!"
Costco,2016-04-17,5,"Costco has good products and reasonable prices, and they are decent to their workers, by most accounts. They are also responsive when you email them with a question."
Costco,2016-04-12,5,"I love Costco! They have everything you could ever need in there or online. I've saved so much money buying everyday items to bigger ticket items. Even if you don't need to grocery shop for a big family, the membership is still worth it even for just a one person household."
Costco,2016-04-10,5,"I don't understand how anyone could not love this store. I live in Tempe, AZ at the moment, but no matter what city I'm in I make sure they have a Coscto nearby, like that is literally a requirement on my checklist. I will pick Costco over Whole Foods, Sam's, Safeway. Albertson's, Target, etc, any day of the week, that's how much I love it. Not only is their selection superb, but their customer service is on point. Whether you're vegan, vegetarian, strictly gourmet, or you just like good food at good prices in bulk, this place offers one of the best selections you could ask for. I think a lot of people are indoctrinated with this understanding that Walmart has a great selection and we should tolerate their 2-lanes open with 500 customer's deal because, well, they're WALMART, but man that simply isn't the case. If you're not used to shopping warehouse bulk, then trust me you're missing out. Do not let the value in paying $20 for a 30 pack of something that runs $9.99 for a single pack at regular grocery stores run over your head. If you want deals on shopping, I always recommend buying snacks, some fruits, meats, pastas, breads, gourmet foods, skin care, etc from Coscto; the bulk of your produce from a farmers market, and select bulk meat packets from a butcher. In between, I'll hit up Albertson's for their 10 for $10, Fry's or Safeway (Safeway has discount Friday's) and supplement with well-priced in between type foods which usually completes my routine. If you get hip and play your cards right, this formula can save you hundreds of dollars a year and offer convenience you can't go without. Not to mention Costco has a great monthly coupon book and girl, let me tell you when they have coconut water on sale I AM THERE. I WILL LIVE THERE. Costco is one of the few store chains out here that is family owned, customer oriented and health conscious all at once. I've been going for years and never had a problem with their customer service and always get exactly what I need. Their stock is always on point, and they offer a very deliciously unique selection for the foodie, wine-o, and family person in all of us. To the few and far between that have had a negative experience, my suggestion to you is just let that sh*t go and keep supporting them where you can because Costco quality is rarity these days."
Costco,2016-04-09,4,"I'm new with Costco, and it's fun and they have really cool things (like collapsible storage), and prime meat (?). Nobody but butchers sell prime meat, and enoooooormous chicken pot pies. But I live alone. Haven't figured out yet if its financially wise for me."
Costco,2016-04-06,5,Costco is a good place for family to shop you can get get almost ever thing you need for your family at a good price at one place.
Costco,2016-04-06,5,"Pretty good place to shop, I am happy with my experience."
Costco,2016-04-06,5,You might think im crazy but i think the membership is worth it just to go and get the fries from the costco food court they are amazing.
Costco,2016-04-04,5,"Incredible selection of products and great service when you consider it is a big box wholesale concept! For the most part, prices are excellent. Samples are always a fun feature and a polish and a drink for a buck and a half, yum! Meat, produce, fruit and baked goods and deli type items are always fresh. No hassle if for some reason you need to return something."
Costco,2016-04-04,5,I've been a Costco member for 20 years and I find them to have only one fault. If you see a good deal at their warehouse buy it then because tomorrow they all may be gone. But I guess this is a good thing because their inventory in constantly changing. I like shopping at Costco.
Costco,2016-04-04,5,Love Costco. They stand behnd their products and usually offer an additional year or more warranty on their products. Items are delivered in a timely manner with the utmost care.
Costco,2016-04-02,5,The only problem with shopping at the stores-is I buy too much. I have bought several big items on line. Never a problem. Costco's return policies are superior even now limited[fairly] for certain classes of electronics.
Costco,2016-04-02,3,Nice people and all... but I hate paying expensive fees for the membership
Costco,2016-04-01,5,"This is magical place to find you bulk needs, in addition, have good quality and fair price"
Costco,2016-03-30,5,"Costco seems to do a great job of offering among the best prices you can find on mid to high quality products. Not the low quality junk you will frequently find at bargain stores like the notorious Walmart and others (might as well just throw your money away). This applies to their food products, household goods, linens, electronics, hardware, services, etc. Plus they stand behind their products, and if you aren't happy with them for whatever reason they will accept a return hassle free. No receipt needed, full packaging isn't required, and sometimes they will do a refund or exchange years later. Chances are you won't need to return a product, but it is nice to know that you can just in case. A top notch store, maybe even the best of its kind. And the annual membership fee is well worth it! For a very low income family like mine we aren't wasting money on disposable garbage merchandise that costs more in the long run. So it is a smarter place to shop for everyone."
Costco,2016-03-31,5,"Fantastic shopping experience. I love coming to Costco, so much to get in one purchase."
Costco,2016-03-30,5,"My favorite place to shop. Has just about everything, and plenty of it."
Costco,2016-03-29,5,Costco is hands down the best. What other store sends you free samples to use and take. I am seriously glad for the existence of this store :)
Costco,2016-03-29,5,"Amazing store, so much to choose from. With such a huge selections, and the bulk that comes with it, it is definitely a one stop shop."
Costco,2016-03-29,5,"Fantastic experience at Costco. It has been really good shopping experience here, huge product selection, and decent prices."
Costco,2016-03-29,5,"Good for all of your bulk needs. The store is usually clean, and the customer service is very good."
Costco,2016-03-29,5,Good shopping for your bulk needs. It is a really good place to buy everything you need.
Costco,2016-03-29,5,"Great source for bulk products, I have never been disappointed in coming to Costco."
Costco,2016-03-28,5,"I've been a member since they were Price Club. I tend to spend more than I intended because they have such wonderful bargains for big ticket items. Their return policy is excellent and they are always helpful, friendly and accommodating. My only disappointment is that they are switching from American Express. Love this store."
Costco,2016-03-27,5,Great for your bulk purchases! So many things to choose from and great prices.
Costco,2016-03-25,5,"I feel very confident buying from Costco, because I know I have buyer protection and costco will always serve the customer! Recently, we purchased a trip to St. Lucia through costco. I will let you know how that goes! We leave in October 2016."
Costco,2016-03-25,5,"Man, if you want to save money. Join this membership and use them. I use them mainly for my bathroom supplies and Basic Grains, you buy them in bulk and the cost per lb. is less than what you would get at shoprite!"
Costco,2016-03-25,5,"Great for buying in bulk, the people are usually friendly and there is so much to choose from."
Costco,2016-03-25,5,"Great place for your needs. The customer service is usually good, and you can find just about anything here."
Costco,2016-03-23,5,"Excellent customer service! Hate to return things, but if I ever have to, they never bat an eye. We spend plenty there and nice to feel appreciated. Great quality also"
Costco,2016-03-22,4,"Most of the items I bought included delivery in the posted price, though I did not like how they use ""business days"" as it is very deceiving when I failed to notice the small prints and was late for a birthday present. Why would they use M-F while they open pretty much 7 days a week?"
Costco,2016-03-20,3,"Costco does have good prices... and good hot dogs... but why do you need a membership? They say that's how they make their money... but that's impossible. They make money selling their grocery products, just like any other store"
Costco,2016-03-19,1,Costco use to be great place to shop with great Prices! Not any longer! Costco is very expensive and Membership is Insane HIGH! Quit Costco after 18 years!
Costco,2016-03-19,5,"Always great prices on very good products. They have good buyers and always bring quality. Easy to return if needed. I hardley need to, but if I do, I can count on their great return process. It always makes it easier to take a chance on buying something that you may be unfamiliar with. Only wish they did not get rid of the AMEX contract. I hope that doesn't hurt them too bad!"
Costco,2016-03-19,4,Good company. Long time association. Product is good. No one is in the store to guide you for any thing. Staff is not friendly
Costco,2016-03-18,5,I order supplies for our office on here. And I ordered my bed on here. They delivered and set up my bed for free!
Costco,2016-03-18,3,"Make sure that you know your prices... Unless something's on offer, you can usually get it just as cheap, if not cheaper elsewhere."
Costco,2016-03-18,5,"I love using Costco, can buy just about anything, and there is so much of it!"
Costco,2016-03-17,5,"I recently became a member of Costco. I don't have the need to buy many things in bulk, but after realizing Costco is so much more than that I joined. I love the rewards. Incredible company."
Costco,2016-03-16,5,Love costco. Now even get my ink cartridges refilled here. Thank god for costco. Savings all the time
Costco,2016-03-16,5,I've never had an order go wrong with Costco. I've ordered everything from shampoo to printers to carpet cleaners. Returns are simple -- I take it back to the store. Always a satisfactory experience (unlike some other large online shopping sites).
Costco,2016-03-15,5,Ordered a laptop because they extended the manufacturers warranty. Didn't get the protection package they offered from another company because the company had horrible reviews. Price was the best I found came with in the days.
Costco,2016-03-14,4,"Always shop here for fruit, chicken, fish, others."
Costco,2016-03-14,5,"Incredible place, I always get in & out The prices are ok, for small items, Nice little lunch counter, And Friendly staff in all departments. The parking lot leaves little to be Desired, It's a Maze just to turn around and exit, Get your parking validated, though I don't know why they need to do this,,, people only use this Confusing parking lot to try to shop at Costco. Lol"
Costco,2016-03-13,5,You can always find something different in Costco.
Costco,2016-03-11,5,Good quality products mainly in bulks not money saving for small families or if you gonna buy everything there. I just select bargains. And the membership fee is my main problem. So sometimes I can't be bothered renewing it.
Costco,2016-03-09,5,Quick and always stand behind their service and products
Costco,2016-03-09,5,"As any Costco customer knows, it's value, great employees, and a (usually) great shopping experience that keeps us coming back. Besides the cheap hot dogs. :)"
Costco,2016-03-08,5,Love costco love their prices too. Never a problem ever!
Costco,2016-03-07,5,We've been going there for a number of years. Always great service. Never ordered online from them. They have a good rating Kirkland dog food that my dog loves. Great for when we need larger amounts of something.
Costco,2016-03-05,3,It's just too busy. I have a full-time job and am unable to shop in the middle of the day. Their hours make is such that these isn't really an off time and therefore a miserable shopping experience.
Costco,2016-03-03,5,Very awesome that you can order a special rib roast and have it flown fresh from Japan really nice
Costco,2016-03-03,5,"It's sure good to know that some big companies still offer great customer service - satisfaction. Seems no matter what I purchased if for some reason, and it could be I just simply changed my mind about the purchase, they have offered me the exchange or refund - no hassles! Thank you Costco!"
Costco,2016-03-03,5,"Great place to buy in Bulk, I come here once a month and I am good for six months worth of household goods."
Costco,2016-02-28,5,I have saved a lot over the past 10 years with my membership. Still the best pricing if you have a family and buy in larger quantities.
Costco,2016-02-28,5,"I buy all my staples once a month, bread, chicken, dog food and much more."
Costco,2016-02-23,5,"Great for your bulk buying needs. I don't know if you need 120 rolls of toilet paper, but if you do this is an easy place to get it."
Costco,2016-02-23,5,"I recently purchased my daughters Wedding photographs through Costco! Amazed at how easy the upload process is and the prices are the BEST! Poster board, canvas, and every size you want! I LOVE costco!"
Costco,2016-02-22,1,"Big scam, why pay for a membership there if the deals are not that great."
Costco,2016-02-19,5,Through the site for which I think is one of the best experiences ordinary user can have.
Costco,2016-02-18,1,"I spend more than one Hour waiting to renew my membership, with all my things in my cart to finally go home with no food."
Costco,2016-02-17,5,"Usually has the best prices, but if you wait for sales, sometimes the items ship for free!"
Costco,2016-02-16,5,Only problem is parking. Too many people shopping.
Costco,2016-02-12,5,They offer great things! Great prices! Can eat and drink in the store!
Costco,2016-02-11,4,Costco is the best for produce and meats in the west coast. They rank #4 of ten in a recent survey that put Safeway and Lucky at the bottom two. Publix at #1. But you have to serve yourself and finding items is a challenge as they keep shuffling the shelf offerings so one never knows where things are in the store.
Costco,2016-02-12,4,"They have good deals, that's a fact. Alcohol, food, home, recreational, has prices, all that jazz- I do the research of the product. Costco does well with their discounts and variety. I only wish there were more types of meat to choose from and a little more knowledge of where the meat and vegetables are from. That's why I gave it 4 stars."
Costco,2016-02-10,5,I hate the warehouse atmosphere but other than that this place has great prices and good samples. I find they have good quality meat
Costco,2016-02-09,4,"Costco is great, but each store is not the same. So you need to find the Costco that works for you. If you have that availability. The quality in meats is definitely there and pricing is good on meat also. Frozen fish items are a bit boring, I would like to see frozen tuna steaks and some other items you cant find elsewhere. Clothing is value priced, but basic. Great pricing on contact lenses."
Costco,2016-02-09,4,Not only the service is good. They are the one who help me choose a baby stuff :)
Costco,2016-02-07,3,"Wish they would keep the items they advertise in stock. They promote an item, you like it and buy it, just to find out the next time, just a couple of weeks later you shop there it is no longer available."
Costco,2016-02-03,5,"This is great for bulk quantities of groceries, at relatively cheap prices."
Costco,2016-02-03,3,"As a loyal Naperville, IL. Costco member, I get SOOOO dang frustrated with the way the store manages it's product inventory. Items are here today... gone tomorrow. And why does this occur? Well, according to store management, decisions NOT to reorder particular items is always a function of low consumer demand. Bull S**T! Examples are: 1. Campbell's Soup makes a tomato basil soup in a bulk pack. I could tell by the lower inventory during my weekly shopping trip that this was a popular item. Disappeared off the shelf. Reason? Low Demand! BS! 2. Costco stocked large containers (3+ pounds) of Philadelphia Cream Cheese. This sold out fast and never returned. Instead, Costco stocks a jumbo box containing 6 or 8 individual 8 oz. Packages. The large contains are much more consumer friendly... where did they go? On the shelf and offered once... then disappear? 3. Tobacco Hot Sauce. My local Costco does not stock this popular brand but 1 day a full pallet showed up. I stocked up and within 2 weeks the pallet was empty... On the shelf and offered once... then disappear? 4.3-pack Boursin Cheese. This popular product was available all year and the store occasionally ran out of stock but it was quickly replenished... then one day ""poof"" it disappeared. What's interesting here is that the product was back in stock of the Thanksgiving/Christmas holidays... but now... it's ""poof"" again. Discontinued due to low consumer demand? Highly unlikely! Listen to your customers, Costco!"
Costco,2016-02-02,5,"I'm usually an in-store Costco shopper, but recently an associate told me to look for a discontinued flavor of one of their products online at the website and behold it was there AND ON ONLINE ONLY SALE! Ships extremely fast to the house, never any issues with packaging, and they even send an email alert when the shipment has arrived at your house. My notification came less than 30min from when the package arrived. Highly recommended."
Costco,2016-02-02,4,Fairly nice products! Wegman's is edging them out with their high quality food products.
Costco,2016-02-01,5,They have the best selections of candy during valentines day season.
Costco,2016-01-29,5,"Costco rocks for the opportunistic shopper! They have great deals and the deals aren't always the same, but that's ok because it's worth so it!"
Costco,2016-01-29,5,Very compatible price with good quality of the product. But each package is too many and cause consumer spend more than ordinary store. If Costco break a small size to purchase more easy and able to frequent to come back.
Costco,2016-01-28,5,A loyal customer fan here finally getting around to posting a review online. Hope this is the best place. This membership saves me more money than any other preferred shopper list/email/text club there is.
Costco,2016-01-26,1,Been on customer service line for over 1 hour and 15 mins to no success tryin g to geta dishwasher bought a month ago but now not working properly replced. It is outrageous to call this customer service.
Costco,2016-01-25,4,"Like any other bulk grocery store, Costco has its issues though minor. I've never been disappointed with their food or merchandise. You have to know what you're buying, especially single item vs. bulk."
Costco,2016-01-25,4,"Purchased a steam iron from them, shipping time was great. Good quality product at the cheapest rpice from the market!"
Costco,2016-01-23,5,Love this store so affordable this store meet your needs I love this store affordable customer service is great kudos to this store
Costco,2016-01-22,5,I always buy my electronics from Costco. If I have an issue there is never a problem returning the item. The online store is a great way for me to get items when I don't have the two hours to drive to the store. I love a store I can trust and that has the best customer service of any store I have ever been to.
Costco,2016-01-23,5,"A great place to shop and above all, good choice of goods and the price structure in commendable."
Costco,2016-01-23,5,"Seriously, anything. Great stuff at decent prices but the real win is that you can return anything, after any amount of time, in any condition, with no receipt (exception: some electronics) and they wont even ask you why you want to return it. Personally, I'm honest so I don't abuse their policy but I've heard some stories. When I've had to return anything myself I've had zero issues and it's one of the biggest reasons I shop there."
Costco,2016-01-19,5,"Ordered online once from them, great service, fairly prompt in delivery of item which was large..."
Costco,2016-01-18,5,"Sometimes they can be really great, sometimes the shipping is a bit slow... but I like them."
Costco,2016-01-14,5,"I admit, I come out of Costco loaded up with stuff I didn't come to buy, but on balance, my family has saved hundreds of dollars a year, mostly on food, vitamins, cleaning products, and office supplies."
Costco,2016-01-13,5,Can't beat the warranty. Best produce possible. Can't think of a bad thing.
Costco,2016-01-12,5,"This chain of club retailers is the best of its kind. Their products are top of the line and the stores look neat and clean. The fresh department and the meat department are very clean, open to the view of the public and the staff is very friendly. But they are expensive and keep charging more for memberships."
Costco,2016-01-05,5,Love this place! The selection of wines and organic foods and household items at this place not to mention the quality on all their items never ceases to amaze me! I have been their customer for decades now and never even once did I have a bad experience.
Costco,2016-01-05,5,We shop at Costco all the time. We buy everything from paper products to fresh meat. We love buying in bulk so we don't have to shop so often. We pay less than half for many items. The savings are terrific and the quality is good. They have the best steaks on the island. Don't know what we'd do without them.
Costco,2016-01-03,5,If you shop in bulk it is great. Good workers and lines move right along.
Costco,2015-12-31,5,"Great quality, great return policy. That's why I always shop there and bought stock in the company!"
Costco,2015-12-31,5,I love this place because there very friendly and I never had a problem with them. I love getting my coffee for $11.99 for a big can so much cheaper.
Costco,2015-12-29,4,"Costco has the best prices when it comes to printing photos, and they make it easy to do it online and pick up at the store"
Costco,2015-12-29,5,"Their products are great and they stand behind everything they sell. They also pay their employees living wages so you see the same smiling people their for years. They are the best for taking things back as well. They are the Anti-Walmart, Anti-Amazon"
Costco,2015-12-29,5,The lines can be long at times but well worth the effort
Costco,2015-12-28,1,"All of the food I purchase at Costco spoils right away. Costco beats up their vendors so badly. That great return policy doesn't affect Costco because they build in those returns with their vendors, and the manufacturer eats those. So you pay for the luxury of getting an abundance of product that spoils quickly! Membership fees keep this company floating, and they mark up the skinny prices they make manufacturers sell to them for a 30% profit guaranteed... great concept for a greedy company... Those free samples are not at the cost of COSTCO but the manufacturer and the company that samples them to you is also owned and operated by Costco and they charge the companies an arm an leg and hire people at minimum wage that don't care about the manufacturers bottom line... big racket, can you say Communism?"
Costco,2015-12-24,4,The prices here are great. It's also super easy to return stuff and Costco has the cheapest gas in town! Just don't go on the weekend or it is packed.
Costco,2015-12-24,5,I order my things online because my pictures are all on the computer and the site is easy to use and I get emails when my products are ready
Costco,2015-12-24,1,"I HAVE ALWAYS BOUGHT CELL PHONES FROM TMOBILE. THIS PAST YEAR I DECIDED TO BUY A NEW PHONE FROM THE BOOTH IN COSTCO OAKBROOK, IL! I WAS ADVISED THAT THE NEW SAMSUNG 6 WAS BETTER THAN THE IPHONE 6. I PURCHASED THE SAMSUNG. TO MAKE A LONG STORY SHORT, I HAD TO TAKE IT BACK ABOUT 8 TIMES; WAITING A LONG TIME, EACH TIME, TO SPEAK TO A SALESMAN. ON THE 9TH VISIT, THE TMOBILE REP STATED THAT HE WAS HEARING THAT MY LATEST PROBLEM WAS BECOMING COMMON; erasing emails and links only to have them reappear over and over again. I ASKED IF I COULD JUST SWITCH TO THE IPHONE 6 SINCE I WAS ETERNALLY REVISITING THE COSTCO PHONE BOOTH. I WAS TOLD THAT THEY WERE NOT A TMOBILE STORE OR COSTCO... THAT I HAD USED THE PHONE FOR 2 WEEKS SO I COULD NOT RETURN IT. I THEN SPOKE TO THE COSTCO MANAGER. I HAD PURCHASED THE EXTRA INSURANCE AND PHONE. COSTCO IS GREAT IF YOU NEED TO RETURN ITEMS AND I THOUGHT THEY WOULD BE JUST AS GREAT ABOUT THIS CELL PHONE WITH A MILLION PROBLEMS. THEY WERE NOT. I WAS TOLD THAT THE PHONE BOOTH WAS INDEPENDENT OF COSTCO AND THAT IF THEY WOULD DO NOTHING, COSTCO WOULD DO NOTHING. I WAS ADVISED TO MAKE A VISIT TO A COSTCO CORPORATE STORE! IT WAS PASSING THE BUCK TO THE HILT! THERE IS NO SIGN AT THESE BOOTHS STATING THAT THEY ARE INDEPENDENT OF COSTCO AND THAT NEITHER COSTCO OR THEY WILL ADDRESS A PROBLEM AFTER 2 WEEKS. THE COSTCO IN BOLINGBROOK IL PHONE BOOTH, WHICH I HAPPEN TO BE NEAR ONE DAY, DIDN'T EVEN WANT TO HELP ME ONE OF THOSE 9 TIMES BECAUSE I DID NOT PURCHASE THE PHONE THERE. UNLIKE THE OAKBROOK STORE, THE MANAGER OF THAT STORE DID HELP ME TO EXCHANGE THE PHONE FOR A NEW ONE. SINCE OAKBROOK COSTCO WOULD DO NOTHING, I WENT TO THE TMOBILE STORE. THE MANAGER THERE STATED THAT THEY WOULDN'T BE ABLE TO HELP AS I HAD HAD THE PHONE FOR MORE THAN TWO WEEKS AND DID NOT PURCHASE IT THERE. AFTER MUCH DISCUSSION, THEY DID GIVE ME AN IPHONE IN EXCHANGE FOR THE SAMSUNG 6. I NOW HAVE TO PAY MORE MONTHLY. I ALSO DID NOT GET THE DEAL I WOULD HAVE GOTTEN AT COSTCO. I WAS LEFT WITH A $40 SAMSUNG CASE AND NOT EVEN A CAR CHARGER. I WENT BACK TO OAKBROOK COSTCO, THE MANAGER I SPOKE WITH THIS TIME, WAS EXTREMELY RUDE AND WAS TRYING TO GET ME TO LEAVE SO HE WOULD NOT HAVE TO ADDRESS THE ISSUE. HE REFUSED TO REINBURSE ME FOR A CAR CHARGER AND CASE. HE PASSED THE BUCK TO THE PHONE KIOSK WHICH PASSED THE BUCK BACK TO COSTCO. AT ONE POINT I ASKED FOR HIS NAME AND HE GOT UP AND SAID LOUNDLY THAT HE WAS NOT AFRAID OF MY THREATS. HOW IS ASKING WHAT HIS NAME WAS AT THREAT? AFTER MUCH UNPLEASENTNESS, HE DID GIVE ME A CASE, PROTECTIVE GLASS AND A BATTERY CHARGER. I AM STILL STUCK WITH THE EXPENSE OF A CAR CHARGER, PROTECTIVE CASE AS THE ONE GIVEN WAS BLACK AND HARD TO FIND IN A PURSE OR WHEN I PUT IT DOWN AND HIGHER TMOBILE BILL. I WILL NEVER BUY A PHONE AT A COSTCO AGAIN. NO ONE STANDS BEHIND IT. ALL THAT IS DONE IS PASSING THE BUCK AND YOU ARE LEFT WITH MORE EXPENSE THAN IF YOU HAD JUST GONE TO A TMOBILE STORE. I AM VERY UNHAPPY WITH THE WAY I WAS TREATED BY THE TMOBILE KIOSKS AND THE OAKBROOK COSTCO. LIKE I SAID, BEWARE OF WHAT YOU ARE GETTING INTO WHEN YOU BUY A PHONE FROM COSTCO. NO ONE THERE STANDS BEHIND IT. I STOPPED BY THE COSTCO PHONE KIOSK AGAIN IN OAKBROOK TO ASK IF COSTCO OR THE KIOSK WAS RESPONSIBLE FOR ITEMS BOUGHT THERE. THE FELLA STATED COSTCO WAS. I HAD HIM WRITE IT DOWN AND SIGN HIS NAME. WHEN I SHOWED IT TO THE MANAGER, HE LOOKED CONFUSED AND SAID NOTHING."
Costco,2015-12-23,4,"I've always been a fan of costco. They're a little slow on the shipping part from time to time, but overall really good experience. So far have not received any damaged items, only knock on them is sometimes they do sell cheap quality stuff, but I normally take it into the warehouse to return it."
Costco,2015-12-23,4,"Let's face it, sometimes purchases just don't work out. I've always found Costco to be great for returning things, even without the original receipt. They'll take the time to look up your shopping details in their system for the proof of purchase. Just great!"
Costco,2015-12-24,3,The first time I went there I was really impressed by the prices and how big it was but now I am getting disappointed because the membership fee is too expensive and the workers never smile and they just look at everybody to check if they hide something in their pocket or bag. Sometimes it's just insane and I feel too much pressure. I wanna buy there to save some money but sometimes I just don't wanna go to Costco anymore.
Costco,2015-12-23,5,"Been purchasing stuff in the stores and online for years. All the items are quality and if you don't like them, you can return it to the store. A1!"
Costco,2015-12-21,1,The online shop is very shocking. The Avalon furniture set I ordered was never delivered. I waited four weeks. The call centre was poor. There was no apology. They were happy to cancel the order rather than help us. I can't believe they are having such a poor service. Please don't buy online from costco
Costco,2015-12-20,1,Tried to use photo computer to order pics. The computer kept getting stuck. Asked for help. Lady grudgingly looked at computer. Pushed continue and left me to CONTINUE TO GET NOWHERE. After 1/2 hour gave up. I have now given up on COSTCO!
Costco,2015-12-18,5,Great for your bulk grocery needs. Heck half of the time I just come to wonder around.
Costco,2015-12-18,5,Great place to find whatever your heart desires in bulk quantities.
Costco,2015-12-18,5,Costco in my opinion is better than Sam's for one very good reason... the upper management hasn't come out on national news for being racists.
Costco,2015-12-17,5,"Love, love Costco! Great food prices and name brands, really good prepared meals too."
Costco,2015-12-15,5,"For some things, like high-end DSLR cameras, it is important to be able to use a product that you are planing on spending $3000+ on for a reasonable length of time. Costco's return policies on electronics are very good. Also, their prices are so close to the bottom-feeders that I always buy the product in the category I'm shopping from them, even if it isn't the one I originally selected."
Costco,2015-12-16,5,"Best place to make food shopping! Always fresh, always best price!"
Costco,2015-12-13,5,"Great prices, great deals, great selection. Can't beat their prime beef and seafood prices!"
Costco,2015-12-07,3,"This place is good is if 1. You buy lots of things. 2. You have space to store those things. 3. You consume a lot of things. If not, the membership is a turn-off."
Costco,2015-12-04,5,Costco is a first choice for most of our family shopping. Great selection of organic groceries for a good price. Their no question Return policy is amazing and their staff is always helpful and smiling.
Costco,2015-12-04,5,This is where I shop for most of my goods the food is of a very high standard as is everything the store provides
Costco,2015-12-02,5,Not the cheapest store but their quality is excellent.
Costco,2015-12-01,4,"I mostly like Costco. I like their tasting service because I can try before I buy... and discover new things (frozen food, sauces, snacks). I almost always buy things I taste there. I buy all my paper goods and gasoline there. I have bought major electronics there. I would like them to keep Guinness in stock. I'm glad Fiber Bars are back in bulk. I sometimes get vitamins. I don't buy clothing, except slippers. There is no where to try things on and no mirrors. I would buy fresh food and other items if in smaller packages. Sometimes I split with a friend."
Costco,2015-11-23,5,"I love Costco; not only for their great products, but also their personnel policies. Fair pay, good benefits. WalMart should take a lesson."
Costco,2015-11-18,3,I Love Costco for certain items only. The items that they have with the best prices are very good however not all items some things are still way more economical at Sams...
Costco,2015-11-17,5,"I love to shop Costco.com for my vitamins, supplements and non-perishable foods. They have good prices and always free shipping. I bought a supplement that had a funny smell to it so I took it back to the store and they gave me a refund right away. They have some of the best prices on just about everything."
Costco,2015-11-13,5,"Cost-Co is good to have. Going to Cost-Co is like and adventure. Depending on the season will depend on what you will experience. They have food sample tasting, which is a great idea, tasting something before you buy it. They have traveling shows from art work to jewelry to furniture. You name it they sell it! I buy a lot of dry goods from them, which store well. I have been a member for many years and plan to keep it that way."
Costco,2015-11-11,3,"Shipped my item on time. Shipped it in the original packaging so the person the gift was for could see what it was on delivery. It was not a large item and should be been boxed. If I'd have had to return it the original packaging would have been damaged by labels and such and nobody would have wanted it as ""new"" anyway. Big company. No common sense."
Costco,2015-11-08,5,They always have the best prices and pretty good selection. My family goes there every week for their amazing deals.
Costco,2015-11-08,5,"I come here to bulk up on lots of groceries at great prices and they've never failed to amaze me with what they have new at every visit. I always enjoy their pizza and their chocolate covered vanilla ice cream after you checkout. Mmmmm, yum."
Costco,2015-11-08,4,"Good values there. However, I have started shopping at bargain grocery stores and am getting better buys from them on food."
Costco,2015-11-07,5,So much value and amazing service. The people there are so helpful!
Costco,2015-11-07,5,Love shopping Costco in store and online! They have great products and prices. The store is always clean and well stocked.
Costco,2015-11-06,5,My mother likes their extended selection of lotions.
Costco,2015-11-04,3,"Costco has some excellent deals, but it is important to understand the prices and products you are shopping for or you'll spend more for them then if you shopped elsewhere."
Costco,2015-11-03,5,They have great prices and selection and the best return policy. Their membership is definitely worth it.
Costco,2015-11-01,3,Don't shop there often. Don't like buying a whole lot of same product at once and their orders are usually bulk size.
Costco,2015-10-30,5,Our company purchases many great items from Costco. Buying in Bulk does help you save a great deal of money!
Costco,2015-10-29,5,Recently I bought a dress in blue color. That is very good. Fabric and color are very pure. I never could get this amazing blue color ever.
Costco,2015-10-26,5,I ordered two rugs from Costco and the quality and price were well above what I expected. I was very pleased and will not hesitate to order from then again.
Costco,2015-10-24,5,"But you have to know your prices... sometimes they have made for Costco models, but they are usually good quality. And you can't beat their return policy"
Costco,2015-10-24,5,Sometime I wish they had better deal as they use to but still its a good place
Costco,2015-10-24,5,"My wife and I have been loyal Costco shoppers since Costco was once called Price Club. Their selection of items is noteworthy and the quality is always there. The ONLY items that we don't purchase at Costco is their clothes, only because of sizing issues, but the clothes they sell are of good quality."
Costco,2015-10-20,5,"Not always the best price but variety not always good. However, Costco has great procurement department so you know the quality is better. Wonderful return policy on most items. Return anytime, no questions asked."
Costco,2015-10-20,5,Love costco! Anything wrong with your item full refund no questions asked! Best quality food and home items!
Costco,2015-10-20,5,"I love Costco! Besides having wonderful prices, you can be sure that if they stock it, their very consciencious buyers have done a fabulous job of making sure it is of excellent quality, and is well priced for what is offered!"
Costco,2015-10-13,1,"I ordered etickets TWICE, the first order was cancelled unbeknowst to me, and it took 4 hours! I missed 2 movies. I called them 3 times. The 3rd ""representative"" basically refused to let me talk to a supervisor saying the supervisor can't process my order any faster. After 20 minutes on hold, it turned out the supervisor could get my etickets in 15 minutes. Surprise, surprise! By then it had been 4 hours later so i just wanted a refund. I complained about the lack of information provided by the 3 other reps ans how much time i wasted in waiting for these tickets and what an inconvinience it was. All the supervisor said and did was ""i'm sorry you feel that way."" that was sunday. Today is tuesday. I have 2 charges for $39.99 that i am still waiting for. WORST. CUSTOMER. SERVICE. EVER!"
Costco,2015-10-10,5,We have on occasion ordered things from Costco as we are members. We have been extremely pleased with their products and services.
Costco,2015-10-07,3,"Options at Costco are more deluxe, but day-to day stuff is cheaper and quality is fine at competitor"
Costco,2015-10-05,5,I love going to Costco and discovering the new things they have. I also appreciate their return policy. They have never dissappointed me.
Costco,2015-10-06,5,I just wish they'd bring the J&J organic whole fruit juice push ups back to our lacol farragut location. They were delicious
Costco,2015-10-02,5,The whole experience was very easy! And I received my stuff very quickly.
Costco,2015-10-01,5,They are simply the best! One tire we had a difficulty so they replaced all 4 tires.
Costco,2015-09-30,4,"I love going to my local Costco because every time I am looking for something or need an associate, they are always extremely helpful. They always can point out deals if I forgot my flyer or cant get service enough to pull it up on my phone. Diapers - BUY DIAPERS HERE. Seriously, 180 diapers in size 5 is only $42. That right there was enough to get my membership."
Costco,2015-09-28,5,"The Coscto in Prescott went so far as to call the store in California to get the problem sorted and and gave me a free year, because if the hassle. (I didn't even ask.) High marks."
Costco,2015-09-28,5,"I love the quality Costco has, every item I have ever purchased has been excellent quality. I once got an automated call in a recall and they gave my money back on this perishable item."
Costco,2015-09-25,5,Great selection of products. And I was very satisfied with my last visit there. I would give them 5 stars all day long.
Costco,2015-09-23,5,You can find some great items here in bulk. Highly recommend for shopping for everything from food to electronics.
Costco,2015-09-21,4,Good products but they are getting more costly every time a return.
Costco,2015-09-20,5,Everything I have purchased shows up super fast to my door and is as promised.
Costco,2015-09-20,5,"Costco has done their research. Cost control savings are actually passed on to customers via lower prices than the other box stores. Instead of keeping the cost savings for higher profits and inflating the Suits annual bonus checks, Costco understands we want lower prices. Not the forced smiles & hand holding required of the underpaid employees of Wal Mart, Sams, etc. We, the consumers, will recognize your efforts and continue to help Costco grow, as long as the Greed factor remains neutralized."
Costco,2015-09-16,1,$#*!ed website online sales. Makes you go in twice to place your order. Makes it confusing and not reliable. Manager and sales associate says they can't do anything about it which is a piece of crap. The whole online ordering is a piece of crap. Will never order from Costco again.
Costco,2015-09-13,3,"I cant say im a fan of Costco. Costco's online site is not very polished and is sort of clunky. The website still doesnt acknowledge the store in my area even though it has been there for about one year. The Costco in my area is super small and at best carries half the selection of some of the costco stores in other areas. I would rather shop the competition. Compared to my local store, the competitions selection is so much better and the prices are competitive."
Costco,2015-09-12,5,It cheap and affordable to everybody. Customer service is just great. I shop at Costco every single time.
Costco,2015-09-11,5,"Yes, the lines can be long, but it's a God send for my wife and I. Everything we need, and lots of it. If something needs returning, which is Very rare, there is no hassle there as well. Love me some Costco! Great store for about anything under the sun!"
Costco,2015-09-11,5,"Always a pleasure shopping at Costco. Love the check end of year for being an Executive member, not to mention the extra 1% from Capitol One. Costco do have large packs, but they also have individual items at a great discount. Very seldom do I see an off brand displayed there. Always first quality. Their returns are positively worry free."
Costco,2015-09-11,5,"Good customer service, lots of choice and great prices... only down side is you must buy in volume... not always an option for me."
Costco,2015-09-08,1,"I recently bought a roast chicken from Costco and was not satisfied with the quality- The chicken had too much fat, and was not fuly cooked in a few places where it was a pinkish colour. It was a very disappointing experience and concerned that Costco sells chicken of this quality."
Costco,2015-09-05,5,We live in Mexico most of the time and really enjoy the Costco here. Just like in the US. People are helpful and many are bi-lingual so you can get help.
Costco,2015-09-04,4,Anything and everything for a small to big family at affordable price
Costco,2015-08-27,4,Using Costco since 2007 and love them for there service and value for money.
Costco,2015-08-20,4,I ordered a piano and arrived fast and safe. I love Costco! Only problem is they charged sales tax even thou no stores in my state
Costco,2015-08-18,3,"Costco is okay if you happen to live near one. I think they should base membership Prices on Zip Code. Specifically, if you more than 40 miles away, they should give you a membership at 50% off. That would bring them more Customers!"
Costco,2015-08-18,4,If you know your prices can find some good deals but be cautious.
Costco,2015-08-08,5,Always seems to be a great place to purchase quality goods. Costco puts together quality and ads quality you purchase. They always add perks for their members to add quality to the items they sell.
Costco,2015-08-08,3,"If you have some type of business or a large family, buying groceries from Costco in bulk would help, otherwise it would be a waste of foods. We stop shopping at Costco for 2 reasons: 1) membership rate has gone up in the recent years; 2) The Cashiers think they are doing us a favor instead of appreciating our business. Their customers skils are unprofessional and they need to be re-train or re-educated that ""Customers are always right"", although they are not always right. And never- ever to argue with the customers after all us customers are the one who paying for your salary, not directly but indirectly. Hope this helps."
Costco,2015-08-08,4,"I like shopping at costco for fruits vegetables, for computers etc. They never let me down for services and quality. All the time i got fresh fruits and vegetable too."
Costco,2015-08-07,5,This is my first year being a member (didn't think it was worth it as a single household). Really enjoy so many of the products and the savings. The quality of the fresh foods is amazing. Will continue to be a member!
Costco,2015-08-07,5,"I love both of my new computers. Costco is the best place to pay a reasonable price on better computer than you will find anywhere else. More memory, more functionalities!"
Costco,2015-08-06,5,"This is the best company I have ever dealt with. Not only are their products great value but Their return policy is hassle free. You dont even need your receipts because they automatically keep track of all purchases. The beat all return was one I made recently of A product I had for 5 months. That dept. had closed, and I really did need it anymore. I took It to Costco, thinking because of the timespan, they wouldnt make a refund but they made a Full refund! A friend of mine returned something after 3 years and got a full refund. Wow!"
Costco,2015-08-04,5,Love this place. They have lots of organic foods and great deals.
Costco,2015-08-03,5,"Great service, products, and save a lot of money. Have to be careful and not buy too much, though."
Costco,2015-07-30,2,I can't believe they actually make you pay to shop there. Who wants to do that?
Costco,2015-07-28,5,"I Love Costco. Where else can you buy items that you know are priced only 15% over cost? That is Costo's business ethic. They are a union company with living wages, benefit packages, etc., so they respect their employees enough to do them right. They sell pretty much everything. The only down side is if you live alone, buying in such bulk isn't rational. So maybe you can just buy yourself a 50"" LED smart TV! Seriously, there are a lot of good buys, plus you can stay out of the store altogether and enjoy frozen yogurt for a song."
Costco,2015-07-26,5,"Never a glitch when ordering from them. Fair prices... good svc/ Just need a brick and mortar store here in Little Rock, AR."
Costco,2015-07-26,3,Good volume deals! Downside is having to devote significant time. That sometimes makes it difficult. But overall it's good with good people!
Costco,2015-07-18,5,"I have been a Costco member for years. Their return policy is by far the best I have ever found. If you are not satisfied with your purchase, they fully back their guarantee! I have bought not 1, but 2 of the same water coolers in their store. The first one started leaking after 6 months. I returned it and they gave me back my money and we bought a new one. We repurchased the same brand (wish we hadn't) and low and behold, this one too started leaking and rust happened underneath the cooler. They took it back after we had it for a year. I gave up on that water cooler company, but am thankful that I can rely on Costco to back their products when things go wrong!"
Costco,2015-07-15,5,We have always shopped here because of the great prices and return policy.
Costco,2015-07-15,2,"Far too disorganised. BJ's on the East Coast and Sam's on the west are far better. They label aisles and you know where to go for what. Costco is just 'WHEREVER THEY PUT IT, GOOD LUCK AND HAPPY HUNTING'"
Costco,2015-07-15,4,I really like Costco they good quality products the only thing is that no shopping bags at the end of trip. You have to put your groceries in boxes on take them straight out in your basket. Maybe you don't want the whole would to see what items you purchased. Overall I would go back because they have great products and customer service.
Costco,2015-07-15,5,"5 Stars to The Ultra Slim Tower Fan Combo product. Very pleased with fan settings and functions, including the ability to set the hour timer. The Ultra SlimTower Fan Combo product has the ability to keep a room cool in three digit heat with freshcool air flow. It also has a function to rotate cool air around the entire room at a perfect temperature and control. This is a major plus to this product. So pleased with the product already suggesting this product to others. This product was received as a sample to review."
Costco,2015-07-14,5,"I have been dealing with Costco for several years. Their return policy and extended warranty in TVs can't be beat or at least hasn't been beat yet. I recommend Costco for TVs and computers. Nice to be able to ""test drive"" a product long enough to know it is right with no pressure."
Costco,2015-07-13,5,"I have really been pleased with Costco for home and work items. I especially enjoy online shopping with them. I have some great shelving units and furniture. I am a regular buyer of their medicines, supplements, cat food, and school supplies."
Costco,2015-07-13,1,I just recently found out that their eggs came from the farm who misteated the chickens. Check youtube to see from the news.The thing is Costco knows about it but they dont do anything. That is sad.
Costco,2015-07-04,2,"They really need to update their store hours online because it's wrong for the Orland Park, IL Location I drove all the way to the store because online it said open until 6pm on Sunday and I got there at 530pm and it was closed."
Costco,2015-07-02,5,"Mmmm great selection, always well organized. I only wish they would carry a better selection of coffees."
Costco,2015-06-27,5,It is always a pleasure going to Costco and looking at all they carry and things I want to buy and things I can buy.My first experience with Costco was in Fla and it was so exciting to me and still is. Keep caring the good stuff Costco.
Costco,2015-06-21,4,"Online they are great. Can't tell if the $12,80 item price would be at the store though... do I go find out or just buy here? Hmm."
Costco,2015-06-20,5,I always thought costco food would taste like it cost but it does not
Costco,2015-06-16,4,I have a Costco close to me. Me and my mom always go there to buy in bulk. It is a very nice store. I wish it did not need a membership tho.
Costco,2015-06-15,5,"Freshest fruits and vegetables, some great shoes, clothing items and reduced prices of items they placed on sale, I am so pleased with this membership! Even though we are a household of two, their paper towels, antibacterial cleaning wipes (better than my Lysol wipes), and even their toilet paper are great values!"
Costco,2015-06-13,4,"I have purchased a few things and I got them in a reasonable time. Bought a laptop and they had to tell China to build it and then ship it over. If you need a computer quickly, go elsewhere."
Costco,2015-06-14,5,"If there is a product you like on Costco.com, it takes only a few days for them to deliver it and if you're not satisfied, they will take it back, no questions asked. If they have a 'coupon' on an item, they deduct that automatically from the online price!"
Costco,2015-06-12,5,"Costco is great for big families, big group, businesses etc. I've been a Costco member for I do not even know when. I only had one issue with returning a HP color printer, which is a review of HP in itself later. They handled this return so poorly but I looked other way because they are great with many many other things. I do not know why you wound Not be a member. It pays for itself in membership. The only thing I can think of the negative is you waste a lot of food because of their huge portions. But that is only a problem for a small family or single user. For them, Smart and Final and other discounted grocer may suit better. I go to Costco for their return customer service. I say they are some unscrupulous customers who return stuff that they should not. Because it is unethical and just plain theft to use something and return it after. I wonder how much we the good consumers pay for that practice. But I am sure Costco is making money and I am glad they are an option where I can shop."
Costco,2015-06-10,5,Love this store and return policy - never a bad decision to buy from Costco.
Costco,2015-06-09,5,Great place Costco. They have lots of all you need. Lots of items with sheer size that may not be finished by a single or two person household. Always check the stock around holidays as there are great deals and this is THE best place to get food and gifts. Birthdays rock too.
Costco,2015-06-07,4,I love Costco --I have saved so much money for my family!
Costco,2015-06-07,4,"I've never ordered from them online, only in store. The lines can be insane, I highly avoid weekend shopping. I can't stay away from their bakery section, and who can say no to a giant birthday cake for under $20?"
Costco,2015-06-06,1,"I have tried three times now! I have never before been told by a site after I ordered something that my order has been canceled! Not only do I put this stuff in my budget, but I expect it and plan around it! Do not use this site if you are not a COSTCO member! You will get F'ed!"
Costco,2015-06-07,5,"My son eat tons of food, cause he have that crazy bodybuilding dream, so I buy tons of food there, from beef to cans, all as bulk and their are amazing."
Costco,2015-06-01,5,I love shopping here... just make sure u have a truck... I always leave that store with so much stuff.
Costco,2015-05-25,2,"COSTCO, although it offers sets of things in large quanities, it does sometimes not give you very many choices as far as Brand products. Sure, they have a lot of products, but there are some things that I am very Brand-loyal about. If COSTCO does not carry MY BRAND, I am not going to buy it. They have a very good selection of fresh fruits and vegtables, bread, chicken, beef, salmon, and etc. Their hot chicken section is great. They often offer free samples of various foods. They make them taste so good, that I really want to go buy them. When I get to the freezers and look at the ingredients in these delicious items, I am dismayed to see that the products have way too many unhealthy ingredients in most of them. They are usually mouth-watering, but I have been ill, and I have to be very careful what ingredients I eat. However, I like certain kinds of juice, and generally, as a rule, I cannot buy them at COSTCO. Their Electronics Section is fantastic! Their section for books or games is also fairly broad. They have a limited selection in the Gardening Section. I am NEVER happy with their available choices for OTC Meds, clothes, and frozen products. You have to pay for your membership; COSTCO carries a limited amount of Brands; and you cannot use just any method of payment. For this single woman, usually it is only worth the time and effort for me to go to COSTCO, for fresh food and any large office equipment I need to buy. It really is not worth the Membership Fees. PLUS, even though I was only away from my car for 15 minutes, my purse was stolen from my car that was parked in the COSTCO parking lot. Thumbs DOWN!"
Costco,2015-05-25,3,"For volume buyers it's an advantage. But it falls short on quality product and current business modelling; eg: the absence of ORGANICS. More of an overrun, failed lines, and returns store."
Costco,2015-05-20,5,"The title says it all. This review is nothing but praise for the warehouse giant. If you need it and Costco has it, just buy it. You won't get a better price anywhere else whether it be for medical prescriptions to food to consumer electronics. Yea, I know... I'm not sure that I need a gallon of mustard either. I get it, and to fix that problem, I just don't buy mustard (or anything else in such quantities that I won't use) at Costco. You know what I mean... Worth mentioning, I've never had a problem (returns...) over the last decade to where I needed to contact Customer Service, but anyone I know who has worked with CS has always returned happy. That's a good thing! One minor nuisance, my wife doesn't mind, but I hate the long checkout lines... and they are ALWAYS long in my opinion... uggghhhh 8^)"
Costco,2015-05-20,4,You can tell that Costco's bread and butter is--and always will be--their physical stores. The online shopping experience could use some UX re-design.
Costco,2015-05-19,4,"Costco has saved me tons of money over the years, and I love shopping there for just about anything, although food is my main purchase. Their customer service is excellent, and their employees are both knowledgeable and ready and willing to assist. Great experience!"
Costco,2015-05-19,5,10!
Costco,2015-05-16,5,I enjoy Costco just as much as Nordstrom. This is like taking a kid to the carnival. I go mad in this place. Lol
Costco,2015-05-14,5,While we use to live close to Costco we moved to a remote location so it was wonderful to be able to order products online. Simply order processing and quick delivery.
Costco,2015-05-12,5,"Excellent products, great customer service, a happy employees because it is a great place to work. We've eve bought cars through Costco-almost over the phone, w/no sales push at all-genius. Now, I'm told they offer get rates on rental cars. A great, great company."
Costco,2015-05-09,5,"Costco is a go to warehouse shop for our family. Quality foods and items at a low price. Memberships pay for themselves only after one or two visits. Monthly sales help shoppers save even more money. Costco brand ""Kirkland"" is great and often better than you think they will be. Meats are fresh, wine is delicious, and breads are super yummy!"
Costco,2015-05-07,4,"It's better than Staples, and you get huge discounts just on almost anything."
Costco,2015-05-05,5,"If I can buy everything here I will. The only thing I dont like is some product is such too much, if you have big family that may work, I don't like waste."
Costco,2015-05-04,5,"Have been a member of Costco since its beginning. A great place to shop, with a wide variety of consumer goods, great foods, pharmacy, optician, photo lab and more. Spacious aisles, friendly staff. The only downside to Costco is that there is not one register where a shopper with only a few items may go to pay and leave quickly. Even with a few items one must stand in long lines with shopping baskets filled to the top in front. Costco needs to have at least one quick check out line."
Costco,2015-05-03,5,"I have never been unhappy with anything I have purchased from Costco, I have 100% confidence and prefer to purchase my electronics from Costco because they offer an additional 12 month warranty through their Concierge Service! Their customer service is the best!"
Costco,2015-05-02,5,"I seriously love so many things about Costco. I've had a membership there for at least 10 years. The quality of their products is fabulous. However, if something does not work like its supposed to I never worry when I make my purchase there. They have the best return policy no questions asked. I will buy things there just for that reason alone versus another store, but the prices are usually unbeatable when looking at more expensive items too so it's an all around win to buy there. Even though you pay for the membership the savings at their gas station alone are worth the price of the membership. Will be a customer for life!"
Costco,2015-04-28,5,Ordered product at a great price and it was shipped quickly. The product works as it should. Love it! I will order from Cosco again.
Costco,2015-04-27,5,"If it's not right, they've always fixed it (for me)."
Costco,2015-04-25,3,"I remember costco, as a kid. Sadly their not the best prices for electronic devises anymore. Also, sadly, their bulk use to be in blulk and had pronominal prices. Current day costco, the couple that ive been in doesnt seem much different than a supper walmart and they have the lower prices. However, the assortments are pretty nice, and they do have the lowest gas prices. However again, i dont find either worth a membership fee, as a consumer gas card results in even cheaper prices, which can be used at local arco, bp, or cherveron stations. As also if you redeem cash purchases for fuel in a texaco station, you get the flat rate, and that cant be beat. Where anything less than 3.00/g premium quality fuel, that is what i am going to buy."
Costco,2015-04-24,5,I do a lot of business with them and their very good.
Costco,2015-04-23,5,"Awesome. The price of one prescription from a major pharmacy was 112 dollars. At Costco is was 26. Seriously. It was 26 dollars. (Actually I think it was 25 and some change). There is one other pharmacy that has comparable prices (major competitor) but outside of that store this is the least expensive pharmacy I have ever encountered. I haven't noticed any difference in the medication they offer and they seem very efficient. Overall, I am very impressed!"
Costco,2015-04-22,5,"The only down side is that if you are set on a particular product, you may be disappointed. It may be, in your opinion, the best product on earth, but the buyers at Costco can wipe it off the map. Trying new products all the time is a hit and miss. Mostly hits but throwing out $20 worth of food can hurt."
Costco,2015-04-21,4,"Costco uk... good value but it's a pity they don't have a website that shows the prices of items in stock. Some of their ""deals"" can be bettered elsewhere but when it come to the quality of their meat, they are second to none."
Costco,2015-04-18,4,"I shop there on a regular basis. The only problem I have with them is I go to buy a few things and walk out with half the store LOL Returns are a breeze, they didn't even haggle when I couldn't find my receipt"
Costco,2015-04-14,4,"My only real complaint is the long lines and parking lots. Defiantly not worth going for one or two items. Love their Pizza & hot dogs, but again not worth going just for that."
Costco,2015-04-14,5,"Great savings if buying items bulk. Also, food is good and have sample days to try it before you buy in stores."
Costco,2015-04-10,5,Everyone is always helpful at Costco's and prices are the best. Always go there when having a party.
Costco,2015-04-10,5,I like shopping at Costco for their fresh fruits and vegetables.
Costco,2015-04-10,5,"There is so much at Costco.com that is different from the warehouse. It's a whole treasure hunt all on its own. The prices are fabulous and shipping is very fast. For big items, the delivery service has been great about being in contact before they come the house."
Costco,2015-04-08,1,"I don't run an orphanage or a camp or have a family of 20 therefore do not need a vat of mayonnaise or a 50 Lb case of pickles. I refuse to pay an annual membership fee for the twice yearly need I may have for 6000 rolls of toilet paper. Sorry, buying unhealthy, processed items in bulk does not work for my family."
Costco,2015-04-07,5,Don't judge the book by it'a cover. All I'm saying!
Costco,2015-04-07,5,"We live on a small island so are thrilled to have our own CostCo. We buy most of our food at CostCo, as well as office supplies, clothes, and other items."
Costco,2015-04-06,4,"Since you cannot try and buy, it is great that if what you buy does not work out, the return process is hassle free."
Costco,2015-04-06,5,I BELONGED TO COSTCO WHEN I LIVED IN NEW YORK I USE TO COME INTO NEW JERSEY SHOP IN COSTCO AND GO BACK HOME TO NEW YORK I AM SO GLAD THEY HAVE COSTCO IN NEW JERSEY NOW THAT I LIVE HERE.
Costco,2015-04-05,3,"I don't like the membership price, it's better with master card... Not enough of organic foods, some prices are still too high, especially for big packages"
Costco,2015-04-05,1,"If you own a business, then this store is for you. For daily house shopping. I suggest stick to local super markets as it will not save you any money and you will end up overshopping."
Costco,2015-04-05,4,"Love costco for party foods. Makes less work for me when we have nice sizes party. Dips, All types of beverages, Finger foods. Love it. BUT if your are buying food for the house, stay away from the bulk fruit & veggies... several times they have spoiled very quickly."
Costco,2015-04-03,5,.
Costco,2015-03-31,5,"I love CostCo for many reasons, but mostly because of their amazing warranty on everything. I got a GREAT deal on CARPET through them, printed business checks & used them for travel - all great experiences. Love the food selection & awesome sampling on Saturdays allows to try before buy - another way to get us hooked! Best thing is that ALL STAFF seem KNOWLEDGEABLE & ABLE TO HELP - have never had an employee say ""I don't know..."" because they usually do. This is a NO-HASSLE place."
Costco,2015-03-31,5,Did ask my xmas doing via Amazon last year and saved myself loads of time and hassle... great shopping everything arrived on time.
Costco,2015-03-27,3,If I have a party of need a lot of stuff it is a good option. I would like to go there more for regular needs like groceries but it becomes an event since the parking lot is always full and lines are long. There needs to be more people in returns because it is almost not worth it to return an item with lines that long.
Costco,2015-03-26,4,Large cheap place to shop with good quality stuff. Staff could be more friendly although most of the customers are business owners and sometimes think their poo done stink. So will give staff a break.
Costco,2015-03-25,2,Why no one bothers to pick the call? Please fix it!
Costco,2015-03-24,5,"90 days to have the computer in your home with absolute right to return it (before 90 days) without any questions if displeased. After settled in w/ your computer, Costco offers a ""concierge service"". If something goes wrong, you contact the Costco concierge service, and an assigned agent will contact the manufacturer for, and with you, to assist in speedy and complete closure. You simply can't beat that!"
Costco,2015-03-24,5,"It's always an adventure going to Costco. But you have to be in a good frame of mind when you go there. If you're not in the mood to deal with some crowds, then better not go. But it's amazing how they can get so many huge carts full of stuff through the checkouts so quickly! They really do a great job of hustling and making it easy. Great meats, too. One of the few places I've seen that actually carries ""Prime"" grade meats. Returns are quick and painless, too. Love this place!"
Costco,2015-03-23,5,"I appreciate all the organic produce and meat. When I want a good product at a great price, I go to Costco."
Costco,2015-03-20,5,"Costco is always the cheapest, but not at the expense of great service. They pay their people well, and maybe that's why their customer service is consistently good... anywhere you go."
Costco,2015-03-20,5,Costco is always our first place to buy quality at quantity.
Costco,2015-03-19,3,"You need a business card to shop here, and prove you are a business... then you get great deals"
Costco,2015-03-18,2,"I have been purchasing glasses for years at Costco, never had problems with my lenses until I replaced maybe in another year or longer. I noticed recently in the past year starting 2017 a big difference in the quality. My lenses were showing scratched with in 4 months, a speckled film. They replaced the lenses once on my Raybans as a courtesy but the second pair started to show scrtches and this speckled film in about 4 months again. Be aware when pauying their low cost vs other stores they are using some inferior quality of polycarbonate. I have another pair wering just as much and no scrtaches on them, same use and cleaning had them for a few years."
Costco,2015-03-16,4,"I have had no problem with Costco. Other than paying 50.00 for a membership and the fact they won't take a credit card you have to have cash or debit card they are okay to shop at. They are a bit overrated, but I go once a month just to buy paper and cleaning products. Their Kirkland brands have great quality. Don't buy a lot as you have to buy in such large bulk it often is not feasible for a family of two."
Costco,2015-03-15,5,"I'm addicted to your free food samples, especially around 4th of July :)"
Costco,2015-03-10,5,"Their products are always same as what they described. Their shipping speed is better than Canada Post. Their customer service is beyond excellent. I once had to return $900 diamond earrings because one of it didn't latch properly at the back. There was no hassle, no questions."
Costco,2015-03-10,5,"Costco is were we go to get everything will ever need, I mean who doesn't love shopping at Costco. I'd move in if they let me. Great Prices, Value for your money and customer service is second to none. I absolutely Love it here and if you haven't tried a Costco near you, now is the time!"
Costco,2015-03-07,5,"Love Costco. The products, prices and ease of shopping are all reasons we are Costco members. I book rental cars, fill prescriptions, purchase tires, buy wine, produce, furniture and flowers at Costco. The selections are fantastic and the competitive bulk pricing saves us a ton of money. Returns are easy. It's a great place to shop."
Costco,2015-03-07,5,"With most of the big discount stores, often you have to put up with ""less than wonderful"" customer service, but everybody just deals with it because the prices are so good. But COSTCO seems to have the lowest prices AND nice employees --- HOW COME OTHER STORES DON""T DO THIS?"
Costco,2015-03-06,5,"Costco treats its customers (and, we hear, its employees) very fairly. The products they stock have been carefully assessed, and they stand behind the purchases. The contrast with Walmart on all these matters is stunning."
Costco,2015-03-06,5,"I really love that they always have free shipping unless otherwise stated. I have ordered food, vitamins, clothes, electronics, ink and many other items from them. They have super fast shipping and always send an email notifying me when it ships. If anything I get the items sooner than expected... never later."
Costco,2015-03-05,5,"Love Costco, expecially their fresh produce selection. I like the variety of things they offer. Am dissappointed by too many items made in China. I like very much their Kirkland brand. Good value for the money."
Costco,2015-03-04,4,I have been a member of Costco for 20 years and really love the variety especially at Christmas. I have returned 1 item over the years and had no problem. I do think the membership is getting to high.
Costco,2015-02-27,5,"I picked up the 6300 at the Costco roadshow. We do tons of smoothies for our kids (because one hates this, and one hates that, I can throw it all in the blender and call it a day, and they drink it happily). I had been debating whether or not to get a Vitamix or a Blendtec. This machine just seemed like a better deal overall."
Costco,2015-02-25,5,Best day is Saturday when you can lunch on free food samples! Good deals and excellent choices. The berry sundaes at the cafe are wonderful.
Costco,2015-02-23,5,"Reading all reviews here about Costco, I just remember one of my best experience ever with Costco. I bought a Samsung Smart TV on Costco USA when I was there. Now, came back home, try to use it, internet does not work at all and several other functions. Now, I do know if I just go on any Costco in Canada, they would accept back and give my refund, no question ask. I happen to me before. In this case, I want to keep the dam TV, the price was almost half of any retailer here in Canada and I love the picture quality, just need to figure it out what was wrong with it. Phone them, they gave me a special Samsung's phone number for Costco Member, and this is for almost all their product, it's exclusive line. No other retailer have that. Phone Samsung, they refuse to help me, saying that my TV does not provide Warranty in Canada because I purchased in US. Phone Costco, the lady apologized and me to wait. She phoned Samsung and they said the same thing, her answer: He's a Costco costumer, let me talk to your supervisor. She personally took the issue on her hands. Got back to me and said, if they don't phone you and find out about the problem, this is my personal extension, don't hesitate to call me. They never called, after 4 day, I call her back. Again, she apologize and call Samsung again. She was not happy and she said to them that she would personally stay on the phone with us and follow everything to make sure they would solve the issue. To make short, for some reason my tv was set as if I was in Asia, so, it alway was in conflict with my router and yes, it took over two hours for them to finally find the issue, but stay all the way with us. At the end she ask me: Did they fix all your issues, is there any thing else? Samsung costumer care really sucks, but good thing I buy all my electronics at Costco, as soon I mention that I purchased at Costco, they change the way they deal with me. Terrific Costumer Service."
Costco,2015-02-20,4,Service is mostly good. Return policy is among the best. Portion is too large. Waiting is too long. Pricing is not always the best. Parking is overly crowded.
Costco,2015-02-17,5,Costco has the best value for the online shopper: we consistently get good coffee and the best prices on electronics from Costco. Shipping is fast and secure.
Costco,2015-02-16,5,"If you are buying a printer or things along this nature, this is a great place to get it. Great price, lots of extras usually and if you need to return it, no questions asked. This is the Nordstroms of the big bulk stores!"
Costco,2015-02-15,5,Doesn't get any better than Costco... it's my favorite place to shop
Costco,2015-02-14,5,Costco is a great store. Sells good products and stands behind them. I have shopped there for years and am very satisfied.
Costco,2015-02-13,5,I ordered some Notebook machines with Costco and received in a couple of day with perfect packing and quality. Highly recommended.
Costco,2015-02-13,4,Used it more when I had a business but still good buys to be had.
Costco,2015-02-11,4,"You must shop, but sometimes the items are really a good buy, Some not so much. Food is always exceptional. The parking area where the carts are should have a sign that States DO NOT LEAVE CHILDREN OR PETS IN THE CAR"
Costco,2015-02-10,5,"Costco is the best. You cannot beat them. I can always get almost everything I need in bulk for cheaper than buying small quantities in other stores. They have samples which are just the best. They are usually friendly and have great customer service, and they are starting to get a wider variety of natural and organic products which I love."
Costco,2015-02-10,5,"No one beats Costco on customer service! Have shopped with them my whole adult life and they are generally unmatched for quality products and a decent value and totally stand behind all products they sell. I shop both in the warehouse and online, excellent processing and shipping speeds and practice."
Costco,2015-02-08,3,"We stocked up for a party using Costco and I really couldn't tell the difference in price compared to Walmart, still a nice store but not a great deal of savings involved."
Costco,2015-02-07,5,"We went in to shop for food and I encountered the Verizon concession were we stopped and talked with a representative named DALIA. She told us that by upgrading with them not only would my wife and I receive a new Samsung Galaxy S5 plus a charger, earplugs, car charger, and a electric plug for the house and of all things we would receive $600.00 ($300 each person) from Costco in a gift card and Verizon would send us a $200.00 check. This is all promotional. We walked away with 2 new phones and all the above and Dalia showed me how to transfer my apps from the old to the new phone and it all worked out with no problems. It was worth taking the time to find out about all this. We then went on to go shopping for our foods. What a day. Costco on Route 9, you will find Dalia. She was so nice and I told her that I would tell everyone about her and how she made everything work for us. Go see Dalia at Costco on Route 9, New Jersey, tell her Stuart sent ya. Good Luck, I know you will be happy."
Costco,2015-02-06,5,:)
Costco,2015-02-06,5,"Mostly good, produce items are sometimes really good and other times really bad. Great place for purchasing reasonably priced drugs for those medically self-insured individuals turning down the unaffordable Obamacare ""healthcare"" plan."
Costco,2015-02-05,5,"Buying in bulk has always been my kind of style, exactly why costco is my kind of store :)"
Costco,2015-02-04,5,"Costco is a big company that manages to still do things well. Good products, good quality, good options, and sometimes you can get an amazing deal. A three-story cat-tower for $70? Yes thank you."
Costco,2015-02-03,5,"I love Costco. The savings are huge on most items and average on the rest but everything in the store is priced less than anywhere else. The thing I like the most is their awesome no hassles return policy. Their attitude toward returns in my local store is ""if you don't like it, it's our fault and we are very sorry that you weren't completely satisfied""."
Costco,2015-02-03,5,Love this store wish there was one closer to my house!
Costco,2015-02-03,5,"I do love Costco, but mostly in-store. I have tried to use their online site, but with most larger items I think it's easier to go into the store and see what's up before buying."
Costco,2015-02-02,5,If you are looking to buy bulk and save this is the place to go!
Costco,2015-01-31,4,"The only thing that bugs me here is the crowds, but you can see why, quality is good and can be relied on even if not the cheapest you always get good value as the quality is good. Obviously you have to have a big family/freezer/be prepared to buy in bulk!"
Costco,2015-01-30,5,"Have ordered several items. Great prices, great quality."
Costco,2015-01-29,5,"Wonderful place to shop bulk but not in huge quantities, great customer service, awesome gas prices."
Costco,2015-01-29,5,Costco is our family's favorite place to visit when shopping. The prices are obviously unbeatable and the small kioskes serving you tasters just seems like enough reason to keep me as their client. It did also push me to buy some of the products they made me taste. Keep doing what you're doing Costco!
Costco,2015-01-28,4,I love the return policy and the unique products you can find.
Costco,2015-01-27,5,Great quality products and so many choices. Prices are average and great service. Buying bulk is a good thing.
Costco,2015-01-23,5,"I use their online photo service exclusively. SO convenient to order online and have my orders mailed to my house or available to pick up - my choice. The mailing service is super cheap and fast too. I've also bought some big ticket items online and was really happy with the prices (of course), the quality (of course) and how fast everything arrived."
Costco,2015-01-23,5,Yay... we finally have Costco here in Australia! There are some great products at a great price and i think it is worth joining (however helps if you have a big family. Even when the store is really busy the checkout process is better than many of the local supermarkets here (they are more helpful). I would support local companies if they offered the service and concept the Costco has (i. E. bulk items at discounts) but there does not seem to be any real competition to them here in Australia.
Costco,2015-01-23,5,"Great customer service. The best meats and produce. Never an exchange or refund problem, with or without a receipt."
Costco,2015-01-20,5,"The best part, the quality of cuts in the meat department. The tough part, saving up to stock up. It's hard to make it out in under 2 or 3 hundred dollars!"
Costco,2015-01-14,4,"The only drawback with Costco is that they do not take into account the handicapped or elderly. There are many things I would love to order online at Costco, but many of the products they carry in the warehouse, is not listed online. For example, their Kirkland bottled water."
Costco,2015-01-14,5,Always a great experience with Costco.! Online shopping or in store shopping. Great quality always. I highly recommend Costco online shopping :)
Costco,2015-01-13,5,"Prefer to shop there in person, but their service is great and fast."
Costco,2015-01-13,4,"Again, this is America at it's best. But Costco has to not keep their customers waiting in line. Faster check out and These guys get a 5 star"
Costco,2014-11-09,5,"Can always find what I'm looking for and you cannot beat their return policy. I will pay more for an item from Costco knowing that if it fails or is unsatisfactory, I am able to return it without much hassle."
Costco,2014-09-22,5,Love this place. Everything is clean and well organized. Their return policy is unbeatable!
Costco,2014-09-20,4,All of the bulbs I bought at costco for summer were duds. They took them all back but this is the second year in a row the big $14.95 value bags were not worth a penny. All of them did not sprout. Not pleased..
Costco,2014-08-29,5,"Costco is great for a reason that many other retailers now fail to understand. Costco is hitting on all cylinders for the traditional retail attributes of product, price & service. It is truly a worry-free shopping experience from all angles. They carry high quality products that are priced super-competitively and have generous return policies when products don't perform as expected. There is a reason why Costco attracts such a high % of high income shoppers.\ We've purchased our last three TVs at Costco and will be purchasing any computers or electronics there without shopping other retailers."
Costco,2014-05-06,5,Very reliable website. Great for all kind of shopping needs. Never had any kind of bad experience or issues. Ordered a wrist watch which was cheaper compared to other places. Really gud for saving money.
Costco,2014-01-26,5,Great for stocking up on things or if you have a party etc! The prices are great. Been a member for 8 years and always had a great shopping experience and excellent value for money.
Costco,2013-12-30,1,I ordered Gift basket for client gifts for Christmas - delivery was promised 3-5 days with plenty of time for delivery - double checked on Dec 28th and discovered they never even shipped the gifts. Customer service offered no help and was quite the hassle and delay to even get a refund. I will never use them again.
Costco,2013-12-16,5,What you see is what you get. Very straightforward and honest site. No complaints.
Costco,2013-12-15,4,"I bought a self supporting clothes line (kind of an inverted umbrella on a stand) from Costco's wholesale website. The site was easy to use and entering keywords brought up a good selection including comprehensive details and specification. I had no real trouble with navigating the checkout procedure though I'm relatively new to on-line shopping. Their prices were significantly lower than other on-line outlets. The product arrived on schedule and I was notified at each step of the shipping process. I have not had any reason to purchase anything from Costco since August, but I have no reservations about doing so in the future. Though there is always room for improvement, my experience was very positive."
Costco,2013-10-15,4,Look out for current sales! The new food section is the best!
Costco,2013-08-21,5,ORDERED SEVERAL NOTEBOOK COMPUTERS WITH NO ISSUE. YOU HAVE TO PAY TAX AND SHIPPING THOUGH. YOU CAN TRACK YOUR STUFF SINCE IT SHIPS UPS. I LIKE THAT I CAN GO TO THE COSTCO DOWN THE STREET AND RETURN IT IF I DON'T LIKE IT.
Costco,2013-03-04,1,"Disappointment with two different web orders in 2012. Basically the online product description were incorrect and misleading. In trying to help Costco i took the time to write reviews but costco never posted them even though the review met with their costco usage policy. Also writing to their customer service was useless, they never responded. Also read many users complaining about costco been biased and cherry picking the reviews on their web site (so don't purchase based solely on the costco reviews!). Coincidentally found two different set of reviews for the exact same product. Basically I can only guest that when a product doesn't sell, costco changes the product number and clear all previous review! I saw it first hand with the Paderno 12 pcs Copperline cookware."
Costco,2013-02-21,5,I really love shopping at this site. Costco give me the biggest variety and the best prices available on almost every item. The have a great return policy if for any reason the product you buy you don't like. I have recommended it to many of my friends.
Costco,2013-02-21,4,Good shop. It's not the best but I found what I was searching for. This company has fast and save order delivery
Costco,2014-10-29,5,I buy everything from Costco. Customer service is fantastic there.
Costco,2013-01-19,1,"One of the worst customer experience I had in my life time. I ordered a Cash Card from them online which took months to reach me after multiple resends and follow ups. When it finally reached me, I was told that the card is inactivated and my money is refunded to my account. The customer support team didn't not know about it and I almost spent 2 months with multiple calls, mails which made me loose my cool, mental peace etc for nothing as eventually speaking, its as good as Costco refused to give me a cash card! The reason I say this is that they tried to send it multiple times but always at incomplete address and finally when they managed to send one, the card was a closed card and whatever I paid was refunded almost before the card even reached me!"
Costco,2012-12-11,4,"I am very pleased with Costco and find their prices reasonable. Their selection is not good, and there are times when you cannot buy the same product because they keep switching their inventory. Costco is no bargain for fruits or vegetables. I was extremely disappointed to find that some of their fruit in plastic single serve containers were from China where there are no controls. I called corporate headquarters and they told me that they visit China and inspect the production of fruit. I highly doubt that this is the truth and suggest that you always look for the country of origin for your food."
Costco,2012-10-28,5,Always great service and great products and never any hassle on returns.
Costco,2012-07-28,5,They just added great label/office supplies; paying too much at staples for our plumbing business
Costco,2012-04-27,3,"The website is good, just the shipping is kind of slow. I order some vitamin, which take 1 week for shipping."
Costco,2012-01-13,3,"Great to use if you have a huge family, but can be very expensive for just my husband and I."
Costco,2011-09-22,5,I saved over 70% what walmart was charging me check them out
Costco,2011-08-10,5,"I have ordered two items from this website: (1) a Deluxe Tub and Transfer Bench, when I was released from a skilled nursing facility--following a short rehabilitation, with PT and OT (physical therapy and occupational therapy)--due to a serious foot injury and (2) a 42"" Philips 1080p LCD [flat screen] HDTV, during my continuing a Physical Therapy rehabilitation at home with a wheelchair, crutches and a walker. Until I could walk again, I enjoyed many Major League Baseball games on a new HDTV. Both times I received FREE SHIPPING--even on the heavy HDTV--and an ONLINE $200 REBATE on the HDTV. Emails confirmed both internet orders and both shipping dates with a UPS tracking number. Everything worked without any hitches, and I was quite pleased with the merchandise and the customer service. Otherwise, I have been a regular customer at my local Costco warehouse, where I quickly upgraded to an Executive Member during my wife's and my first year as a Costco family. Our annual rebates from both Costco and American Express paid for the membership fee, plus more, each year. We noticed quickly that cashiers remained the same from month to month; Costco treated them well, so a reduced staff turnover meant consistent customer service. From Michelin tires to currently bestselling books to fresh fruits or vegetables, we've never been disappointed. If a clothing item proved to be sized incorrectly or a special sale item failed to satisfy, then the Return Desk always credited my American Express Costco credit card--without any questions or hassles. We have never been dissatisfied with Costco! I forgot to mention gasoline sales with a staff member available; licensed opticians for prescription eyeglasses; the full pharmacy; and the fresh, locally-baked breads, cakes and other pastries. (Everything you need and want can be found at Costco.)"
Costco,2011-06-21,5,I do all my shopping here it is a great store. I love there fresh baked goods.
Costco,2011-05-11,5,I love Costco. I have been a member for many years and never had any kind of problems with them. I do find that you have to watch yourself when your in a Costco or shopping on Costco.com because of the great selection of products and good deals you can easily find yourself with a big bill to pay. A lot of Costco's Items are in bulk so you need to make sure you need a large amount of something before you buy it. Otherwise I think Costco is great.
Costco,2011-03-16,5,"Costco's pharmacy is awesome. The price of one prescription from a major pharmacy was 112 dollars. At Costco is was 26. Seriously. It was 26 dollars. (Actually I think it was 25 and some change). There is one other pharmacy that has comparable prices (major competitor) but outside of that store this is the least expensive pharmacy I have ever encountered. I haven't noticed any difference in the medication they offer and they seem very efficient. Overall, I am very impressed!"
Costco,2011-01-07,2,"It's frustrating that this is essentially a completely different business than the local stores. Different products, prices and you cannot return to the local store (unlike Target). When you talk to them they are quick to tell you that they are different businesses but they should re-think that. As a consumer, the same name is on my credit card when I buy there, and I have a set of expectations built from my local shopping experience. But the online store is sterile and cold in comparison of their customer service."
Costco,2010-10-20,4,"Costco's online pharmacy is quick and efficient. The cost of my prescriptions is about 80% less compared to my neighborhood pharmacy. My emails are always answered right away. The pharmacy mails from Washington state and I am on the east coast, and my prescriptions always arrive sooner than expected."
Costco,2010-07-24,5,Just wanted to point out that costco probably has the cheapest all around pharmacy ever. I have yet to find a place that has cheaper generic drugs than costco online.
Costco,2010-07-20,5,"I've been recommending Costco pharmacy for nearly 10 years to family, friends, co-workers, health care practitioners and persons waiting in line at queue at the bank, post office and grocery store. Costco has consistently, reliably, promptly, accurately and economically filled and refilled my prescriptions that entire time. I'm vastly more satisfied and impressed with Costco than Walmart, Walgreens, CVS/Albertson's, Safeway or Target. The generics they provide are consistent for years at a time, avoiding the variations and issues that can arise among generic manufacturers. Fulfillment is much faster than promised. The claimed processing time is 4 days, with 6-day shipping at no additional charge. Products consistently arrive in 5 days total, occasionally less. Prices are competitive with any online supplier, and usually lower than any of the brick-and-mortar pharmacies."
